dim: 256 x 105 x 207
axis=2 slice=19

5.704	5.677	5.651	5.627	5.604	5.584	5.564	5.546	5.530	5.516	5.503	5.492	5.483	5.475	5.470	5.466	5.463	5.463	5.427	5.381	5.317	5.254	5.193	5.134	5.077	5.022	4.970	4.922	4.875	4.830	4.788	4.750	4.713	4.681	4.654	4.633	4.618	4.605	4.597	4.596	4.598	4.603	4.613	4.627	4.640	4.656	4.672	4.686	4.687	4.690	4.698	4.708	4.717	4.730	4.744	4.759	4.773	4.789	4.809	4.831	4.855	4.881	4.909	4.941	4.975	5.012	5.048	5.088	5.130	5.173	5.220	5.269	5.320	5.343	5.344	5.348	5.353	5.359	5.368	5.378	5.390	5.404	5.419	5.436	5.454	5.475	5.496	5.520	5.545	5.571	5.599	5.628	5.659	5.691	5.724	5.759	5.795	5.832	5.871	5.910	5.951	5.993	6.036	6.080	6.125	6.171	6.162	6.115	6.070	6.025	5.981	5.938	5.897	5.856	5.814	5.770	5.727	5.685	5.644	5.604	5.566	5.529	5.488	5.447	5.407	5.369	5.332	5.296	5.262	5.228	5.190	5.153	5.118	5.085	5.053	5.023	4.993	4.959	4.927	4.897	4.868	4.841	4.816	4.790	4.762	4.735	4.710	4.688	4.667	4.648	4.625	4.603	4.583	4.547	4.501	4.459	4.412	4.366	4.321	4.279	4.240	4.203	4.160	4.119	4.081	4.045	4.014	3.981	3.943	3.909	3.880	3.857	3.827	3.795	3.769	3.750	3.732	3.704	3.682	3.666	3.652	3.634	3.617	3.603	3.594	3.585	3.571	3.561	3.559	3.550	3.543	3.542	3.539	3.535	3.536	3.536	3.535	3.538	3.539	3.541	3.543	3.547	3.550	3.554	3.559	3.567	3.577	3.591	3.604	3.620	3.636	3.642	3.646	3.654	3.662	3.672	3.681	3.693	3.708	3.723	3.737	3.753	3.771	3.792	3.814	3.839	3.865	3.894	3.926	3.961	3.998	4.035	4.076	4.117	4.161	4.207	4.256	4.301	4.306	4.312	4.321	4.330	4.341	4.355	4.372	4.389	4.408	4.430	4.454	4.479	4.507	4.537	4.569	4.602	4.638	4.675	
5.674	5.647	5.621	5.597	5.574	5.553	5.534	5.516	5.500	5.485	5.472	5.461	5.452	5.444	5.438	5.434	5.432	5.431	5.395	5.349	5.285	5.222	5.161	5.102	5.045	4.991	4.939	4.890	4.844	4.799	4.757	4.718	4.681	4.649	4.623	4.602	4.587	4.573	4.566	4.564	4.566	4.571	4.582	4.596	4.609	4.625	4.641	4.654	4.656	4.659	4.666	4.676	4.686	4.698	4.713	4.727	4.742	4.758	4.778	4.800	4.824	4.850	4.878	4.909	4.944	4.980	5.017	5.057	5.098	5.142	5.188	5.238	5.289	5.311	5.313	5.316	5.321	5.328	5.337	5.347	5.359	5.373	5.388	5.405	5.424	5.444	5.466	5.490	5.515	5.541	5.569	5.599	5.630	5.662	5.696	5.731	5.767	5.804	5.843	5.883	5.924	5.966	6.009	6.054	6.099	6.145	6.122	6.075	6.028	5.983	5.939	5.896	5.854	5.813	5.770	5.725	5.681	5.638	5.597	5.557	5.518	5.481	5.438	5.397	5.356	5.318	5.280	5.244	5.210	5.173	5.135	5.097	5.062	5.028	4.996	4.965	4.934	4.899	4.866	4.835	4.806	4.779	4.753	4.726	4.697	4.669	4.644	4.621	4.600	4.580	4.555	4.533	4.513	4.493	4.447	4.403	4.354	4.308	4.263	4.221	4.182	4.142	4.098	4.057	4.019	3.983	3.952	3.915	3.877	3.843	3.814	3.791	3.757	3.726	3.700	3.680	3.659	3.632	3.610	3.594	3.580	3.559	3.543	3.528	3.519	3.508	3.494	3.485	3.482	3.472	3.465	3.464	3.460	3.456	3.457	3.456	3.456	3.459	3.459	3.462	3.464	3.467	3.470	3.475	3.480	3.488	3.498	3.512	3.525	3.541	3.557	3.562	3.567	3.574	3.583	3.593	3.602	3.615	3.629	3.644	3.658	3.674	3.692	3.714	3.735	3.760	3.787	3.816	3.848	3.883	3.919	3.957	3.997	4.039	4.083	4.129	4.178	4.222	4.227	4.234	4.242	4.252	4.264	4.278	4.295	4.313	4.333	4.355	4.379	4.406	4.434	4.465	4.497	4.532	4.568	4.606	
5.646	5.619	5.593	5.568	5.545	5.524	5.504	5.486	5.470	5.455	5.443	5.431	5.422	5.414	5.408	5.404	5.402	5.401	5.366	5.320	5.255	5.192	5.131	5.072	5.015	4.961	4.909	4.860	4.814	4.769	4.727	4.688	4.652	4.619	4.593	4.572	4.557	4.543	4.536	4.535	4.536	4.542	4.552	4.566	4.579	4.595	4.611	4.624	4.626	4.629	4.637	4.646	4.656	4.668	4.683	4.697	4.712	4.728	4.748	4.770	4.794	4.820	4.848	4.879	4.914	4.950	4.987	5.027	5.068	5.112	5.159	5.208	5.259	5.281	5.283	5.286	5.291	5.298	5.307	5.317	5.329	5.343	5.359	5.376	5.395	5.415	5.437	5.461	5.486	5.513	5.541	5.571	5.602	5.635	5.669	5.704	5.740	5.778	5.817	5.857	5.898	5.941	5.984	6.029	6.074	6.121	6.083	6.035	5.989	5.943	5.898	5.855	5.812	5.771	5.726	5.681	5.637	5.593	5.552	5.511	5.472	5.433	5.390	5.348	5.307	5.268	5.229	5.193	5.158	5.120	5.081	5.043	5.007	4.972	4.939	4.908	4.875	4.840	4.807	4.775	4.745	4.717	4.691	4.662	4.632	4.604	4.579	4.555	4.533	4.512	4.487	4.464	4.443	4.425	4.394	4.346	4.297	4.251	4.206	4.164	4.125	4.081	4.037	3.996	3.957	3.921	3.889	3.850	3.812	3.778	3.749	3.725	3.688	3.657	3.631	3.612	3.587	3.560	3.538	3.522	3.507	3.485	3.468	3.454	3.444	3.432	3.418	3.408	3.406	3.395	3.387	3.386	3.382	3.378	3.378	3.377	3.377	3.380	3.380	3.382	3.384	3.388	3.391	3.396	3.401	3.409	3.419	3.433	3.446	3.462	3.478	3.483	3.488	3.495	3.504	3.514	3.523	3.536	3.550	3.565	3.579	3.595	3.614	3.636	3.657	3.682	3.709	3.738	3.770	3.805	3.841	3.879	3.919	3.961	4.006	4.052	4.101	4.143	4.148	4.155	4.164	4.174	4.186	4.201	4.218	4.237	4.258	4.280	4.305	4.333	4.362	4.393	4.427	4.462	4.499	4.538	
5.619	5.592	5.566	5.541	5.518	5.497	5.477	5.459	5.442	5.427	5.414	5.403	5.394	5.386	5.380	5.376	5.373	5.373	5.337	5.291	5.227	5.164	5.103	5.044	4.987	4.932	4.881	4.832	4.786	4.740	4.699	4.660	4.623	4.591	4.564	4.544	4.528	4.515	4.507	4.506	4.508	4.513	4.523	4.537	4.550	4.566	4.582	4.596	4.598	4.600	4.608	4.618	4.627	4.640	4.654	4.669	4.684	4.699	4.719	4.741	4.765	4.791	4.819	4.851	4.885	4.922	4.958	4.998	5.040	5.083	5.130	5.179	5.230	5.253	5.255	5.258	5.263	5.270	5.279	5.289	5.301	5.315	5.331	5.348	5.367	5.388	5.410	5.434	5.460	5.487	5.515	5.545	5.576	5.609	5.643	5.678	5.715	5.753	5.792	5.833	5.874	5.917	5.960	6.005	6.051	6.093	6.045	5.997	5.950	5.904	5.859	5.815	5.772	5.730	5.684	5.638	5.593	5.550	5.507	5.466	5.427	5.387	5.343	5.300	5.259	5.219	5.180	5.143	5.107	5.068	5.028	4.990	4.953	4.918	4.884	4.853	4.818	4.782	4.748	4.716	4.685	4.657	4.630	4.599	4.569	4.540	4.514	4.490	4.467	4.444	4.418	4.395	4.374	4.355	4.339	4.290	4.241	4.195	4.150	4.108	4.067	4.021	3.976	3.936	3.897	3.861	3.825	3.785	3.747	3.713	3.684	3.657	3.620	3.589	3.563	3.543	3.516	3.488	3.466	3.451	3.433	3.411	3.394	3.380	3.370	3.356	3.342	3.332	3.330	3.317	3.310	3.309	3.303	3.299	3.300	3.298	3.298	3.301	3.300	3.303	3.305	3.308	3.311	3.316	3.321	3.331	3.340	3.354	3.368	3.384	3.399	3.403	3.409	3.416	3.426	3.435	3.445	3.457	3.472	3.486	3.501	3.517	3.536	3.558	3.579	3.604	3.631	3.660	3.692	3.727	3.763	3.801	3.841	3.883	3.928	3.975	4.025	4.064	4.069	4.076	4.085	4.096	4.108	4.124	4.142	4.162	4.183	4.206	4.232	4.260	4.290	4.322	4.356	4.393	4.431	4.471	
5.594	5.567	5.540	5.515	5.492	5.471	5.451	5.433	5.416	5.401	5.388	5.377	5.367	5.359	5.353	5.349	5.347	5.346	5.310	5.264	5.200	5.137	5.076	5.017	4.960	4.906	4.854	4.805	4.759	4.714	4.672	4.633	4.596	4.564	4.537	4.517	4.501	4.488	4.480	4.479	4.481	4.486	4.496	4.510	4.524	4.540	4.555	4.569	4.571	4.573	4.581	4.591	4.601	4.613	4.628	4.642	4.657	4.673	4.693	4.714	4.738	4.764	4.793	4.824	4.858	4.895	4.931	4.971	5.013	5.057	5.103	5.153	5.203	5.226	5.228	5.231	5.236	5.243	5.252	5.263	5.275	5.289	5.305	5.322	5.341	5.362	5.385	5.409	5.434	5.461	5.490	5.520	5.552	5.585	5.619	5.655	5.691	5.730	5.769	5.810	5.851	5.894	5.938	5.983	6.029	6.057	6.008	5.960	5.912	5.866	5.820	5.776	5.733	5.690	5.643	5.596	5.551	5.507	5.464	5.423	5.383	5.341	5.297	5.253	5.211	5.171	5.132	5.094	5.058	5.017	4.976	4.937	4.900	4.864	4.830	4.798	4.762	4.725	4.690	4.657	4.626	4.597	4.570	4.537	4.506	4.477	4.450	4.425	4.402	4.378	4.351	4.327	4.305	4.286	4.269	4.235	4.186	4.140	4.095	4.053	4.008	3.962	3.917	3.876	3.838	3.802	3.761	3.722	3.684	3.650	3.621	3.589	3.553	3.521	3.496	3.476	3.445	3.417	3.396	3.380	3.360	3.337	3.321	3.306	3.296	3.280	3.266	3.257	3.253	3.240	3.232	3.231	3.225	3.221	3.221	3.219	3.219	3.221	3.221	3.224	3.225	3.229	3.232	3.237	3.242	3.252	3.262	3.276	3.289	3.305	3.321	3.324	3.329	3.337	3.347	3.356	3.366	3.379	3.393	3.408	3.422	3.438	3.458	3.480	3.502	3.527	3.553	3.582	3.614	3.649	3.686	3.723	3.764	3.806	3.850	3.897	3.947	3.985	3.990	3.997	4.007	4.018	4.031	4.047	4.066	4.086	4.108	4.132	4.159	4.187	4.218	4.252	4.287	4.324	4.363	4.404	
5.571	5.543	5.516	5.491	5.468	5.446	5.426	5.408	5.391	5.376	5.363	5.352	5.342	5.334	5.328	5.324	5.321	5.321	5.285	5.239	5.175	5.112	5.051	4.992	4.935	4.880	4.829	4.780	4.734	4.688	4.647	4.608	4.571	4.539	4.512	4.492	4.476	4.463	4.455	4.454	4.456	4.461	4.471	4.485	4.498	4.514	4.530	4.544	4.546	4.548	4.556	4.566	4.575	4.588	4.602	4.617	4.632	4.647	4.667	4.689	4.713	4.739	4.767	4.799	4.833	4.870	4.906	4.946	4.988	5.031	5.078	5.127	5.178	5.201	5.203	5.206	5.211	5.218	5.227	5.238	5.250	5.264	5.280	5.298	5.317	5.338	5.360	5.385	5.410	5.438	5.467	5.497	5.529	5.562	5.596	5.632	5.669	5.708	5.747	5.788	5.830	5.873	5.917	5.962	6.009	6.023	5.973	5.924	5.876	5.829	5.783	5.738	5.695	5.651	5.603	5.556	5.510	5.466	5.423	5.381	5.340	5.297	5.252	5.208	5.165	5.124	5.085	5.047	5.010	4.967	4.926	4.886	4.848	4.812	4.777	4.744	4.707	4.669	4.634	4.600	4.568	4.539	4.510	4.476	4.445	4.415	4.387	4.361	4.338	4.312	4.285	4.260	4.237	4.218	4.200	4.179	4.132	4.086	4.041	3.997	3.949	3.903	3.859	3.818	3.780	3.742	3.699	3.659	3.621	3.587	3.558	3.523	3.486	3.455	3.429	3.408	3.375	3.347	3.325	3.309	3.287	3.264	3.247	3.233	3.221	3.204	3.190	3.181	3.176	3.163	3.155	3.154	3.147	3.143	3.143	3.140	3.140	3.142	3.142	3.144	3.146	3.150	3.153	3.158	3.163	3.173	3.183	3.197	3.211	3.227	3.242	3.245	3.250	3.258	3.268	3.277	3.288	3.300	3.314	3.329	3.344	3.360	3.379	3.401	3.424	3.449	3.475	3.504	3.537	3.572	3.608	3.645	3.686	3.728	3.772	3.820	3.870	3.906	3.911	3.919	3.929	3.940	3.954	3.970	3.990	4.011	4.034	4.059	4.086	4.116	4.148	4.182	4.218	4.256	4.296	4.338	
5.549	5.521	5.494	5.469	5.446	5.424	5.403	5.385	5.368	5.353	5.340	5.328	5.319	5.311	5.305	5.300	5.298	5.297	5.262	5.216	5.151	5.089	5.027	4.968	4.911	4.857	4.805	4.756	4.710	4.665	4.623	4.584	4.548	4.515	4.489	4.468	4.453	4.439	4.432	4.431	4.433	4.438	4.448	4.462	4.475	4.491	4.507	4.520	4.522	4.525	4.533	4.542	4.552	4.564	4.579	4.593	4.608	4.624	4.644	4.666	4.690	4.716	4.744	4.775	4.810	4.846	4.883	4.923	4.964	5.008	5.055	5.104	5.155	5.178	5.179	5.182	5.188	5.195	5.204	5.214	5.227	5.241	5.257	5.275	5.294	5.315	5.338	5.362	5.388	5.416	5.445	5.475	5.507	5.540	5.575	5.611	5.648	5.687	5.727	5.768	5.810	5.853	5.898	5.943	5.989	5.989	5.939	5.889	5.841	5.794	5.747	5.702	5.658	5.613	5.565	5.517	5.471	5.426	5.382	5.340	5.298	5.254	5.208	5.164	5.121	5.079	5.039	5.000	4.962	4.919	4.877	4.836	4.798	4.761	4.726	4.692	4.653	4.614	4.578	4.544	4.512	4.481	4.451	4.417	4.384	4.353	4.325	4.299	4.275	4.247	4.219	4.193	4.170	4.150	4.132	4.109	4.080	4.034	3.989	3.940	3.892	3.846	3.802	3.761	3.723	3.680	3.637	3.598	3.560	3.526	3.495	3.457	3.420	3.389	3.363	3.338	3.305	3.278	3.256	3.240	3.214	3.191	3.175	3.160	3.146	3.129	3.115	3.106	3.099	3.086	3.078	3.077	3.069	3.065	3.065	3.062	3.061	3.063	3.063	3.065	3.067	3.070	3.073	3.079	3.084	3.094	3.105	3.119	3.132	3.148	3.163	3.166	3.172	3.179	3.189	3.198	3.209	3.222	3.236	3.251	3.265	3.281	3.301	3.323	3.347	3.372	3.398	3.427	3.459	3.494	3.531	3.568	3.609	3.651	3.695	3.742	3.792	3.827	3.832	3.841	3.852	3.863	3.877	3.894	3.914	3.936	3.960	3.986	4.014	4.044	4.077	4.112	4.149	4.189	4.230	4.273	
5.529	5.500	5.473	5.448	5.425	5.403	5.382	5.364	5.347	5.332	5.318	5.307	5.297	5.289	5.283	5.279	5.276	5.276	5.240	5.194	5.129	5.067	5.006	4.947	4.890	4.835	4.783	4.734	4.688	4.643	4.601	4.563	4.526	4.494	4.467	4.446	4.431	4.417	4.410	4.409	4.411	4.416	4.426	4.440	4.453	4.469	4.485	4.498	4.500	4.503	4.511	4.521	4.530	4.542	4.557	4.572	4.586	4.602	4.622	4.644	4.668	4.694	4.722	4.753	4.788	4.824	4.861	4.901	4.942	4.986	5.033	5.082	5.133	5.156	5.157	5.161	5.166	5.173	5.182	5.193	5.205	5.220	5.236	5.254	5.273	5.294	5.317	5.342	5.368	5.395	5.424	5.455	5.487	5.521	5.556	5.592	5.629	5.668	5.708	5.749	5.792	5.835	5.880	5.925	5.972	5.957	5.906	5.856	5.807	5.759	5.713	5.667	5.623	5.576	5.527	5.479	5.433	5.387	5.343	5.300	5.258	5.213	5.166	5.121	5.078	5.035	4.995	4.955	4.915	4.871	4.829	4.788	4.749	4.711	4.675	4.640	4.600	4.561	4.524	4.489	4.456	4.425	4.393	4.358	4.324	4.293	4.264	4.237	4.213	4.183	4.154	4.128	4.104	4.083	4.065	4.040	4.018	3.983	3.936	3.884	3.837	3.791	3.746	3.705	3.666	3.620	3.576	3.537	3.499	3.465	3.430	3.392	3.355	3.324	3.298	3.269	3.236	3.209	3.187	3.170	3.142	3.119	3.102	3.088	3.071	3.055	3.040	3.031	3.023	3.009	3.002	3.001	2.991	2.987	2.987	2.983	2.982	2.984	2.983	2.986	2.987	2.991	2.994	2.999	3.006	3.015	3.027	3.041	3.054	3.070	3.084	3.086	3.093	3.100	3.110	3.119	3.131	3.144	3.158	3.173	3.187	3.203	3.223	3.245	3.268	3.294	3.321	3.350	3.382	3.417	3.454	3.491	3.532	3.573	3.618	3.665	3.715	3.748	3.754	3.762	3.774	3.786	3.801	3.818	3.839	3.862	3.887	3.913	3.942	3.974	4.008	4.044	4.082	4.122	4.164	4.209	
5.510	5.481	5.454	5.429	5.405	5.383	5.363	5.344	5.327	5.312	5.298	5.287	5.277	5.269	5.263	5.258	5.256	5.255	5.220	5.174	5.109	5.047	4.986	4.926	4.869	4.815	4.763	4.714	4.668	4.623	4.581	4.542	4.506	4.473	4.447	4.426	4.411	4.397	4.390	4.389	4.391	4.396	4.406	4.420	4.433	4.449	4.465	4.478	4.480	4.483	4.491	4.500	4.510	4.522	4.537	4.552	4.566	4.582	4.602	4.624	4.648	4.674	4.702	4.733	4.768	4.804	4.841	4.881	4.922	4.966	5.013	5.062	5.113	5.136	5.137	5.141	5.146	5.153	5.162	5.173	5.185	5.200	5.216	5.234	5.254	5.275	5.298	5.323	5.349	5.377	5.406	5.437	5.469	5.502	5.537	5.574	5.612	5.650	5.691	5.732	5.775	5.818	5.863	5.909	5.956	5.925	5.874	5.824	5.775	5.727	5.680	5.634	5.589	5.541	5.492	5.443	5.396	5.350	5.305	5.262	5.220	5.172	5.126	5.080	5.036	4.993	4.952	4.912	4.870	4.826	4.783	4.741	4.701	4.663	4.626	4.590	4.548	4.509	4.471	4.435	4.402	4.370	4.337	4.300	4.266	4.234	4.204	4.177	4.151	4.119	4.090	4.063	4.039	4.017	3.997	3.971	3.949	3.929	3.881	3.830	3.782	3.736	3.691	3.651	3.606	3.561	3.517	3.478	3.440	3.406	3.366	3.328	3.292	3.260	3.234	3.201	3.168	3.141	3.119	3.098	3.070	3.048	3.031	3.016	2.997	2.980	2.966	2.957	2.946	2.933	2.925	2.924	2.913	2.909	2.910	2.904	2.904	2.905	2.904	2.907	2.908	2.912	2.915	2.920	2.927	2.936	2.949	2.963	2.976	2.992	3.005	3.007	3.014	3.021	3.031	3.041	3.053	3.066	3.080	3.095	3.109	3.125	3.145	3.167	3.190	3.216	3.244	3.273	3.305	3.340	3.377	3.414	3.455	3.496	3.541	3.588	3.638	3.669	3.676	3.684	3.696	3.709	3.724	3.742	3.764	3.788	3.814	3.841	3.871	3.904	3.939	3.976	4.015	4.057	4.100	4.145	
5.493	5.464	5.437	5.412	5.388	5.366	5.345	5.326	5.309	5.294	5.280	5.269	5.259	5.251	5.244	5.240	5.238	5.237	5.201	5.155	5.091	5.028	4.967	4.908	4.851	4.797	4.745	4.696	4.650	4.605	4.563	4.524	4.487	4.455	4.428	4.408	4.392	4.379	4.371	4.370	4.372	4.377	4.387	4.401	4.415	4.431	4.446	4.460	4.462	4.464	4.472	4.482	4.492	4.504	4.519	4.533	4.548	4.564	4.584	4.605	4.629	4.655	4.684	4.715	4.750	4.786	4.822	4.862	4.904	4.948	4.994	5.044	5.095	5.117	5.119	5.122	5.128	5.135	5.144	5.155	5.167	5.182	5.198	5.216	5.236	5.257	5.280	5.305	5.331	5.359	5.389	5.420	5.452	5.486	5.521	5.558	5.595	5.635	5.675	5.716	5.759	5.803	5.848	5.894	5.941	5.896	5.844	5.793	5.744	5.695	5.648	5.601	5.556	5.507	5.457	5.408	5.361	5.314	5.269	5.225	5.182	5.134	5.086	5.040	4.995	4.952	4.910	4.870	4.827	4.781	4.738	4.695	4.655	4.616	4.579	4.540	4.498	4.458	4.420	4.383	4.349	4.317	4.281	4.244	4.209	4.176	4.146	4.117	4.090	4.058	4.027	4.000	3.975	3.952	3.930	3.904	3.880	3.860	3.828	3.777	3.729	3.683	3.638	3.595	3.548	3.503	3.459	3.420	3.382	3.345	3.303	3.265	3.229	3.197	3.171	3.134	3.101	3.073	3.052	3.028	2.999	2.977	2.960	2.945	2.923	2.906	2.892	2.883	2.870	2.857	2.849	2.847	2.836	2.832	2.832	2.826	2.826	2.826	2.826	2.828	2.829	2.833	2.836	2.841	2.848	2.858	2.871	2.885	2.898	2.914	2.926	2.928	2.936	2.943	2.953	2.962	2.974	2.988	3.002	3.017	3.031	3.047	3.067	3.089	3.113	3.139	3.167	3.196	3.228	3.264	3.300	3.337	3.378	3.420	3.464	3.512	3.562	3.591	3.597	3.606	3.619	3.632	3.648	3.667	3.689	3.714	3.741	3.770	3.801	3.834	3.870	3.909	3.949	3.992	4.036	4.083	
5.477	5.449	5.421	5.396	5.372	5.350	5.329	5.310	5.293	5.278	5.264	5.252	5.242	5.234	5.228	5.224	5.221	5.221	5.185	5.139	5.074	5.012	4.951	4.892	4.835	4.780	4.728	4.679	4.633	4.588	4.546	4.508	4.471	4.439	4.412	4.391	4.376	4.362	4.355	4.354	4.356	4.361	4.371	4.385	4.398	4.414	4.430	4.443	4.445	4.448	4.456	4.466	4.475	4.487	4.502	4.517	4.531	4.547	4.567	4.589	4.613	4.639	4.667	4.699	4.733	4.769	4.806	4.846	4.887	4.931	4.978	5.027	5.078	5.101	5.102	5.106	5.111	5.118	5.127	5.138	5.151	5.166	5.182	5.200	5.220	5.241	5.265	5.289	5.316	5.344	5.373	5.405	5.437	5.471	5.506	5.543	5.581	5.620	5.661	5.702	5.745	5.789	5.834	5.880	5.918	5.867	5.815	5.764	5.714	5.665	5.617	5.571	5.525	5.475	5.424	5.375	5.327	5.280	5.234	5.190	5.146	5.097	5.049	5.002	4.957	4.913	4.870	4.829	4.784	4.739	4.694	4.651	4.610	4.571	4.533	4.493	4.450	4.409	4.370	4.333	4.297	4.264	4.227	4.189	4.153	4.120	4.088	4.060	4.030	3.997	3.966	3.937	3.911	3.888	3.864	3.837	3.813	3.792	3.773	3.725	3.677	3.632	3.587	3.538	3.492	3.446	3.402	3.363	3.325	3.283	3.242	3.203	3.167	3.136	3.105	3.068	3.035	3.007	2.985	2.957	2.929	2.907	2.890	2.872	2.849	2.833	2.819	2.810	2.795	2.781	2.774	2.769	2.758	2.754	2.754	2.748	2.747	2.747	2.747	2.749	2.750	2.754	2.757	2.763	2.770	2.779	2.793	2.806	2.821	2.837	2.847	2.850	2.857	2.864	2.874	2.884	2.896	2.910	2.925	2.939	2.954	2.970	2.989	3.011	3.035	3.061	3.089	3.120	3.152	3.187	3.224	3.261	3.302	3.343	3.388	3.435	3.485	3.512	3.519	3.529	3.542	3.556	3.572	3.592	3.615	3.641	3.670	3.699	3.731	3.766	3.803	3.843	3.884	3.928	3.974	4.022	
5.464	5.435	5.408	5.382	5.358	5.335	5.315	5.296	5.278	5.263	5.249	5.238	5.228	5.219	5.213	5.209	5.206	5.206	5.170	5.124	5.060	4.997	4.936	4.877	4.820	4.765	4.714	4.665	4.619	4.573	4.532	4.493	4.456	4.424	4.397	4.376	4.361	4.348	4.340	4.339	4.341	4.346	4.356	4.370	4.383	4.399	4.415	4.429	4.430	4.433	4.441	4.451	4.460	4.473	4.487	4.502	4.516	4.532	4.552	4.574	4.598	4.624	4.652	4.684	4.718	4.755	4.791	4.831	4.873	4.916	4.963	5.012	5.063	5.086	5.088	5.091	5.096	5.104	5.113	5.124	5.137	5.151	5.168	5.186	5.206	5.227	5.251	5.276	5.302	5.330	5.360	5.391	5.424	5.458	5.493	5.530	5.568	5.607	5.648	5.690	5.733	5.777	5.822	5.868	5.892	5.840	5.788	5.736	5.686	5.637	5.588	5.541	5.495	5.444	5.393	5.343	5.295	5.247	5.201	5.156	5.111	5.061	5.012	4.965	4.919	4.875	4.832	4.791	4.744	4.697	4.652	4.609	4.567	4.527	4.489	4.446	4.403	4.361	4.321	4.283	4.248	4.214	4.175	4.136	4.099	4.065	4.033	4.003	3.972	3.937	3.905	3.876	3.849	3.826	3.800	3.772	3.747	3.725	3.706	3.675	3.627	3.582	3.533	3.483	3.436	3.391	3.347	3.308	3.268	3.223	3.181	3.143	3.107	3.075	3.040	3.003	2.970	2.942	2.920	2.888	2.860	2.837	2.820	2.799	2.777	2.760	2.746	2.735	2.719	2.706	2.698	2.692	2.681	2.677	2.675	2.670	2.669	2.669	2.668	2.671	2.671	2.675	2.679	2.684	2.692	2.701	2.715	2.728	2.743	2.759	2.768	2.771	2.779	2.786	2.796	2.805	2.818	2.832	2.847	2.861	2.876	2.892	2.912	2.934	2.958	2.984	3.012	3.043	3.076	3.111	3.148	3.185	3.226	3.267	3.312	3.359	3.409	3.434	3.441	3.451	3.465	3.480	3.497	3.518	3.541	3.568	3.598	3.629	3.662	3.698	3.737	3.777	3.820	3.866	3.913	3.962	
5.452	5.423	5.395	5.370	5.345	5.323	5.302	5.283	5.266	5.250	5.237	5.225	5.215	5.207	5.200	5.196	5.194	5.193	5.157	5.111	5.047	4.984	4.923	4.864	4.807	4.752	4.701	4.652	4.606	4.560	4.519	4.480	4.443	4.411	4.384	4.364	4.348	4.335	4.327	4.326	4.328	4.333	4.343	4.357	4.370	4.386	4.402	4.416	4.418	4.420	4.428	4.438	4.447	4.460	4.474	4.489	4.504	4.520	4.539	4.561	4.585	4.611	4.639	4.671	4.705	4.742	4.778	4.818	4.860	4.903	4.950	5.000	5.050	5.073	5.075	5.078	5.084	5.091	5.100	5.111	5.124	5.139	5.155	5.173	5.193	5.215	5.238	5.263	5.290	5.318	5.348	5.379	5.412	5.446	5.482	5.519	5.557	5.596	5.637	5.679	5.722	5.766	5.811	5.858	5.868	5.814	5.762	5.710	5.659	5.610	5.561	5.514	5.466	5.414	5.363	5.313	5.264	5.216	5.170	5.124	5.077	5.027	4.978	4.930	4.884	4.839	4.795	4.753	4.705	4.658	4.612	4.568	4.526	4.485	4.446	4.402	4.358	4.315	4.275	4.236	4.199	4.165	4.124	4.084	4.046	4.011	3.978	3.948	3.915	3.879	3.846	3.816	3.789	3.764	3.736	3.707	3.681	3.658	3.639	3.620	3.579	3.532	3.480	3.429	3.383	3.337	3.294	3.254	3.209	3.164	3.122	3.084	3.048	3.015	2.976	2.939	2.906	2.878	2.853	2.820	2.791	2.769	2.752	2.727	2.705	2.688	2.674	2.660	2.644	2.631	2.624	2.616	2.605	2.601	2.598	2.592	2.591	2.590	2.590	2.592	2.593	2.596	2.600	2.605	2.614	2.623	2.637	2.650	2.666	2.682	2.689	2.692	2.700	2.708	2.718	2.727	2.740	2.754	2.769	2.783	2.799	2.815	2.835	2.857	2.881	2.907	2.934	2.966	3.000	3.036	3.072	3.109	3.150	3.192	3.236	3.284	3.334	3.356	3.364	3.374	3.388	3.404	3.422	3.444	3.468	3.496	3.527	3.560	3.594	3.631	3.671	3.713	3.758	3.804	3.853	3.903	
5.441	5.412	5.385	5.359	5.335	5.312	5.292	5.272	5.255	5.240	5.226	5.214	5.204	5.196	5.189	5.185	5.182	5.182	5.146	5.100	5.036	4.973	4.912	4.853	4.796	4.741	4.690	4.641	4.595	4.549	4.508	4.469	4.432	4.400	4.373	4.353	4.337	4.324	4.316	4.315	4.317	4.322	4.332	4.346	4.359	4.375	4.391	4.405	4.407	4.409	4.417	4.427	4.436	4.449	4.463	4.478	4.493	4.508	4.528	4.550	4.574	4.600	4.628	4.660	4.694	4.731	4.767	4.807	4.849	4.892	4.939	4.988	5.039	5.062	5.064	5.067	5.073	5.080	5.089	5.100	5.113	5.128	5.144	5.163	5.183	5.204	5.228	5.253	5.280	5.308	5.338	5.369	5.402	5.436	5.472	5.509	5.547	5.587	5.627	5.670	5.713	5.757	5.802	5.849	5.844	5.790	5.737	5.685	5.634	5.584	5.535	5.487	5.439	5.386	5.335	5.284	5.235	5.187	5.140	5.094	5.045	4.994	4.945	4.897	4.850	4.804	4.760	4.717	4.668	4.620	4.574	4.529	4.486	4.445	4.405	4.359	4.314	4.271	4.230	4.190	4.153	4.117	4.074	4.034	3.995	3.959	3.926	3.894	3.859	3.823	3.789	3.758	3.730	3.704	3.674	3.644	3.617	3.594	3.573	3.552	3.528	3.481	3.428	3.378	3.331	3.285	3.242	3.197	3.151	3.106	3.065	3.027	2.990	2.952	2.913	2.876	2.843	2.815	2.786	2.752	2.724	2.701	2.684	2.656	2.633	2.617	2.603	2.586	2.570	2.557	2.549	2.539	2.528	2.524	2.520	2.514	2.514	2.512	2.511	2.514	2.514	2.518	2.522	2.527	2.536	2.545	2.559	2.572	2.588	2.604	2.611	2.614	2.622	2.630	2.640	2.650	2.662	2.676	2.691	2.705	2.721	2.738	2.758	2.780	2.804	2.830	2.858	2.889	2.923	2.960	2.996	3.034	3.075	3.117	3.161	3.209	3.259	3.278	3.286	3.297	3.312	3.329	3.348	3.370	3.396	3.425	3.458	3.492	3.527	3.566	3.607	3.650	3.696	3.744	3.794	3.846	
5.433	5.404	5.376	5.350	5.326	5.304	5.283	5.264	5.246	5.231	5.217	5.205	5.195	5.187	5.180	5.176	5.173	5.173	5.137	5.091	5.027	4.964	4.903	4.844	4.787	4.732	4.680	4.632	4.585	4.540	4.498	4.460	4.423	4.391	4.364	4.343	4.328	4.315	4.307	4.306	4.308	4.313	4.323	4.337	4.350	4.366	4.382	4.396	4.397	4.400	4.408	4.418	4.427	4.440	4.454	4.469	4.483	4.499	4.519	4.541	4.565	4.591	4.619	4.651	4.685	4.722	4.758	4.798	4.840	4.883	4.930	4.979	5.030	5.053	5.055	5.058	5.063	5.071	5.080	5.091	5.104	5.119	5.135	5.154	5.174	5.196	5.219	5.244	5.271	5.299	5.329	5.361	5.394	5.428	5.464	5.501	5.539	5.579	5.620	5.662	5.705	5.749	5.795	5.841	5.821	5.767	5.714	5.662	5.610	5.560	5.511	5.463	5.413	5.360	5.308	5.257	5.207	5.159	5.111	5.065	5.015	4.964	4.914	4.865	4.818	4.772	4.727	4.682	4.633	4.584	4.537	4.492	4.448	4.406	4.366	4.318	4.272	4.228	4.186	4.146	4.108	4.070	4.027	3.985	3.946	3.909	3.875	3.843	3.805	3.768	3.733	3.701	3.672	3.646	3.613	3.582	3.554	3.530	3.509	3.486	3.461	3.430	3.378	3.327	3.281	3.235	3.190	3.141	3.095	3.051	3.009	2.971	2.934	2.891	2.852	2.815	2.782	2.754	2.720	2.686	2.657	2.635	2.613	2.585	2.563	2.546	2.532	2.512	2.497	2.483	2.476	2.463	2.452	2.448	2.443	2.437	2.436	2.434	2.433	2.435	2.436	2.439	2.444	2.449	2.458	2.468	2.482	2.495	2.510	2.526	2.533	2.536	2.544	2.553	2.563	2.572	2.584	2.598	2.613	2.628	2.643	2.662	2.682	2.703	2.727	2.753	2.781	2.813	2.847	2.883	2.920	2.960	3.000	3.042	3.087	3.134	3.184	3.200	3.209	3.221	3.236	3.255	3.274	3.298	3.325	3.355	3.389	3.424	3.461	3.501	3.544	3.589	3.636	3.685	3.737	3.790	
5.426	5.397	5.369	5.344	5.319	5.297	5.276	5.256	5.239	5.223	5.210	5.198	5.188	5.179	5.173	5.169	5.166	5.165	5.130	5.084	5.019	4.957	4.896	4.837	4.779	4.725	4.673	4.624	4.578	4.533	4.491	4.453	4.416	4.383	4.357	4.336	4.321	4.307	4.300	4.299	4.301	4.306	4.316	4.330	4.343	4.359	4.375	4.388	4.390	4.393	4.401	4.410	4.420	4.432	4.447	4.462	4.476	4.492	4.512	4.534	4.558	4.584	4.612	4.643	4.678	4.714	4.751	4.791	4.832	4.876	4.923	4.972	5.023	5.046	5.047	5.051	5.056	5.064	5.073	5.084	5.097	5.112	5.128	5.147	5.167	5.189	5.212	5.237	5.264	5.293	5.323	5.354	5.387	5.421	5.457	5.494	5.533	5.572	5.613	5.656	5.699	5.743	5.789	5.836	5.800	5.746	5.692	5.640	5.588	5.538	5.488	5.440	5.388	5.335	5.283	5.231	5.181	5.132	5.085	5.038	4.987	4.935	4.884	4.835	4.787	4.741	4.696	4.649	4.599	4.550	4.503	4.457	4.412	4.370	4.327	4.279	4.233	4.188	4.145	4.104	4.066	4.026	3.981	3.939	3.899	3.861	3.826	3.793	3.753	3.715	3.679	3.646	3.616	3.589	3.554	3.522	3.493	3.468	3.446	3.421	3.394	3.372	3.329	3.279	3.233	3.187	3.136	3.087	3.042	2.997	2.955	2.917	2.874	2.831	2.792	2.755	2.722	2.692	2.655	2.621	2.593	2.570	2.544	2.516	2.493	2.477	2.460	2.439	2.424	2.410	2.402	2.388	2.377	2.373	2.366	2.360	2.359	2.356	2.355	2.357	2.358	2.361	2.366	2.371	2.381	2.390	2.404	2.417	2.433	2.449	2.454	2.458	2.466	2.476	2.485	2.495	2.507	2.521	2.536	2.550	2.566	2.585	2.606	2.627	2.651	2.677	2.705	2.737	2.771	2.807	2.844	2.884	2.925	2.968	3.012	3.060	3.110	3.123	3.133	3.145	3.161	3.181	3.201	3.226	3.254	3.286	3.321	3.358	3.397	3.438	3.482	3.529	3.577	3.628	3.681	3.735	
5.421	5.392	5.364	5.338	5.314	5.291	5.270	5.251	5.234	5.218	5.204	5.192	5.182	5.174	5.168	5.163	5.161	5.160	5.124	5.078	5.014	4.951	4.890	4.831	4.774	4.720	4.668	4.619	4.573	4.528	4.486	4.447	4.410	4.378	4.351	4.331	4.315	4.302	4.294	4.293	4.295	4.300	4.310	4.324	4.338	4.354	4.369	4.383	4.385	4.387	4.395	4.405	4.415	4.427	4.442	4.456	4.471	4.487	4.507	4.528	4.552	4.578	4.607	4.638	4.673	4.709	4.746	4.785	4.827	4.871	4.917	4.967	5.018	5.040	5.042	5.045	5.051	5.058	5.067	5.079	5.092	5.106	5.123	5.141	5.162	5.183	5.207	5.232	5.259	5.288	5.318	5.349	5.382	5.417	5.452	5.490	5.528	5.568	5.609	5.651	5.694	5.739	5.785	5.831	5.781	5.726	5.672	5.620	5.568	5.517	5.467	5.418	5.366	5.312	5.259	5.208	5.157	5.108	5.060	5.013	4.960	4.908	4.857	4.807	4.759	4.712	4.667	4.618	4.567	4.518	4.470	4.423	4.378	4.335	4.291	4.242	4.195	4.150	4.106	4.065	4.025	3.983	3.938	3.895	3.854	3.815	3.779	3.745	3.703	3.663	3.627	3.593	3.562	3.533	3.497	3.463	3.434	3.407	3.384	3.357	3.329	3.306	3.283	3.233	3.187	3.135	3.084	3.036	2.990	2.945	2.903	2.862	2.816	2.774	2.735	2.697	2.664	2.629	2.591	2.557	2.529	2.507	2.475	2.447	2.425	2.409	2.387	2.367	2.351	2.338	2.328	2.313	2.302	2.298	2.289	2.283	2.283	2.278	2.278	2.279	2.280	2.283	2.288	2.293	2.303	2.313	2.327	2.340	2.356	2.371	2.376	2.380	2.388	2.398	2.408	2.418	2.430	2.444	2.459	2.473	2.489	2.509	2.530	2.552	2.576	2.602	2.630	2.661	2.695	2.732	2.768	2.808	2.850	2.893	2.939	2.986	3.036	3.046	3.056	3.069	3.086	3.107	3.129	3.154	3.184	3.217	3.254	3.294	3.334	3.377	3.422	3.470	3.520	3.573	3.627	3.683	
5.418	5.389	5.361	5.335	5.311	5.288	5.267	5.248	5.230	5.215	5.201	5.189	5.179	5.171	5.164	5.160	5.157	5.157	5.121	5.075	5.011	4.948	4.887	4.828	4.771	4.716	4.664	4.616	4.569	4.524	4.482	4.444	4.407	4.375	4.348	4.327	4.312	4.298	4.291	4.290	4.292	4.297	4.307	4.321	4.334	4.350	4.366	4.380	4.381	4.384	4.392	4.402	4.411	4.424	4.438	4.453	4.467	4.483	4.503	4.525	4.549	4.575	4.603	4.635	4.669	4.705	4.742	4.782	4.823	4.867	4.914	4.963	5.014	5.037	5.038	5.042	5.047	5.055	5.064	5.075	5.088	5.103	5.120	5.138	5.158	5.180	5.204	5.229	5.256	5.284	5.314	5.346	5.379	5.413	5.449	5.487	5.525	5.565	5.606	5.648	5.692	5.736	5.782	5.817	5.763	5.708	5.654	5.601	5.549	5.498	5.448	5.399	5.345	5.291	5.238	5.186	5.135	5.085	5.037	4.989	4.935	4.883	4.831	4.781	4.732	4.685	4.639	4.589	4.538	4.488	4.439	4.392	4.347	4.303	4.257	4.207	4.159	4.113	4.069	4.027	3.987	3.943	3.896	3.852	3.810	3.771	3.734	3.698	3.655	3.614	3.577	3.542	3.510	3.479	3.441	3.407	3.376	3.348	3.325	3.295	3.266	3.241	3.221	3.190	3.140	3.086	3.034	2.986	2.940	2.895	2.852	2.806	2.760	2.718	2.679	2.641	2.606	2.567	2.529	2.496	2.467	2.442	2.408	2.380	2.358	2.341	2.316	2.296	2.280	2.267	2.253	2.239	2.228	2.224	2.213	2.207	2.207	2.201	2.201	2.202	2.202	2.206	2.211	2.216	2.226	2.237	2.251	2.264	2.280	2.294	2.299	2.303	2.311	2.321	2.330	2.341	2.354	2.368	2.383	2.397	2.413	2.432	2.454	2.477	2.501	2.527	2.555	2.586	2.620	2.657	2.693	2.733	2.775	2.818	2.865	2.914	2.960	2.970	2.981	2.994	3.012	3.035	3.057	3.084	3.115	3.150	3.188	3.230	3.272	3.316	3.364	3.413	3.465	3.519	3.575	3.632	
5.417	5.387	5.360	5.334	5.309	5.287	5.266	5.246	5.229	5.213	5.199	5.187	5.177	5.169	5.163	5.158	5.156	5.155	5.119	5.073	5.009	4.946	4.885	4.826	4.769	4.715	4.663	4.614	4.568	4.523	4.481	4.442	4.405	4.373	4.346	4.326	4.310	4.297	4.289	4.288	4.290	4.295	4.305	4.319	4.333	4.349	4.364	4.378	4.380	4.382	4.390	4.400	4.410	4.422	4.437	4.451	4.466	4.482	4.502	4.524	4.548	4.573	4.602	4.633	4.668	4.704	4.741	4.780	4.822	4.866	4.912	4.962	5.013	5.035	5.037	5.040	5.046	5.053	5.063	5.074	5.087	5.102	5.118	5.137	5.157	5.179	5.202	5.228	5.254	5.283	5.313	5.345	5.378	5.412	5.448	5.485	5.524	5.564	5.605	5.647	5.690	5.735	5.781	5.801	5.747	5.691	5.637	5.584	5.531	5.480	5.430	5.380	5.325	5.271	5.218	5.166	5.114	5.064	5.016	4.966	4.912	4.859	4.807	4.757	4.708	4.660	4.614	4.562	4.510	4.460	4.411	4.363	4.317	4.273	4.225	4.175	4.126	4.079	4.034	3.992	3.951	3.905	3.857	3.812	3.770	3.729	3.692	3.653	3.609	3.568	3.529	3.493	3.460	3.426	3.388	3.352	3.320	3.292	3.267	3.234	3.204	3.178	3.157	3.139	3.092	3.038	2.987	2.938	2.892	2.848	2.798	2.752	2.706	2.664	2.625	2.587	2.546	2.507	2.469	2.436	2.407	2.376	2.343	2.315	2.292	2.273	2.246	2.225	2.210	2.196	2.180	2.165	2.154	2.150	2.137	2.131	2.130	2.124	2.124	2.124	2.125	2.128	2.134	2.139	2.149	2.161	2.175	2.188	2.204	2.217	2.222	2.226	2.234	2.244	2.253	2.265	2.278	2.292	2.307	2.321	2.337	2.356	2.378	2.401	2.427	2.452	2.480	2.512	2.546	2.582	2.619	2.659	2.700	2.744	2.790	2.840	2.883	2.894	2.905	2.920	2.939	2.963	2.987	3.015	3.048	3.084	3.124	3.168	3.212	3.258	3.307	3.358	3.412	3.467	3.525	3.584	
5.414	5.385	5.357	5.331	5.307	5.284	5.263	5.244	5.227	5.211	5.197	5.185	5.175	5.167	5.160	5.156	5.153	5.153	5.117	5.070	5.006	4.943	4.882	4.823	4.766	4.711	4.659	4.610	4.563	4.518	4.476	4.438	4.401	4.369	4.342	4.321	4.306	4.293	4.285	4.283	4.284	4.288	4.298	4.313	4.325	4.341	4.355	4.359	4.361	4.364	4.372	4.381	4.391	4.404	4.419	4.434	4.449	4.465	4.485	4.508	4.533	4.559	4.587	4.618	4.652	4.687	4.724	4.764	4.806	4.850	4.897	4.947	4.998	5.021	5.022	5.026	5.031	5.039	5.048	5.059	5.072	5.087	5.103	5.122	5.142	5.164	5.188	5.213	5.240	5.268	5.298	5.330	5.363	5.397	5.433	5.471	5.509	5.549	5.590	5.632	5.676	5.720	5.766	5.788	5.732	5.676	5.622	5.568	5.516	5.464	5.414	5.363	5.308	5.253	5.200	5.147	5.096	5.045	4.996	4.946	4.891	4.838	4.786	4.735	4.685	4.637	4.591	4.538	4.485	4.434	4.384	4.336	4.290	4.245	4.195	4.144	4.095	4.048	4.002	3.959	3.917	3.869	3.821	3.775	3.732	3.690	3.652	3.611	3.566	3.523	3.483	3.447	3.413	3.377	3.337	3.300	3.267	3.237	3.211	3.176	3.145	3.118	3.095	3.075	3.047	2.993	2.942	2.894	2.848	2.796	2.747	2.700	2.655	2.612	2.573	2.532	2.488	2.449	2.412	2.378	2.349	2.312	2.279	2.251	2.228	2.204	2.177	2.157	2.141	2.125	2.107	2.093	2.082	2.075	2.062	2.056	2.054	2.048	2.047	2.048	2.048	2.052	2.057	2.062	2.073	2.085	2.099	2.113	2.128	2.140	2.145	2.149	2.157	2.167	2.177	2.189	2.202	2.216	2.231	2.245	2.261	2.281	2.302	2.326	2.352	2.379	2.407	2.438	2.473	2.509	2.546	2.585	2.627	2.670	2.717	2.766	2.807	2.818	2.831	2.846	2.866	2.892	2.918	2.948	2.982	3.020	3.062	3.107	3.154	3.202	3.253	3.306	3.361	3.418	3.477	3.537	
5.412	5.383	5.355	5.329	5.305	5.282	5.261	5.242	5.224	5.209	5.195	5.183	5.173	5.165	5.158	5.154	5.151	5.151	5.114	5.067	5.003	4.940	4.878	4.819	4.762	4.707	4.655	4.606	4.558	4.512	4.470	4.432	4.397	4.365	4.338	4.317	4.302	4.289	4.281	4.276	4.274	4.278	4.288	4.302	4.315	4.324	4.321	4.322	4.325	4.331	4.338	4.347	4.358	4.372	4.387	4.401	4.417	4.434	4.454	4.476	4.502	4.529	4.556	4.586	4.619	4.654	4.693	4.733	4.776	4.821	4.869	4.918	4.969	4.992	4.994	4.997	5.003	5.010	5.019	5.031	5.044	5.058	5.075	5.093	5.114	5.136	5.159	5.184	5.211	5.240	5.270	5.301	5.335	5.369	5.405	5.442	5.481	5.520	5.562	5.604	5.647	5.692	5.737	5.775	5.719	5.663	5.608	5.555	5.502	5.450	5.399	5.348	5.292	5.237	5.183	5.131	5.079	5.028	4.979	4.927	4.872	4.818	4.766	4.715	4.665	4.616	4.569	4.515	4.462	4.410	4.360	4.312	4.265	4.220	4.168	4.116	4.067	4.018	3.972	3.928	3.886	3.836	3.787	3.740	3.696	3.654	3.615	3.571	3.525	3.482	3.441	3.403	3.368	3.329	3.288	3.250	3.216	3.185	3.156	3.120	3.087	3.059	3.035	3.012	2.983	2.951	2.900	2.851	2.800	2.748	2.698	2.652	2.606	2.564	2.522	2.476	2.433	2.394	2.356	2.322	2.288	2.250	2.217	2.189	2.167	2.137	2.110	2.089	2.074	2.053	2.036	2.021	2.010	2.000	1.988	1.982	1.978	1.972	1.972	1.971	1.972	1.975	1.981	1.986	1.997	2.011	2.024	2.038	2.054	2.064	2.069	2.073	2.081	2.091	2.101	2.113	2.127	2.141	2.156	2.171	2.187	2.206	2.228	2.251	2.277	2.305	2.334	2.366	2.400	2.436	2.473	2.513	2.554	2.598	2.644	2.694	2.732	2.743	2.757	2.773	2.795	2.822	2.850	2.882	2.918	2.958	3.002	3.049	3.098	3.148	3.200	3.255	3.312	3.371	3.431	3.493	
5.414	5.385	5.357	5.331	5.306	5.284	5.263	5.243	5.226	5.210	5.196	5.184	5.174	5.166	5.160	5.155	5.153	5.152	5.114	5.068	5.003	4.940	4.879	4.820	4.762	4.708	4.656	4.606	4.558	4.512	4.470	4.432	4.398	4.366	4.340	4.319	4.301	4.288	4.280	4.274	4.271	4.274	4.284	4.296	4.298	4.290	4.287	4.287	4.290	4.297	4.307	4.317	4.330	4.344	4.358	4.371	4.387	4.404	4.424	4.447	4.472	4.497	4.524	4.555	4.588	4.625	4.663	4.705	4.748	4.794	4.842	4.891	4.943	4.967	4.969	4.972	4.978	4.985	4.994	5.005	5.018	5.033	5.050	5.068	5.088	5.110	5.134	5.159	5.186	5.215	5.245	5.276	5.309	5.344	5.380	5.417	5.455	5.495	5.536	5.579	5.622	5.667	5.712	5.759	5.707	5.651	5.596	5.543	5.490	5.438	5.387	5.334	5.278	5.223	5.169	5.116	5.064	5.013	4.964	4.910	4.855	4.801	4.748	4.697	4.647	4.598	4.549	4.494	4.441	4.389	4.338	4.289	4.242	4.196	4.143	4.091	4.041	3.992	3.945	3.900	3.857	3.805	3.756	3.708	3.663	3.620	3.580	3.535	3.487	3.443	3.401	3.362	3.327	3.285	3.242	3.203	3.168	3.136	3.104	3.066	3.032	3.003	2.978	2.952	2.922	2.897	2.861	2.809	2.754	2.702	2.652	2.606	2.561	2.516	2.469	2.423	2.380	2.341	2.303	2.268	2.229	2.191	2.157	2.129	2.103	2.071	2.044	2.024	2.007	1.983	1.966	1.951	1.940	1.927	1.915	1.909	1.903	1.897	1.897	1.896	1.896	1.900	1.906	1.911	1.921	1.935	1.949	1.964	1.980	1.988	1.993	1.998	2.006	2.016	2.026	2.038	2.053	2.067	2.082	2.097	2.113	2.132	2.154	2.177	2.203	2.231	2.262	2.294	2.329	2.365	2.402	2.441	2.483	2.526	2.573	2.622	2.657	2.669	2.684	2.702	2.725	2.754	2.784	2.817	2.855	2.898	2.944	2.993	3.045	3.096	3.151	3.207	3.266	3.326	3.389	3.452	
5.419	5.390	5.362	5.336	5.312	5.289	5.268	5.249	5.231	5.215	5.202	5.190	5.179	5.171	5.165	5.160	5.158	5.157	5.117	5.072	5.008	4.945	4.884	4.825	4.768	4.713	4.661	4.612	4.564	4.518	4.476	4.438	4.403	4.371	4.345	4.324	4.307	4.294	4.283	4.278	4.275	4.278	4.286	4.277	4.265	4.256	4.253	4.255	4.258	4.265	4.278	4.289	4.303	4.317	4.333	4.346	4.361	4.378	4.399	4.422	4.444	4.469	4.497	4.528	4.561	4.597	4.636	4.678	4.722	4.769	4.818	4.868	4.920	4.944	4.945	4.949	4.954	4.962	4.971	4.982	4.995	5.010	5.027	5.045	5.065	5.087	5.111	5.136	5.163	5.191	5.221	5.253	5.286	5.321	5.356	5.394	5.432	5.472	5.513	5.555	5.599	5.643	5.689	5.736	5.697	5.641	5.586	5.532	5.479	5.427	5.376	5.322	5.266	5.210	5.156	5.103	5.051	5.000	4.950	4.895	4.840	4.786	4.733	4.681	4.630	4.581	4.531	4.476	4.422	4.370	4.319	4.269	4.222	4.175	4.121	4.068	4.017	3.968	3.921	3.875	3.830	3.777	3.727	3.679	3.633	3.590	3.549	3.501	3.453	3.407	3.365	3.325	3.288	3.244	3.200	3.160	3.123	3.090	3.056	3.016	2.980	2.949	2.923	2.895	2.863	2.836	2.815	2.767	2.712	2.659	2.610	2.564	2.516	2.466	2.419	2.374	2.331	2.291	2.254	2.211	2.172	2.134	2.100	2.072	2.040	2.008	1.981	1.960	1.939	1.915	1.897	1.883	1.870	1.855	1.843	1.837	1.829	1.823	1.823	1.821	1.821	1.825	1.832	1.837	1.847	1.861	1.874	1.890	1.906	1.913	1.918	1.924	1.932	1.942	1.951	1.964	1.978	1.993	2.007	2.023	2.040	2.059	2.081	2.105	2.131	2.158	2.189	2.223	2.259	2.295	2.332	2.371	2.413	2.456	2.503	2.552	2.583	2.597	2.613	2.632	2.657	2.687	2.720	2.755	2.795	2.840	2.888	2.939	2.994	3.048	3.104	3.162	3.223	3.285	3.348	3.413	
5.415	5.385	5.358	5.332	5.307	5.285	5.264	5.244	5.227	5.211	5.197	5.185	5.175	5.167	5.161	5.156	5.154	5.153	5.117	5.078	5.016	4.954	4.893	4.834	4.778	4.723	4.672	4.623	4.574	4.529	4.487	4.449	4.414	4.382	4.356	4.335	4.318	4.304	4.292	4.287	4.284	4.279	4.259	4.244	4.232	4.224	4.220	4.223	4.230	4.238	4.251	4.263	4.277	4.293	4.309	4.324	4.337	4.355	4.376	4.399	4.421	4.446	4.473	4.504	4.537	4.573	4.613	4.656	4.701	4.749	4.796	4.846	4.899	4.923	4.925	4.928	4.934	4.941	4.950	4.962	4.975	4.989	5.006	5.024	5.045	5.067	5.090	5.115	5.142	5.171	5.201	5.232	5.266	5.300	5.336	5.373	5.412	5.451	5.493	5.535	5.578	5.623	5.668	5.715	5.689	5.633	5.578	5.523	5.470	5.418	5.367	5.312	5.255	5.200	5.145	5.092	5.040	4.989	4.939	4.883	4.827	4.772	4.719	4.667	4.616	4.567	4.515	4.460	4.406	4.353	4.302	4.252	4.204	4.155	4.101	4.048	3.996	3.947	3.899	3.853	3.805	3.753	3.702	3.653	3.607	3.562	3.521	3.470	3.421	3.375	3.331	3.291	3.253	3.206	3.161	3.119	3.081	3.047	3.010	2.969	2.932	2.899	2.872	2.840	2.806	2.778	2.756	2.728	2.673	2.620	2.571	2.522	2.470	2.420	2.373	2.328	2.284	2.245	2.200	2.157	2.118	2.080	2.047	2.016	1.979	1.947	1.920	1.900	1.872	1.848	1.831	1.816	1.800	1.785	1.772	1.766	1.756	1.750	1.750	1.747	1.748	1.751	1.758	1.763	1.774	1.788	1.801	1.817	1.833	1.839	1.844	1.850	1.859	1.868	1.878	1.890	1.905	1.920	1.934	1.950	1.969	1.988	2.010	2.033	2.059	2.087	2.118	2.152	2.188	2.225	2.263	2.303	2.345	2.388	2.435	2.484	2.510	2.525	2.543	2.563	2.590	2.623	2.658	2.696	2.738	2.785	2.835	2.889	2.946	3.002	3.060	3.120	3.182	3.246	3.311	3.378	
5.376	5.347	5.320	5.293	5.269	5.246	5.225	5.206	5.189	5.173	5.159	5.147	5.137	5.129	5.122	5.118	5.116	5.115	5.080	5.047	5.014	4.967	4.906	4.848	4.792	4.738	4.688	4.639	4.590	4.545	4.502	4.464	4.430	4.400	4.373	4.350	4.332	4.317	4.307	4.298	4.275	4.248	4.227	4.212	4.201	4.195	4.192	4.196	4.202	4.213	4.226	4.238	4.252	4.267	4.286	4.303	4.317	4.335	4.357	4.379	4.400	4.424	4.452	4.483	4.517	4.554	4.595	4.639	4.683	4.730	4.778	4.829	4.882	4.907	4.908	4.912	4.917	4.924	4.934	4.945	4.958	4.973	4.989	5.008	5.028	5.050	5.073	5.099	5.126	5.154	5.184	5.216	5.249	5.283	5.319	5.356	5.395	5.435	5.476	5.518	5.562	5.606	5.652	5.698	5.682	5.626	5.571	5.516	5.463	5.411	5.359	5.303	5.247	5.191	5.137	5.083	5.031	4.979	4.929	4.872	4.816	4.761	4.708	4.656	4.605	4.555	4.502	4.446	4.392	4.339	4.287	4.237	4.189	4.139	4.084	4.030	3.978	3.928	3.880	3.834	3.784	3.731	3.679	3.630	3.583	3.538	3.496	3.443	3.393	3.346	3.302	3.260	3.221	3.172	3.126	3.083	3.044	3.009	2.968	2.925	2.887	2.853	2.825	2.789	2.754	2.724	2.700	2.676	2.638	2.585	2.536	2.480	2.427	2.378	2.331	2.285	2.242	2.196	2.150	2.107	2.068	2.030	1.997	1.959	1.922	1.890	1.863	1.838	1.808	1.785	1.767	1.750	1.731	1.716	1.704	1.697	1.685	1.679	1.678	1.675	1.675	1.679	1.686	1.692	1.702	1.716	1.729	1.745	1.761	1.767	1.772	1.779	1.787	1.797	1.806	1.819	1.833	1.848	1.862	1.878	1.898	1.918	1.940	1.964	1.990	2.017	2.048	2.082	2.119	2.155	2.195	2.236	2.279	2.322	2.369	2.418	2.439	2.455	2.475	2.497	2.526	2.561	2.599	2.639	2.684	2.733	2.786	2.842	2.901	2.960	3.020	3.082	3.145	3.211	3.277	3.345	
5.339	5.310	5.282	5.256	5.232	5.209	5.188	5.169	5.151	5.135	5.122	5.110	5.099	5.091	5.085	5.080	5.078	5.077	5.042	5.008	4.977	4.949	4.919	4.866	4.811	4.758	4.707	4.658	4.609	4.563	4.521	4.483	4.450	4.420	4.392	4.370	4.351	4.333	4.310	4.276	4.247	4.220	4.199	4.183	4.171	4.166	4.165	4.169	4.178	4.189	4.202	4.214	4.228	4.243	4.261	4.284	4.303	4.321	4.342	4.364	4.384	4.409	4.436	4.465	4.500	4.539	4.580	4.623	4.668	4.715	4.764	4.816	4.869	4.894	4.896	4.899	4.905	4.912	4.921	4.932	4.945	4.960	4.977	4.995	5.015	5.037	5.061	5.086	5.113	5.142	5.172	5.203	5.236	5.271	5.307	5.344	5.382	5.422	5.463	5.505	5.549	5.593	5.639	5.686	5.677	5.621	5.565	5.511	5.458	5.405	5.354	5.297	5.240	5.184	5.130	5.076	5.023	4.972	4.920	4.863	4.807	4.752	4.699	4.646	4.595	4.546	4.491	4.435	4.380	4.327	4.275	4.225	4.176	4.125	4.069	4.015	3.963	3.913	3.864	3.818	3.766	3.712	3.660	3.610	3.563	3.518	3.473	3.420	3.369	3.321	3.276	3.234	3.192	3.142	3.094	3.050	3.010	2.974	2.931	2.886	2.846	2.811	2.782	2.742	2.705	2.674	2.649	2.621	2.590	2.555	2.498	2.442	2.390	2.340	2.293	2.246	2.197	2.150	2.104	2.062	2.022	1.985	1.944	1.905	1.868	1.836	1.809	1.777	1.748	1.724	1.706	1.684	1.665	1.650	1.638	1.628	1.615	1.609	1.608	1.604	1.605	1.608	1.615	1.622	1.632	1.646	1.659	1.675	1.691	1.696	1.701	1.709	1.717	1.727	1.736	1.749	1.763	1.778	1.792	1.809	1.829	1.850	1.873	1.896	1.922	1.950	1.981	2.015	2.052	2.088	2.127	2.169	2.212	2.258	2.306	2.355	2.370	2.388	2.409	2.433	2.465	2.503	2.544	2.586	2.634	2.685	2.741	2.799	2.860	2.921	2.983	3.047	3.112	3.179	3.247	3.316	
5.304	5.274	5.247	5.221	5.196	5.174	5.153	5.133	5.116	5.100	5.086	5.074	5.064	5.056	5.050	5.045	5.043	5.042	5.007	4.972	4.940	4.912	4.886	4.861	4.829	4.779	4.728	4.679	4.631	4.586	4.545	4.508	4.476	4.444	4.416	4.392	4.359	4.320	4.282	4.248	4.219	4.192	4.171	4.155	4.143	4.138	4.139	4.145	4.155	4.167	4.180	4.193	4.206	4.222	4.241	4.263	4.287	4.309	4.330	4.351	4.373	4.397	4.423	4.453	4.487	4.527	4.568	4.612	4.657	4.705	4.755	4.807	4.861	4.886	4.887	4.891	4.896	4.903	4.913	4.924	4.937	4.952	4.968	4.987	5.007	5.029	5.052	5.078	5.105	5.133	5.163	5.195	5.228	5.262	5.298	5.335	5.374	5.414	5.455	5.497	5.541	5.585	5.631	5.677	5.674	5.617	5.562	5.508	5.454	5.402	5.350	5.292	5.235	5.179	5.125	5.071	5.018	4.967	4.914	4.857	4.801	4.746	4.692	4.639	4.588	4.538	4.482	4.426	4.371	4.318	4.266	4.215	4.167	4.113	4.058	4.003	3.951	3.900	3.851	3.805	3.751	3.697	3.644	3.594	3.546	3.500	3.453	3.400	3.349	3.300	3.254	3.211	3.167	3.116	3.067	3.022	2.981	2.945	2.898	2.852	2.811	2.774	2.743	2.700	2.661	2.628	2.602	2.570	2.537	2.512	2.465	2.409	2.357	2.307	2.258	2.205	2.156	2.109	2.064	2.021	1.982	1.937	1.895	1.856	1.819	1.787	1.755	1.721	1.691	1.667	1.647	1.622	1.602	1.587	1.575	1.561	1.549	1.543	1.540	1.536	1.536	1.540	1.547	1.554	1.565	1.579	1.592	1.608	1.624	1.628	1.633	1.641	1.650	1.659	1.669	1.681	1.696	1.711	1.725	1.741	1.761	1.783	1.807	1.832	1.858	1.886	1.917	1.951	1.987	2.023	2.063	2.105	2.148	2.194	2.243	2.294	2.304	2.323	2.347	2.373	2.407	2.448	2.493	2.538	2.588	2.642	2.699	2.760	2.823	2.887	2.950	3.016	3.082	3.150	3.220	3.290	
5.272	5.242	5.215	5.189	5.164	5.142	5.121	5.101	5.084	5.068	5.054	5.042	5.032	5.024	5.018	5.013	5.011	5.010	4.975	4.940	4.907	4.877	4.851	4.826	4.803	4.782	4.753	4.705	4.658	4.614	4.574	4.537	4.502	4.465	4.420	4.374	4.330	4.290	4.254	4.220	4.193	4.166	4.145	4.129	4.117	4.113	4.116	4.123	4.133	4.147	4.160	4.173	4.187	4.203	4.224	4.247	4.272	4.297	4.320	4.341	4.364	4.388	4.415	4.446	4.480	4.520	4.561	4.604	4.650	4.699	4.750	4.801	4.856	4.880	4.882	4.886	4.891	4.898	4.908	4.919	4.932	4.947	4.963	4.982	5.002	5.024	5.047	5.073	5.100	5.128	5.158	5.190	5.223	5.257	5.293	5.330	5.369	5.409	5.450	5.492	5.535	5.580	5.626	5.672	5.672	5.616	5.560	5.506	5.452	5.400	5.347	5.289	5.232	5.176	5.122	5.068	5.015	4.964	4.909	4.852	4.796	4.741	4.687	4.635	4.583	4.533	4.476	4.420	4.365	4.311	4.259	4.208	4.160	4.105	4.049	3.994	3.942	3.891	3.842	3.795	3.739	3.685	3.632	3.581	3.533	3.487	3.438	3.384	3.332	3.283	3.236	3.193	3.146	3.094	3.045	2.999	2.957	2.920	2.870	2.823	2.780	2.743	2.710	2.664	2.623	2.588	2.560	2.525	2.489	2.462	2.437	2.382	2.329	2.278	2.223	2.170	2.121	2.074	2.029	1.985	1.939	1.893	1.852	1.813	1.776	1.742	1.704	1.669	1.640	1.616	1.589	1.563	1.544	1.529	1.513	1.498	1.486	1.480	1.475	1.471	1.472	1.475	1.482	1.491	1.501	1.515	1.528	1.544	1.560	1.563	1.568	1.578	1.586	1.596	1.605	1.618	1.632	1.647	1.661	1.677	1.697	1.719	1.744	1.770	1.798	1.825	1.856	1.891	1.927	1.963	2.003	2.044	2.088	2.134	2.183	2.231	2.241	2.263	2.289	2.318	2.355	2.399	2.447	2.494	2.547	2.603	2.663	2.726	2.791	2.857	2.922	2.989	3.057	3.126	3.196	3.268	
5.243	5.214	5.186	5.160	5.136	5.113	5.092	5.073	5.055	5.040	5.026	5.014	5.004	4.995	4.989	4.985	4.982	4.982	4.946	4.910	4.876	4.845	4.818	4.794	4.772	4.750	4.733	4.718	4.687	4.644	4.601	4.547	4.493	4.441	4.391	4.345	4.301	4.260	4.224	4.190	4.162	4.139	4.119	4.106	4.095	4.091	4.095	4.104	4.115	4.130	4.143	4.158	4.172	4.190	4.210	4.233	4.258	4.281	4.305	4.330	4.354	4.381	4.411	4.442	4.476	4.515	4.556	4.599	4.645	4.695	4.746	4.798	4.852	4.876	4.877	4.881	4.886	4.894	4.903	4.914	4.927	4.942	4.959	4.977	4.997	5.019	5.043	5.068	5.095	5.123	5.154	5.185	5.218	5.253	5.288	5.326	5.364	5.404	5.445	5.487	5.531	5.575	5.621	5.668	5.670	5.614	5.559	5.504	5.451	5.398	5.346	5.288	5.231	5.175	5.121	5.067	5.014	4.962	4.907	4.850	4.794	4.739	4.685	4.632	4.581	4.530	4.472	4.416	4.361	4.307	4.255	4.204	4.155	4.099	4.043	3.988	3.935	3.884	3.835	3.788	3.731	3.676	3.623	3.572	3.523	3.477	3.426	3.372	3.319	3.270	3.223	3.179	3.130	3.077	3.028	2.981	2.939	2.899	2.847	2.799	2.756	2.717	2.681	2.633	2.591	2.555	2.526	2.486	2.448	2.419	2.399	2.360	2.307	2.250	2.195	2.142	2.092	2.046	1.997	1.948	1.902	1.857	1.815	1.776	1.737	1.697	1.659	1.624	1.595	1.567	1.536	1.511	1.492	1.475	1.456	1.441	1.428	1.422	1.415	1.411	1.412	1.415	1.422	1.432	1.442	1.456	1.469	1.486	1.501	1.503	1.508	1.518	1.527	1.537	1.546	1.559	1.573	1.588	1.603	1.619	1.639	1.661	1.685	1.711	1.739	1.770	1.802	1.836	1.872	1.908	1.948	1.989	2.033	2.079	2.128	2.172	2.184	2.208	2.237	2.268	2.308	2.355	2.406	2.457	2.512	2.570	2.632	2.697	2.764	2.832	2.899	2.966	3.036	3.106	3.177	3.249	
5.218	5.189	5.161	5.135	5.111	5.088	5.067	5.048	5.030	5.015	5.001	4.989	4.979	4.970	4.964	4.960	4.957	4.956	4.920	4.883	4.848	4.816	4.789	4.766	4.744	4.722	4.704	4.690	4.676	4.639	4.580	4.524	4.470	4.418	4.367	4.320	4.277	4.236	4.200	4.166	4.136	4.113	4.096	4.083	4.076	4.072	4.076	4.084	4.097	4.114	4.130	4.145	4.161	4.179	4.200	4.223	4.246	4.268	4.292	4.316	4.342	4.369	4.400	4.435	4.473	4.512	4.554	4.597	4.643	4.691	4.742	4.793	4.844	4.867	4.868	4.872	4.877	4.885	4.894	4.905	4.918	4.933	4.950	4.968	4.988	5.010	5.034	5.059	5.086	5.114	5.144	5.176	5.209	5.244	5.279	5.317	5.355	5.395	5.436	5.478	5.522	5.566	5.612	5.659	5.667	5.611	5.556	5.501	5.448	5.395	5.343	5.285	5.228	5.172	5.117	5.064	5.011	4.959	4.906	4.849	4.792	4.737	4.683	4.631	4.579	4.528	4.471	4.414	4.359	4.306	4.253	4.203	4.153	4.096	4.040	3.985	3.932	3.881	3.832	3.783	3.726	3.671	3.618	3.567	3.518	3.471	3.418	3.364	3.311	3.261	3.214	3.170	3.119	3.065	3.015	2.968	2.925	2.883	2.830	2.782	2.737	2.698	2.659	2.610	2.566	2.528	2.498	2.454	2.415	2.385	2.361	2.324	2.286	2.228	2.173	2.121	2.071	2.020	1.968	1.920	1.873	1.828	1.786	1.744	1.700	1.661	1.622	1.588	1.558	1.523	1.492	1.466	1.447	1.425	1.405	1.390	1.378	1.372	1.362	1.358	1.359	1.362	1.369	1.380	1.390	1.404	1.417	1.434	1.449	1.450	1.455	1.465	1.474	1.485	1.494	1.507	1.521	1.536	1.551	1.567	1.587	1.609	1.633	1.659	1.687	1.719	1.753	1.788	1.824	1.861	1.900	1.942	1.985	2.031	2.080	2.120	2.133	2.160	2.193	2.226	2.269	2.319	2.374	2.426	2.483	2.544	2.608	2.674	2.742	2.812	2.880	2.949	3.019	3.090	3.162	3.235	
5.194	5.165	5.137	5.111	5.087	5.064	5.043	5.024	5.006	4.991	4.977	4.965	4.955	4.946	4.940	4.936	4.933	4.933	4.896	4.859	4.824	4.792	4.764	4.740	4.719	4.698	4.680	4.664	4.649	4.618	4.559	4.502	4.449	4.398	4.348	4.301	4.255	4.214	4.178	4.145	4.115	4.090	4.073	4.062	4.054	4.053	4.059	4.068	4.081	4.099	4.117	4.134	4.152	4.171	4.192	4.213	4.234	4.256	4.279	4.305	4.330	4.359	4.390	4.426	4.465	4.505	4.548	4.592	4.639	4.685	4.734	4.783	4.835	4.857	4.859	4.862	4.868	4.875	4.885	4.896	4.909	4.924	4.940	4.959	4.979	5.001	5.024	5.050	5.076	5.105	5.135	5.167	5.200	5.234	5.270	5.307	5.346	5.386	5.427	5.469	5.512	5.557	5.603	5.649	5.668	5.612	5.556	5.502	5.448	5.396	5.341	5.284	5.227	5.171	5.116	5.062	5.010	4.958	4.903	4.845	4.789	4.734	4.680	4.627	4.576	4.525	4.468	4.411	4.356	4.303	4.250	4.200	4.151	4.094	4.038	3.984	3.931	3.879	3.830	3.781	3.724	3.669	3.616	3.565	3.516	3.469	3.415	3.360	3.307	3.257	3.210	3.165	3.112	3.059	3.008	2.961	2.918	2.873	2.820	2.771	2.726	2.686	2.644	2.594	2.549	2.511	2.480	2.432	2.391	2.359	2.332	2.292	2.264	2.215	2.159	2.107	2.055	2.001	1.949	1.900	1.854	1.809	1.763	1.717	1.674	1.634	1.596	1.561	1.525	1.488	1.457	1.432	1.410	1.384	1.365	1.350	1.337	1.330	1.319	1.315	1.315	1.319	1.326	1.338	1.348	1.362	1.375	1.391	1.406	1.407	1.412	1.422	1.431	1.442	1.452	1.465	1.479	1.494	1.508	1.524	1.544	1.566	1.591	1.616	1.645	1.676	1.711	1.747	1.784	1.823	1.862	1.904	1.947	1.993	2.043	2.078	2.093	2.121	2.157	2.193	2.238	2.291	2.349	2.403	2.462	2.524	2.589	2.657	2.726	2.797	2.867	2.936	3.007	3.079	3.151	3.225	
5.172	5.143	5.115	5.089	5.065	5.042	5.021	5.002	4.984	4.969	4.955	4.943	4.933	4.925	4.918	4.914	4.911	4.911	4.874	4.837	4.803	4.771	4.743	4.719	4.696	4.675	4.657	4.640	4.625	4.602	4.543	4.485	4.431	4.380	4.330	4.283	4.238	4.197	4.161	4.127	4.099	4.074	4.057	4.045	4.038	4.037	4.043	4.053	4.066	4.084	4.104	4.122	4.140	4.158	4.178	4.198	4.220	4.245	4.270	4.297	4.324	4.353	4.385	4.421	4.458	4.500	4.543	4.587	4.631	4.677	4.724	4.774	4.826	4.849	4.851	4.854	4.860	4.867	4.876	4.887	4.900	4.915	4.932	4.950	4.971	4.992	5.016	5.041	5.068	5.097	5.127	5.158	5.191	5.226	5.262	5.299	5.337	5.377	5.418	5.461	5.504	5.549	5.594	5.641	5.672	5.616	5.561	5.506	5.453	5.400	5.344	5.286	5.229	5.173	5.118	5.065	5.012	4.960	4.903	4.846	4.790	4.734	4.681	4.628	4.576	4.524	4.466	4.410	4.355	4.301	4.249	4.198	4.149	4.091	4.035	3.980	3.927	3.876	3.827	3.778	3.721	3.666	3.613	3.561	3.513	3.466	3.413	3.358	3.305	3.255	3.207	3.163	3.110	3.057	3.006	2.959	2.916	2.869	2.816	2.766	2.721	2.681	2.636	2.586	2.541	2.502	2.468	2.419	2.378	2.345	2.314	2.273	2.243	2.209	2.154	2.101	2.045	1.991	1.939	1.890	1.844	1.795	1.748	1.702	1.658	1.618	1.580	1.541	1.503	1.467	1.436	1.411	1.383	1.357	1.338	1.323	1.311	1.300	1.289	1.285	1.285	1.289	1.296	1.309	1.319	1.333	1.346	1.362	1.376	1.377	1.382	1.392	1.401	1.412	1.423	1.435	1.450	1.465	1.479	1.495	1.515	1.537	1.561	1.587	1.616	1.647	1.682	1.718	1.755	1.795	1.837	1.878	1.922	1.968	2.017	2.049	2.065	2.096	2.134	2.171	2.219	2.273	2.333	2.388	2.448	2.512	2.578	2.646	2.716	2.787	2.858	2.928	3.000	3.072	3.145	3.219	
5.153	5.124	5.096	5.070	5.046	5.023	5.002	4.983	4.965	4.949	4.936	4.924	4.913	4.905	4.899	4.894	4.892	4.891	4.856	4.820	4.785	4.755	4.726	4.700	4.676	4.655	4.637	4.618	4.602	4.585	4.531	4.473	4.418	4.364	4.315	4.269	4.225	4.183	4.146	4.112	4.085	4.061	4.044	4.034	4.029	4.028	4.033	4.043	4.056	4.073	4.092	4.110	4.129	4.146	4.165	4.186	4.209	4.235	4.262	4.291	4.321	4.350	4.383	4.419	4.457	4.497	4.540	4.582	4.626	4.672	4.719	4.768	4.819	4.842	4.844	4.847	4.853	4.860	4.869	4.880	4.893	4.908	4.925	4.943	4.963	4.985	5.009	5.034	5.061	5.090	5.120	5.151	5.184	5.219	5.255	5.292	5.330	5.370	5.411	5.454	5.497	5.542	5.587	5.634	5.672	5.621	5.566	5.511	5.458	5.405	5.349	5.292	5.235	5.179	5.124	5.070	5.018	4.965	4.907	4.850	4.794	4.739	4.685	4.632	4.581	4.526	4.469	4.412	4.357	4.303	4.251	4.200	4.149	4.092	4.035	3.981	3.928	3.877	3.827	3.776	3.720	3.665	3.611	3.560	3.511	3.465	3.410	3.355	3.302	3.252	3.205	3.161	3.107	3.053	3.002	2.955	2.912	2.866	2.813	2.763	2.718	2.678	2.634	2.583	2.538	2.499	2.465	2.416	2.374	2.341	2.308	2.267	2.237	2.205	2.149	2.097	2.042	1.987	1.935	1.886	1.840	1.791	1.744	1.698	1.654	1.614	1.576	1.535	1.496	1.460	1.429	1.403	1.372	1.347	1.328	1.313	1.300	1.287	1.276	1.272	1.273	1.276	1.283	1.296	1.306	1.320	1.333	1.350	1.363	1.365	1.370	1.379	1.388	1.400	1.410	1.423	1.438	1.452	1.467	1.483	1.503	1.525	1.549	1.575	1.603	1.635	1.669	1.706	1.742	1.782	1.824	1.868	1.911	1.957	2.006	2.037	2.053	2.084	2.124	2.162	2.210	2.266	2.326	2.383	2.443	2.507	2.573	2.642	2.712	2.784	2.856	2.926	2.997	3.070	3.143	3.217	
5.136	5.107	5.079	5.053	5.029	5.006	4.985	4.966	4.948	4.933	4.919	4.907	4.897	4.889	4.882	4.878	4.875	4.875	4.838	4.803	4.770	4.740	4.711	4.685	4.661	4.639	4.620	4.600	4.584	4.570	4.520	4.463	4.407	4.352	4.302	4.256	4.213	4.172	4.136	4.104	4.077	4.056	4.039	4.028	4.022	4.023	4.027	4.036	4.050	4.065	4.082	4.100	4.118	4.137	4.157	4.177	4.202	4.228	4.256	4.288	4.320	4.351	4.384	4.419	4.458	4.498	4.538	4.579	4.623	4.668	4.716	4.765	4.816	4.838	4.840	4.844	4.849	4.856	4.866	4.877	4.890	4.905	4.921	4.940	4.960	4.982	5.005	5.031	5.058	5.086	5.116	5.148	5.181	5.215	5.251	5.288	5.327	5.367	5.408	5.450	5.493	5.538	5.584	5.630	5.634	5.584	5.529	5.475	5.421	5.369	5.317	5.267	5.217	5.165	5.110	5.056	5.004	4.952	4.902	4.853	4.799	4.744	4.690	4.637	4.586	4.532	4.474	4.418	4.363	4.309	4.257	4.206	4.153	4.096	4.040	3.985	3.932	3.881	3.832	3.779	3.722	3.667	3.614	3.563	3.514	3.467	3.411	3.356	3.303	3.253	3.206	3.162	3.106	3.053	3.002	2.955	2.911	2.864	2.811	2.762	2.716	2.676	2.631	2.581	2.535	2.496	2.461	2.412	2.371	2.338	2.305	2.264	2.233	2.201	2.146	2.093	2.037	1.982	1.930	1.881	1.834	1.785	1.737	1.690	1.646	1.606	1.568	1.527	1.490	1.454	1.423	1.397	1.367	1.341	1.322	1.307	1.295	1.282	1.271	1.267	1.266	1.267	1.274	1.287	1.297	1.312	1.325	1.338	1.339	1.342	1.347	1.356	1.365	1.377	1.389	1.402	1.417	1.431	1.446	1.463	1.483	1.506	1.531	1.558	1.586	1.617	1.650	1.685	1.723	1.763	1.804	1.848	1.891	1.938	1.988	2.019	2.035	2.067	2.106	2.144	2.192	2.247	2.307	2.363	2.423	2.487	2.553	2.622	2.692	2.763	2.832	2.902	2.974	3.046	3.119	3.193	
5.122	5.093	5.066	5.040	5.015	4.992	4.971	4.952	4.935	4.919	4.905	4.893	4.883	4.875	4.869	4.864	4.862	4.861	4.824	4.789	4.756	4.726	4.698	4.671	4.646	4.624	4.604	4.585	4.569	4.557	4.513	4.455	4.400	4.346	4.296	4.249	4.206	4.166	4.130	4.099	4.072	4.051	4.035	4.025	4.020	4.020	4.024	4.033	4.044	4.058	4.074	4.091	4.111	4.131	4.152	4.174	4.198	4.225	4.255	4.286	4.321	4.355	4.388	4.424	4.461	4.500	4.539	4.580	4.622	4.667	4.714	4.763	4.815	4.838	4.840	4.843	4.848	4.856	4.865	4.876	4.889	4.904	4.921	4.939	4.959	4.981	5.005	5.030	5.057	5.086	5.116	5.147	5.180	5.215	5.251	5.288	5.326	5.366	5.407	5.449	5.493	5.537	5.583	5.630	5.597	5.547	5.491	5.437	5.383	5.331	5.279	5.229	5.180	5.127	5.072	5.018	4.966	4.914	4.864	4.815	4.765	4.710	4.656	4.603	4.552	4.502	4.454	4.405	4.350	4.296	4.244	4.193	4.144	4.097	4.045	3.990	3.937	3.886	3.837	3.785	3.728	3.673	3.620	3.568	3.520	3.472	3.415	3.361	3.308	3.258	3.210	3.166	3.109	3.056	3.005	2.958	2.915	2.866	2.813	2.763	2.718	2.678	2.632	2.581	2.536	2.497	2.461	2.412	2.371	2.338	2.304	2.263	2.233	2.203	2.147	2.094	2.037	1.982	1.930	1.881	1.833	1.783	1.735	1.688	1.644	1.603	1.565	1.523	1.487	1.452	1.421	1.395	1.364	1.338	1.319	1.303	1.292	1.278	1.268	1.262	1.258	1.258	1.265	1.277	1.288	1.302	1.302	1.300	1.302	1.307	1.314	1.322	1.332	1.345	1.356	1.370	1.385	1.398	1.415	1.432	1.452	1.474	1.500	1.527	1.554	1.584	1.617	1.653	1.691	1.732	1.775	1.818	1.863	1.910	1.959	1.991	2.007	2.039	2.078	2.116	2.164	2.219	2.279	2.335	2.395	2.459	2.525	2.594	2.664	2.736	2.805	2.875	2.946	3.018	3.091	3.165	
5.113	5.083	5.056	5.030	5.005	4.983	4.962	4.942	4.925	4.909	4.895	4.883	4.873	4.865	4.859	4.854	4.852	4.851	4.814	4.779	4.747	4.717	4.689	4.661	4.637	4.614	4.593	4.573	4.556	4.543	4.511	4.454	4.399	4.345	4.295	4.247	4.202	4.162	4.127	4.095	4.070	4.048	4.030	4.021	4.019	4.019	4.022	4.029	4.039	4.053	4.069	4.086	4.105	4.128	4.151	4.174	4.199	4.226	4.255	4.288	4.323	4.358	4.394	4.431	4.467	4.504	4.542	4.582	4.625	4.669	4.715	4.764	4.816	4.839	4.840	4.844	4.849	4.857	4.866	4.877	4.890	4.905	4.921	4.940	4.960	4.982	5.006	5.031	5.058	5.086	5.116	5.148	5.181	5.215	5.251	5.288	5.327	5.367	5.408	5.450	5.494	5.538	5.584	5.613	5.562	5.511	5.455	5.401	5.347	5.295	5.243	5.193	5.144	5.090	5.035	4.981	4.929	4.877	4.827	4.778	4.727	4.672	4.618	4.565	4.514	4.464	4.416	4.367	4.312	4.258	4.206	4.155	4.106	4.059	4.010	3.956	3.903	3.851	3.802	3.755	3.710	3.657	3.604	3.553	3.504	3.457	3.414	3.364	3.311	3.261	3.213	3.169	3.115	3.062	3.011	2.964	2.920	2.872	2.818	2.769	2.724	2.684	2.637	2.586	2.541	2.502	2.465	2.416	2.374	2.341	2.307	2.266	2.236	2.209	2.153	2.098	2.041	1.987	1.935	1.886	1.837	1.787	1.739	1.691	1.647	1.607	1.567	1.525	1.489	1.455	1.424	1.397	1.366	1.341	1.321	1.304	1.293	1.278	1.268	1.261	1.256	1.256	1.262	1.274	1.282	1.273	1.267	1.266	1.268	1.272	1.282	1.292	1.303	1.315	1.328	1.342	1.356	1.369	1.384	1.402	1.422	1.445	1.470	1.495	1.522	1.554	1.587	1.623	1.662	1.704	1.747	1.790	1.836	1.884	1.933	1.966	1.982	2.014	2.053	2.091	2.139	2.194	2.254	2.310	2.370	2.434	2.501	2.569	2.639	2.711	2.780	2.850	2.922	2.994	3.067	3.141	
5.106	5.077	5.049	5.023	4.999	4.976	4.955	4.936	4.918	4.903	4.889	4.877	4.867	4.858	4.852	4.848	4.845	4.844	4.808	4.773	4.741	4.711	4.682	4.655	4.630	4.606	4.584	4.564	4.546	4.532	4.512	4.456	4.399	4.346	4.296	4.249	4.204	4.163	4.127	4.096	4.071	4.050	4.033	4.023	4.019	4.018	4.021	4.028	4.038	4.050	4.066	4.083	4.104	4.126	4.151	4.177	4.202	4.230	4.260	4.292	4.326	4.361	4.398	4.435	4.472	4.509	4.547	4.587	4.629	4.674	4.720	4.769	4.819	4.841	4.843	4.847	4.852	4.859	4.869	4.880	4.893	4.908	4.924	4.943	4.963	4.985	5.008	5.034	5.061	5.089	5.119	5.151	5.184	5.218	5.254	5.291	5.330	5.370	5.411	5.453	5.496	5.541	5.587	5.582	5.531	5.478	5.423	5.368	5.315	5.262	5.211	5.160	5.111	5.055	5.000	4.947	4.894	4.842	4.792	4.743	4.691	4.636	4.582	4.529	4.478	4.428	4.380	4.330	4.275	4.221	4.169	4.118	4.069	4.022	3.972	3.918	3.865	3.814	3.764	3.717	3.672	3.619	3.566	3.515	3.466	3.419	3.376	3.325	3.273	3.222	3.175	3.131	3.090	3.037	2.987	2.939	2.896	2.857	2.809	2.759	2.714	2.674	2.640	2.590	2.545	2.506	2.471	2.422	2.380	2.347	2.313	2.272	2.242	2.219	2.164	2.107	2.050	1.996	1.944	1.895	1.846	1.796	1.747	1.700	1.656	1.616	1.574	1.533	1.497	1.462	1.431	1.403	1.373	1.348	1.328	1.312	1.298	1.285	1.273	1.265	1.261	1.260	1.267	1.261	1.251	1.240	1.233	1.233	1.237	1.241	1.251	1.263	1.276	1.287	1.301	1.316	1.331	1.345	1.359	1.377	1.398	1.420	1.443	1.468	1.496	1.527	1.560	1.596	1.636	1.678	1.721	1.765	1.812	1.860	1.910	1.943	1.959	1.991	2.030	2.068	2.116	2.171	2.231	2.287	2.347	2.411	2.478	2.546	2.616	2.688	2.758	2.828	2.899	2.971	3.044	3.118	
5.101	5.072	5.044	5.018	4.994	4.971	4.950	4.931	4.913	4.898	4.884	4.872	4.862	4.854	4.847	4.843	4.840	4.840	4.803	4.769	4.737	4.707	4.679	4.652	4.626	4.601	4.578	4.557	4.539	4.525	4.514	4.461	4.405	4.352	4.302	4.254	4.210	4.168	4.131	4.100	4.076	4.056	4.040	4.029	4.022	4.019	4.024	4.030	4.041	4.052	4.068	4.086	4.105	4.128	4.153	4.181	4.208	4.237	4.266	4.297	4.331	4.366	4.401	4.439	4.476	4.514	4.554	4.595	4.636	4.680	4.727	4.775	4.823	4.844	4.846	4.849	4.855	4.862	4.872	4.883	4.896	4.910	4.927	4.946	4.966	4.988	5.011	5.037	5.063	5.092	5.122	5.154	5.187	5.221	5.257	5.294	5.333	5.373	5.414	5.456	5.499	5.544	5.590	5.554	5.504	5.449	5.393	5.339	5.285	5.233	5.181	5.131	5.080	5.024	4.969	4.915	4.863	4.811	4.761	4.712	4.658	4.603	4.549	4.496	4.445	4.395	4.347	4.295	4.240	4.186	4.134	4.083	4.034	3.987	3.936	3.882	3.829	3.778	3.728	3.681	3.636	3.582	3.529	3.478	3.429	3.382	3.338	3.287	3.235	3.185	3.137	3.093	3.052	2.999	2.949	2.901	2.858	2.819	2.771	2.721	2.676	2.636	2.602	2.552	2.506	2.467	2.436	2.393	2.351	2.318	2.292	2.251	2.221	2.204	2.173	2.120	2.064	2.010	1.959	1.910	1.859	1.809	1.761	1.714	1.670	1.629	1.587	1.546	1.509	1.475	1.444	1.415	1.385	1.360	1.340	1.323	1.309	1.297	1.283	1.275	1.270	1.254	1.239	1.228	1.217	1.207	1.201	1.201	1.206	1.214	1.225	1.236	1.249	1.261	1.276	1.291	1.308	1.323	1.336	1.354	1.375	1.398	1.420	1.444	1.472	1.503	1.536	1.572	1.613	1.656	1.699	1.744	1.791	1.839	1.889	1.923	1.939	1.970	2.010	2.048	2.096	2.151	2.211	2.267	2.328	2.391	2.458	2.526	2.597	2.668	2.738	2.808	2.880	2.952	3.025	3.099	
5.098	5.069	5.041	5.015	4.991	4.968	4.947	4.928	4.910	4.894	4.881	4.869	4.858	4.850	4.844	4.839	4.837	4.836	4.801	4.768	4.737	4.707	4.679	4.651	4.625	4.598	4.574	4.552	4.535	4.520	4.510	4.469	4.413	4.361	4.310	4.263	4.219	4.178	4.141	4.111	4.084	4.064	4.049	4.035	4.029	4.028	4.030	4.038	4.048	4.061	4.075	4.092	4.111	4.134	4.160	4.187	4.216	4.245	4.274	4.305	4.337	4.370	4.406	4.444	4.482	4.521	4.561	4.603	4.645	4.690	4.736	4.783	4.828	4.848	4.849	4.853	4.858	4.866	4.875	4.886	4.899	4.914	4.931	4.949	4.969	4.991	5.015	5.040	5.067	5.095	5.125	5.157	5.190	5.224	5.260	5.298	5.336	5.376	5.417	5.459	5.503	5.547	5.581	5.530	5.479	5.423	5.367	5.313	5.259	5.207	5.155	5.105	5.052	4.996	4.941	4.888	4.835	4.783	4.733	4.684	4.628	4.573	4.519	4.467	4.415	4.365	4.317	4.264	4.209	4.155	4.103	4.052	4.003	3.956	3.903	3.849	3.796	3.745	3.695	3.648	3.603	3.548	3.494	3.443	3.394	3.348	3.304	3.252	3.199	3.149	3.102	3.057	3.016	2.963	2.912	2.865	2.821	2.782	2.733	2.684	2.639	2.599	2.564	2.514	2.469	2.430	2.398	2.355	2.313	2.280	2.255	2.213	2.183	2.166	2.135	2.115	2.082	2.029	1.978	1.929	1.877	1.828	1.778	1.731	1.687	1.646	1.604	1.562	1.525	1.493	1.463	1.433	1.403	1.377	1.355	1.338	1.323	1.311	1.295	1.268	1.242	1.222	1.208	1.198	1.186	1.177	1.173	1.173	1.179	1.188	1.199	1.211	1.224	1.237	1.250	1.266	1.284	1.302	1.316	1.334	1.356	1.378	1.399	1.424	1.452	1.483	1.517	1.554	1.595	1.639	1.682	1.726	1.773	1.821	1.871	1.906	1.922	1.954	1.993	2.032	2.080	2.135	2.195	2.251	2.312	2.375	2.442	2.510	2.581	2.652	2.723	2.793	2.864	2.936	3.010	3.083	
5.097	5.068	5.041	5.014	4.990	4.967	4.946	4.927	4.910	4.894	4.880	4.868	4.858	4.850	4.843	4.839	4.836	4.836	4.803	4.770	4.739	4.709	4.681	4.654	4.626	4.598	4.573	4.551	4.532	4.518	4.508	4.479	4.424	4.372	4.323	4.275	4.231	4.190	4.155	4.124	4.099	4.077	4.061	4.049	4.042	4.040	4.043	4.048	4.059	4.073	4.087	4.102	4.121	4.144	4.170	4.198	4.225	4.254	4.283	4.313	4.344	4.378	4.413	4.452	4.492	4.531	4.571	4.612	4.654	4.698	4.744	4.790	4.834	4.853	4.855	4.858	4.864	4.871	4.880	4.892	4.905	4.919	4.936	4.955	4.975	4.997	5.020	5.046	5.072	5.101	5.131	5.163	5.196	5.230	5.266	5.303	5.342	5.382	5.423	5.465	5.508	5.553	5.558	5.506	5.455	5.399	5.343	5.289	5.235	5.183	5.131	5.081	5.027	4.972	4.917	4.863	4.810	4.759	4.708	4.658	4.602	4.547	4.493	4.441	4.389	4.339	4.291	4.236	4.181	4.127	4.075	4.024	3.975	3.928	3.874	3.819	3.766	3.715	3.666	3.618	3.572	3.516	3.463	3.412	3.363	3.317	3.273	3.219	3.167	3.117	3.069	3.025	2.982	2.929	2.878	2.831	2.788	2.748	2.699	2.649	2.604	2.564	2.529	2.478	2.433	2.394	2.363	2.318	2.277	2.244	2.217	2.176	2.146	2.129	2.097	2.078	2.050	2.019	1.992	1.950	1.898	1.848	1.799	1.752	1.708	1.669	1.624	1.583	1.547	1.515	1.485	1.454	1.425	1.398	1.376	1.354	1.321	1.293	1.267	1.240	1.214	1.194	1.179	1.168	1.156	1.148	1.145	1.147	1.154	1.164	1.176	1.188	1.200	1.212	1.226	1.242	1.260	1.282	1.302	1.320	1.342	1.363	1.384	1.409	1.435	1.465	1.500	1.539	1.581	1.624	1.667	1.711	1.759	1.808	1.859	1.894	1.910	1.942	1.981	2.020	2.068	2.123	2.183	2.240	2.300	2.364	2.430	2.499	2.569	2.641	2.711	2.782	2.853	2.925	2.998	3.072	
5.101	5.071	5.044	5.018	4.993	4.971	4.950	4.930	4.913	4.897	4.883	4.871	4.861	4.853	4.847	4.842	4.840	4.839	4.806	4.773	4.743	4.714	4.686	4.659	4.629	4.600	4.575	4.552	4.533	4.519	4.508	4.495	4.441	4.389	4.338	4.291	4.248	4.208	4.173	4.141	4.116	4.095	4.078	4.065	4.060	4.058	4.061	4.065	4.075	4.089	4.103	4.119	4.138	4.159	4.185	4.211	4.238	4.265	4.293	4.323	4.354	4.389	4.425	4.463	4.503	4.544	4.584	4.624	4.666	4.708	4.752	4.798	4.842	4.862	4.863	4.867	4.872	4.880	4.889	4.900	4.913	4.928	4.944	4.963	4.983	5.005	5.029	5.054	5.081	5.109	5.139	5.171	5.204	5.238	5.274	5.312	5.350	5.390	5.431	5.473	5.517	5.561	5.537	5.485	5.432	5.376	5.321	5.266	5.213	5.160	5.109	5.058	5.004	4.948	4.893	4.839	4.787	4.735	4.685	4.634	4.578	4.523	4.469	4.416	4.365	4.315	4.267	4.211	4.156	4.102	4.050	3.999	3.950	3.903	3.848	3.793	3.740	3.689	3.640	3.592	3.544	3.489	3.436	3.384	3.335	3.289	3.245	3.190	3.137	3.087	3.040	2.996	2.952	2.898	2.848	2.801	2.757	2.718	2.667	2.617	2.572	2.532	2.496	2.445	2.400	2.361	2.330	2.285	2.243	2.210	2.184	2.142	2.112	2.095	2.063	2.044	2.015	1.984	1.956	1.929	1.904	1.871	1.823	1.777	1.735	1.693	1.649	1.610	1.574	1.541	1.509	1.477	1.438	1.403	1.364	1.327	1.294	1.266	1.240	1.213	1.187	1.167	1.151	1.141	1.129	1.120	1.119	1.121	1.130	1.142	1.153	1.165	1.178	1.191	1.205	1.220	1.240	1.262	1.287	1.309	1.330	1.351	1.373	1.397	1.423	1.453	1.488	1.528	1.569	1.613	1.656	1.701	1.749	1.799	1.850	1.886	1.902	1.934	1.973	2.012	2.060	2.115	2.175	2.232	2.292	2.356	2.422	2.491	2.561	2.633	2.704	2.774	2.846	2.918	2.991	3.065	
5.108	5.078	5.051	5.025	5.000	4.978	4.957	4.937	4.920	4.904	4.890	4.878	4.868	4.860	4.854	4.849	4.847	4.846	4.811	4.779	4.750	4.721	4.693	4.666	4.635	4.606	4.579	4.557	4.538	4.522	4.511	4.501	4.462	4.409	4.359	4.313	4.270	4.230	4.195	4.165	4.141	4.121	4.103	4.089	4.084	4.083	4.083	4.090	4.098	4.108	4.123	4.141	4.160	4.179	4.202	4.229	4.255	4.282	4.308	4.338	4.370	4.404	4.440	4.478	4.518	4.560	4.599	4.638	4.678	4.720	4.764	4.808	4.851	4.871	4.873	4.876	4.882	4.889	4.898	4.910	4.923	4.937	4.954	4.972	4.993	5.015	5.038	5.063	5.090	5.119	5.149	5.180	5.214	5.248	5.284	5.321	5.360	5.399	5.441	5.483	5.526	5.570	5.518	5.467	5.412	5.356	5.301	5.246	5.193	5.140	5.089	5.038	4.983	4.927	4.872	4.818	4.765	4.714	4.663	4.612	4.555	4.500	4.446	4.394	4.342	4.292	4.244	4.188	4.132	4.079	4.026	3.976	3.927	3.879	3.824	3.769	3.716	3.665	3.616	3.568	3.519	3.464	3.411	3.360	3.311	3.264	3.219	3.164	3.112	3.062	3.014	2.970	2.925	2.871	2.821	2.774	2.730	2.691	2.639	2.589	2.544	2.504	2.467	2.416	2.371	2.332	2.301	2.255	2.213	2.180	2.153	2.111	2.081	2.065	2.032	2.012	1.984	1.951	1.922	1.896	1.870	1.843	1.819	1.797	1.764	1.721	1.671	1.625	1.581	1.533	1.489	1.446	1.408	1.372	1.333	1.298	1.265	1.238	1.213	1.186	1.161	1.141	1.126	1.116	1.103	1.095	1.095	1.100	1.109	1.121	1.132	1.146	1.159	1.172	1.186	1.203	1.223	1.246	1.271	1.296	1.320	1.341	1.364	1.388	1.416	1.446	1.481	1.521	1.562	1.605	1.648	1.694	1.743	1.794	1.845	1.881	1.897	1.929	1.968	2.007	2.055	2.110	2.170	2.227	2.287	2.351	2.418	2.486	2.556	2.628	2.700	2.770	2.841	2.913	2.987	3.060	
5.116	5.087	5.059	5.033	5.009	4.986	4.965	4.946	4.928	4.913	4.899	4.887	4.877	4.869	4.862	4.858	4.855	4.855	4.820	4.788	4.758	4.730	4.702	4.674	4.643	4.612	4.586	4.564	4.545	4.528	4.515	4.506	4.486	4.435	4.385	4.339	4.295	4.255	4.221	4.193	4.171	4.149	4.132	4.120	4.113	4.111	4.113	4.118	4.126	4.134	4.148	4.166	4.184	4.203	4.225	4.251	4.275	4.301	4.328	4.355	4.388	4.422	4.458	4.498	4.538	4.579	4.617	4.654	4.693	4.733	4.777	4.821	4.865	4.885	4.886	4.890	4.895	4.902	4.912	4.923	4.936	4.951	4.967	4.986	5.006	5.028	5.051	5.077	5.104	5.132	5.162	5.194	5.227	5.261	5.297	5.334	5.373	5.413	5.454	5.496	5.540	5.554	5.502	5.451	5.395	5.339	5.283	5.229	5.175	5.123	5.071	5.020	4.964	4.908	4.853	4.799	4.746	4.695	4.645	4.592	4.535	4.480	4.426	4.374	4.322	4.272	4.223	4.166	4.111	4.057	4.005	3.954	3.905	3.857	3.801	3.746	3.693	3.642	3.593	3.546	3.496	3.441	3.387	3.336	3.287	3.241	3.195	3.141	3.088	3.038	2.990	2.946	2.901	2.847	2.797	2.749	2.706	2.667	2.614	2.564	2.519	2.479	2.441	2.391	2.345	2.306	2.275	2.228	2.187	2.154	2.125	2.084	2.054	2.037	2.004	1.985	1.955	1.921	1.891	1.864	1.838	1.812	1.789	1.766	1.745	1.697	1.646	1.599	1.556	1.507	1.462	1.420	1.381	1.345	1.305	1.270	1.236	1.209	1.183	1.156	1.134	1.116	1.104	1.093	1.082	1.073	1.073	1.080	1.090	1.102	1.114	1.129	1.143	1.157	1.172	1.190	1.210	1.233	1.257	1.281	1.305	1.329	1.354	1.382	1.411	1.443	1.477	1.516	1.557	1.600	1.644	1.690	1.739	1.789	1.842	1.876	1.892	1.924	1.963	2.002	2.050	2.105	2.166	2.222	2.282	2.346	2.412	2.481	2.551	2.623	2.694	2.764	2.836	2.908	2.981	3.055	
5.125	5.096	5.069	5.043	5.018	4.995	4.974	4.955	4.938	4.922	4.908	4.896	4.886	4.878	4.872	4.867	4.865	4.864	4.829	4.797	4.767	4.739	4.712	4.684	4.653	4.622	4.596	4.573	4.553	4.536	4.523	4.514	4.504	4.463	4.414	4.369	4.325	4.287	4.254	4.227	4.204	4.182	4.166	4.154	4.146	4.143	4.145	4.150	4.157	4.166	4.178	4.195	4.212	4.231	4.252	4.273	4.297	4.323	4.350	4.378	4.410	4.446	4.482	4.521	4.561	4.601	4.636	4.671	4.709	4.750	4.793	4.837	4.882	4.902	4.903	4.907	4.912	4.920	4.929	4.940	4.953	4.968	4.984	5.003	5.023	5.045	5.069	5.094	5.121	5.149	5.179	5.211	5.244	5.278	5.314	5.352	5.390	5.430	5.471	5.513	5.557	5.542	5.490	5.438	5.381	5.324	5.269	5.214	5.161	5.108	5.057	5.004	4.948	4.892	4.837	4.783	4.730	4.679	4.629	4.574	4.518	4.463	4.409	4.356	4.305	4.255	4.204	4.147	4.092	4.038	3.986	3.935	3.886	3.837	3.781	3.726	3.673	3.622	3.573	3.526	3.475	3.419	3.366	3.315	3.266	3.220	3.173	3.118	3.066	3.015	2.968	2.924	2.877	2.824	2.773	2.726	2.683	2.643	2.590	2.541	2.495	2.455	2.417	2.367	2.321	2.282	2.251	2.204	2.162	2.129	2.101	2.060	2.030	2.013	1.979	1.960	1.928	1.894	1.863	1.836	1.810	1.783	1.760	1.739	1.718	1.676	1.626	1.579	1.534	1.486	1.440	1.397	1.359	1.322	1.282	1.247	1.213	1.185	1.160	1.131	1.109	1.093	1.082	1.070	1.061	1.055	1.055	1.061	1.071	1.083	1.096	1.113	1.130	1.144	1.161	1.179	1.200	1.223	1.246	1.268	1.291	1.316	1.342	1.369	1.400	1.436	1.473	1.513	1.556	1.599	1.642	1.688	1.736	1.786	1.837	1.867	1.883	1.915	1.954	1.993	2.041	2.096	2.156	2.213	2.273	2.337	2.403	2.472	2.542	2.613	2.684	2.755	2.826	2.898	2.971	3.045	
5.137	5.108	5.081	5.055	5.030	5.007	4.986	4.967	4.950	4.934	4.920	4.908	4.898	4.890	4.884	4.879	4.877	4.876	4.842	4.809	4.778	4.749	4.722	4.696	4.665	4.634	4.608	4.585	4.564	4.547	4.534	4.525	4.516	4.494	4.447	4.403	4.361	4.324	4.293	4.265	4.241	4.221	4.205	4.193	4.184	4.179	4.181	4.186	4.191	4.201	4.212	4.225	4.243	4.262	4.281	4.299	4.323	4.348	4.376	4.407	4.438	4.471	4.508	4.547	4.586	4.625	4.657	4.691	4.728	4.769	4.811	4.855	4.900	4.920	4.922	4.925	4.931	4.938	4.947	4.959	4.972	4.986	5.003	5.021	5.042	5.064	5.087	5.112	5.139	5.168	5.198	5.229	5.262	5.297	5.333	5.370	5.409	5.448	5.489	5.532	5.575	5.533	5.481	5.427	5.370	5.313	5.258	5.204	5.150	5.098	5.046	4.992	4.935	4.879	4.824	4.770	4.717	4.666	4.616	4.559	4.503	4.448	4.394	4.341	4.290	4.240	4.188	4.131	4.076	4.022	3.970	3.919	3.870	3.819	3.763	3.709	3.656	3.605	3.555	3.508	3.456	3.401	3.347	3.296	3.247	3.201	3.153	3.098	3.046	2.996	2.948	2.904	2.857	2.803	2.753	2.705	2.662	2.622	2.569	2.519	2.474	2.434	2.395	2.344	2.299	2.260	2.229	2.181	2.139	2.106	2.078	2.036	2.006	1.990	1.955	1.936	1.906	1.871	1.840	1.813	1.786	1.759	1.736	1.715	1.694	1.658	1.608	1.561	1.516	1.467	1.421	1.377	1.339	1.301	1.262	1.226	1.194	1.165	1.139	1.110	1.087	1.072	1.062	1.049	1.039	1.034	1.037	1.045	1.055	1.067	1.080	1.099	1.117	1.134	1.152	1.171	1.191	1.212	1.234	1.256	1.279	1.305	1.330	1.359	1.390	1.427	1.466	1.506	1.549	1.592	1.636	1.683	1.729	1.777	1.827	1.858	1.874	1.905	1.945	1.983	2.031	2.086	2.147	2.203	2.264	2.327	2.394	2.462	2.533	2.604	2.675	2.745	2.817	2.889	2.962	3.036	
5.151	5.122	5.094	5.068	5.044	5.021	5.000	4.981	4.963	4.948	4.934	4.922	4.912	4.904	4.897	4.893	4.890	4.890	4.855	4.822	4.791	4.763	4.735	4.708	4.679	4.649	4.622	4.599	4.579	4.562	4.550	4.539	4.530	4.521	4.482	4.441	4.401	4.365	4.333	4.304	4.281	4.262	4.247	4.235	4.226	4.220	4.220	4.224	4.231	4.240	4.249	4.261	4.278	4.295	4.314	4.332	4.354	4.377	4.405	4.437	4.468	4.501	4.537	4.576	4.615	4.649	4.680	4.715	4.751	4.791	4.833	4.876	4.921	4.941	4.943	4.946	4.952	4.959	4.968	4.979	4.992	5.007	5.024	5.042	5.062	5.084	5.108	5.133	5.160	5.189	5.219	5.250	5.283	5.318	5.354	5.391	5.429	5.469	5.510	5.553	5.580	5.527	5.475	5.419	5.362	5.306	5.251	5.196	5.143	5.090	5.039	4.982	4.925	4.870	4.815	4.761	4.708	4.657	4.605	4.548	4.492	4.437	4.383	4.330	4.279	4.229	4.174	4.118	4.063	4.009	3.957	3.906	3.857	3.805	3.749	3.694	3.641	3.590	3.541	3.493	3.440	3.385	3.332	3.280	3.232	3.185	3.136	3.081	3.029	2.979	2.931	2.887	2.839	2.785	2.734	2.687	2.644	2.603	2.550	2.500	2.455	2.415	2.375	2.324	2.279	2.240	2.209	2.161	2.119	2.086	2.057	2.015	1.985	1.969	1.934	1.915	1.885	1.852	1.821	1.793	1.767	1.739	1.715	1.692	1.672	1.642	1.592	1.546	1.500	1.451	1.407	1.363	1.324	1.286	1.246	1.210	1.178	1.150	1.123	1.095	1.072	1.057	1.045	1.033	1.023	1.018	1.022	1.029	1.041	1.052	1.066	1.084	1.103	1.122	1.140	1.158	1.178	1.198	1.220	1.245	1.271	1.298	1.325	1.354	1.386	1.422	1.460	1.501	1.544	1.588	1.632	1.676	1.721	1.768	1.817	1.850	1.865	1.897	1.937	1.975	2.023	2.078	2.139	2.195	2.255	2.319	2.386	2.454	2.524	2.596	2.667	2.737	2.809	2.881	2.954	3.028	
5.102	5.073	5.045	5.019	4.995	4.972	4.951	4.932	4.914	4.899	4.885	4.873	4.863	4.854	4.848	4.844	4.841	4.841	4.802	4.766	4.733	4.705	4.681	4.662	4.647	4.638	4.633	4.615	4.596	4.580	4.567	4.555	4.546	4.539	4.521	4.481	4.442	4.408	4.376	4.348	4.326	4.306	4.291	4.278	4.271	4.266	4.264	4.267	4.273	4.280	4.290	4.301	4.317	4.333	4.352	4.369	4.390	4.412	4.438	4.470	4.502	4.535	4.570	4.609	4.645	4.674	4.706	4.740	4.776	4.814	4.856	4.899	4.944	4.964	4.966	4.969	4.975	4.982	4.991	5.003	5.016	5.030	5.047	5.065	5.086	5.108	5.131	5.156	5.183	5.212	5.242	5.273	5.306	5.341	5.377	5.414	5.453	5.492	5.533	5.576	5.576	5.523	5.471	5.414	5.357	5.301	5.246	5.191	5.138	5.085	5.034	4.976	4.920	4.864	4.809	4.755	4.702	4.651	4.598	4.541	4.484	4.429	4.375	4.323	4.271	4.221	4.165	4.109	4.054	4.000	3.948	3.897	3.848	3.794	3.738	3.683	3.630	3.579	3.530	3.482	3.427	3.372	3.319	3.268	3.219	3.172	3.122	3.067	3.014	2.964	2.917	2.873	2.823	2.770	2.719	2.672	2.629	2.587	2.533	2.484	2.439	2.398	2.358	2.307	2.262	2.223	2.192	2.143	2.101	2.068	2.038	1.997	1.967	1.950	1.915	1.896	1.868	1.835	1.806	1.777	1.751	1.722	1.697	1.673	1.653	1.629	1.578	1.533	1.485	1.437	1.393	1.350	1.311	1.273	1.233	1.197	1.164	1.139	1.109	1.083	1.060	1.046	1.035	1.022	1.013	1.011	1.013	1.020	1.031	1.042	1.056	1.073	1.091	1.110	1.128	1.146	1.165	1.186	1.209	1.235	1.262	1.292	1.322	1.351	1.385	1.420	1.458	1.499	1.541	1.584	1.627	1.671	1.716	1.763	1.812	1.843	1.859	1.890	1.930	1.968	2.016	2.071	2.132	2.189	2.249	2.313	2.379	2.448	2.518	2.589	2.661	2.731	2.802	2.875	2.948	3.022	
5.042	5.013	4.985	4.959	4.935	4.912	4.891	4.872	4.854	4.839	4.825	4.813	4.803	4.794	4.788	4.784	4.781	4.780	4.740	4.703	4.669	4.639	4.614	4.593	4.578	4.568	4.563	4.563	4.569	4.579	4.581	4.575	4.565	4.558	4.553	4.523	4.486	4.453	4.422	4.395	4.373	4.354	4.339	4.326	4.319	4.314	4.312	4.312	4.318	4.325	4.335	4.346	4.360	4.376	4.395	4.411	4.430	4.451	4.477	4.508	4.540	4.573	4.607	4.640	4.669	4.699	4.732	4.767	4.803	4.841	4.882	4.924	4.968	4.988	4.990	4.994	4.999	5.006	5.016	5.027	5.040	5.055	5.071	5.090	5.110	5.132	5.155	5.181	5.208	5.236	5.266	5.298	5.331	5.365	5.401	5.438	5.477	5.517	5.558	5.600	5.573	5.520	5.468	5.411	5.353	5.297	5.242	5.187	5.134	5.081	5.029	4.972	4.915	4.859	4.804	4.750	4.698	4.646	4.593	4.536	4.479	4.424	4.370	4.318	4.266	4.216	4.159	4.103	4.048	3.994	3.942	3.891	3.842	3.786	3.730	3.676	3.623	3.571	3.522	3.475	3.418	3.363	3.310	3.259	3.210	3.163	3.111	3.057	3.004	2.954	2.906	2.862	2.811	2.758	2.707	2.660	2.616	2.573	2.520	2.470	2.425	2.385	2.344	2.293	2.248	2.209	2.177	2.128	2.086	2.053	2.023	1.981	1.951	1.934	1.899	1.880	1.853	1.820	1.791	1.763	1.736	1.708	1.681	1.658	1.636	1.617	1.571	1.525	1.476	1.427	1.383	1.342	1.303	1.264	1.224	1.189	1.158	1.132	1.102	1.076	1.057	1.041	1.030	1.017	1.007	1.005	1.007	1.014	1.026	1.036	1.050	1.065	1.082	1.100	1.118	1.137	1.157	1.177	1.202	1.228	1.257	1.289	1.321	1.353	1.385	1.421	1.460	1.500	1.540	1.581	1.624	1.668	1.713	1.760	1.810	1.840	1.855	1.887	1.927	1.965	2.013	2.068	2.129	2.186	2.246	2.310	2.376	2.445	2.515	2.587	2.659	2.729	2.800	2.872	2.946	3.019	
4.983	4.954	4.926	4.900	4.876	4.853	4.832	4.813	4.796	4.780	4.766	4.754	4.744	4.736	4.729	4.725	4.722	4.722	4.680	4.641	4.605	4.574	4.548	4.526	4.510	4.499	4.494	4.494	4.500	4.510	4.523	4.541	4.562	4.576	4.574	4.567	4.533	4.500	4.470	4.444	4.423	4.404	4.389	4.378	4.369	4.363	4.361	4.361	4.365	4.373	4.382	4.393	4.406	4.422	4.440	4.456	4.474	4.495	4.520	4.550	4.582	4.615	4.642	4.666	4.694	4.726	4.759	4.794	4.830	4.869	4.910	4.952	4.995	5.015	5.016	5.020	5.025	5.033	5.042	5.053	5.066	5.081	5.098	5.116	5.136	5.158	5.182	5.207	5.234	5.262	5.293	5.324	5.357	5.392	5.427	5.465	5.503	5.543	5.584	5.626	5.574	5.521	5.467	5.409	5.352	5.296	5.241	5.186	5.133	5.080	5.027	4.969	4.912	4.856	4.801	4.748	4.695	4.643	4.589	4.532	4.475	4.420	4.366	4.314	4.262	4.212	4.154	4.098	4.043	3.989	3.937	3.886	3.837	3.781	3.725	3.671	3.618	3.566	3.517	3.469	3.412	3.357	3.304	3.253	3.204	3.157	3.104	3.050	2.997	2.947	2.899	2.855	2.803	2.749	2.699	2.652	2.608	2.564	2.510	2.461	2.416	2.376	2.333	2.282	2.237	2.198	2.165	2.116	2.074	2.042	2.010	1.969	1.939	1.921	1.886	1.867	1.841	1.808	1.779	1.751	1.723	1.695	1.668	1.645	1.622	1.602	1.570	1.522	1.474	1.425	1.379	1.337	1.299	1.258	1.219	1.184	1.154	1.128	1.097	1.071	1.052	1.036	1.026	1.012	1.006	1.003	1.005	1.011	1.021	1.033	1.044	1.058	1.074	1.092	1.111	1.132	1.153	1.175	1.199	1.226	1.256	1.288	1.322	1.356	1.390	1.426	1.463	1.502	1.541	1.582	1.624	1.668	1.712	1.759	1.808	1.839	1.855	1.887	1.926	1.965	2.013	2.068	2.128	2.185	2.246	2.309	2.376	2.444	2.515	2.586	2.658	2.728	2.800	2.872	2.945	3.019	
4.926	4.897	4.869	4.843	4.819	4.796	4.775	4.756	4.738	4.723	4.709	4.697	4.687	4.678	4.672	4.668	4.665	4.665	4.622	4.582	4.544	4.512	4.484	4.461	4.443	4.432	4.426	4.426	4.429	4.437	4.450	4.469	4.494	4.523	4.557	4.592	4.583	4.550	4.520	4.495	4.474	4.455	4.442	4.432	4.423	4.415	4.413	4.413	4.416	4.423	4.431	4.443	4.454	4.469	4.487	4.503	4.521	4.543	4.567	4.596	4.627	4.654	4.673	4.696	4.724	4.754	4.787	4.822	4.858	4.897	4.938	4.980	5.022	5.041	5.043	5.047	5.052	5.059	5.069	5.080	5.093	5.108	5.124	5.143	5.163	5.185	5.208	5.234	5.261	5.289	5.319	5.351	5.384	5.418	5.454	5.491	5.530	5.570	5.611	5.633	5.579	5.526	5.470	5.412	5.355	5.298	5.243	5.189	5.135	5.082	5.027	4.969	4.912	4.857	4.802	4.748	4.695	4.644	4.587	4.530	4.474	4.419	4.365	4.312	4.261	4.209	4.152	4.095	4.040	3.986	3.934	3.883	3.834	3.777	3.721	3.666	3.614	3.562	3.513	3.464	3.408	3.352	3.299	3.248	3.199	3.153	3.100	3.045	2.992	2.942	2.895	2.850	2.798	2.744	2.693	2.646	2.603	2.558	2.504	2.455	2.410	2.369	2.326	2.275	2.230	2.191	2.157	2.108	2.066	2.034	2.002	1.960	1.930	1.911	1.877	1.858	1.832	1.801	1.771	1.743	1.715	1.687	1.660	1.636	1.613	1.592	1.570	1.523	1.474	1.425	1.378	1.335	1.298	1.255	1.217	1.182	1.152	1.125	1.095	1.071	1.049	1.033	1.022	1.008	1.003	1.002	1.004	1.008	1.017	1.029	1.040	1.053	1.069	1.086	1.106	1.128	1.152	1.175	1.200	1.227	1.257	1.290	1.324	1.360	1.396	1.433	1.469	1.505	1.544	1.584	1.627	1.670	1.715	1.760	1.809	1.840	1.856	1.888	1.927	1.966	2.014	2.069	2.130	2.187	2.247	2.311	2.377	2.446	2.516	2.588	2.660	2.730	2.802	2.874	2.947	3.021	
4.871	4.842	4.814	4.788	4.764	4.741	4.720	4.701	4.683	4.668	4.654	4.642	4.632	4.624	4.617	4.613	4.610	4.610	4.565	4.522	4.483	4.449	4.419	4.395	4.377	4.365	4.359	4.355	4.356	4.364	4.379	4.399	4.425	4.456	4.492	4.533	4.578	4.600	4.574	4.550	4.528	4.510	4.497	4.486	4.478	4.471	4.469	4.467	4.469	4.475	4.484	4.495	4.505	4.519	4.537	4.552	4.570	4.592	4.617	4.645	4.671	4.689	4.708	4.730	4.757	4.787	4.819	4.854	4.889	4.927	4.967	5.006	5.048	5.067	5.069	5.072	5.078	5.085	5.094	5.106	5.119	5.133	5.150	5.168	5.189	5.211	5.234	5.259	5.286	5.315	5.345	5.376	5.409	5.444	5.480	5.517	5.556	5.595	5.636	5.640	5.586	5.533	5.476	5.418	5.361	5.304	5.249	5.195	5.141	5.089	5.031	4.973	4.917	4.861	4.806	4.752	4.699	4.648	4.589	4.532	4.476	4.421	4.367	4.314	4.263	4.209	4.152	4.095	4.040	3.987	3.934	3.884	3.833	3.776	3.720	3.665	3.612	3.561	3.512	3.462	3.405	3.350	3.297	3.245	3.197	3.150	3.096	3.041	2.988	2.938	2.891	2.846	2.793	2.740	2.689	2.642	2.598	2.553	2.500	2.450	2.405	2.365	2.321	2.270	2.225	2.186	2.152	2.103	2.061	2.028	1.996	1.955	1.925	1.906	1.871	1.852	1.827	1.795	1.766	1.737	1.709	1.681	1.654	1.629	1.605	1.583	1.564	1.528	1.477	1.429	1.382	1.340	1.300	1.259	1.219	1.183	1.154	1.125	1.096	1.072	1.053	1.037	1.026	1.012	1.005	1.002	1.003	1.008	1.017	1.027	1.038	1.051	1.066	1.084	1.104	1.127	1.152	1.178	1.203	1.232	1.262	1.294	1.327	1.363	1.400	1.437	1.474	1.511	1.549	1.589	1.631	1.675	1.719	1.766	1.814	1.843	1.859	1.891	1.930	1.969	2.017	2.072	2.132	2.190	2.250	2.314	2.380	2.449	2.519	2.590	2.663	2.733	2.804	2.876	2.950	3.023	
4.818	4.789	4.761	4.735	4.711	4.688	4.667	4.648	4.630	4.615	4.601	4.589	4.579	4.570	4.564	4.560	4.557	4.557	4.509	4.464	4.423	4.386	4.355	4.330	4.310	4.297	4.288	4.283	4.284	4.293	4.308	4.330	4.358	4.391	4.430	4.472	4.519	4.570	4.614	4.607	4.585	4.568	4.554	4.543	4.534	4.529	4.527	4.524	4.526	4.531	4.540	4.550	4.559	4.573	4.590	4.605	4.622	4.643	4.668	4.693	4.711	4.727	4.746	4.768	4.794	4.824	4.854	4.887	4.921	4.957	4.995	5.034	5.074	5.094	5.095	5.099	5.104	5.111	5.121	5.132	5.145	5.160	5.176	5.195	5.215	5.237	5.260	5.286	5.313	5.341	5.371	5.403	5.436	5.470	5.506	5.543	5.582	5.622	5.663	5.649	5.595	5.542	5.484	5.426	5.369	5.313	5.257	5.203	5.149	5.097	5.039	4.981	4.924	4.868	4.813	4.759	4.707	4.654	4.595	4.538	4.482	4.427	4.373	4.320	4.269	4.213	4.156	4.100	4.044	3.991	3.938	3.888	3.835	3.778	3.722	3.667	3.614	3.563	3.514	3.462	3.405	3.350	3.297	3.246	3.197	3.151	3.095	3.040	2.987	2.937	2.890	2.846	2.791	2.738	2.687	2.640	2.596	2.550	2.497	2.447	2.402	2.362	2.317	2.266	2.221	2.182	2.148	2.099	2.057	2.024	1.992	1.950	1.920	1.901	1.867	1.847	1.823	1.793	1.764	1.735	1.707	1.678	1.652	1.626	1.601	1.578	1.557	1.535	1.485	1.435	1.389	1.348	1.308	1.266	1.226	1.190	1.161	1.131	1.102	1.078	1.059	1.044	1.032	1.018	1.009	1.004	1.005	1.011	1.019	1.031	1.042	1.053	1.069	1.087	1.107	1.129	1.155	1.183	1.210	1.238	1.268	1.299	1.333	1.368	1.403	1.441	1.478	1.516	1.556	1.597	1.639	1.683	1.727	1.773	1.821	1.846	1.862	1.893	1.933	1.972	2.020	2.075	2.135	2.192	2.253	2.317	2.383	2.452	2.522	2.593	2.666	2.736	2.807	2.880	2.953	3.027	
4.767	4.738	4.711	4.685	4.660	4.637	4.616	4.597	4.580	4.564	4.550	4.538	4.528	4.520	4.514	4.509	4.507	4.506	4.456	4.409	4.365	4.327	4.294	4.266	4.244	4.229	4.218	4.212	4.214	4.223	4.240	4.263	4.293	4.329	4.369	4.415	4.463	4.513	4.565	4.621	4.643	4.628	4.613	4.602	4.593	4.588	4.586	4.583	4.585	4.589	4.599	4.607	4.616	4.629	4.645	4.656	4.669	4.683	4.700	4.721	4.745	4.766	4.786	4.807	4.833	4.861	4.890	4.922	4.955	4.991	5.027	5.064	5.104	5.123	5.125	5.128	5.134	5.141	5.150	5.161	5.174	5.189	5.206	5.224	5.244	5.266	5.290	5.315	5.342	5.371	5.401	5.432	5.465	5.500	5.536	5.573	5.611	5.651	5.692	5.659	5.605	5.552	5.493	5.435	5.378	5.322	5.266	5.212	5.158	5.106	5.047	4.989	4.933	4.877	4.822	4.768	4.715	4.662	4.604	4.546	4.490	4.435	4.381	4.328	4.277	4.221	4.163	4.107	4.052	3.998	3.946	3.895	3.841	3.784	3.728	3.673	3.620	3.569	3.520	3.466	3.410	3.355	3.301	3.250	3.201	3.155	3.098	3.043	2.990	2.940	2.892	2.848	2.792	2.739	2.688	2.641	2.597	2.550	2.496	2.447	2.402	2.362	2.316	2.266	2.220	2.181	2.146	2.097	2.055	2.022	1.989	1.948	1.918	1.898	1.864	1.845	1.824	1.793	1.764	1.736	1.707	1.678	1.651	1.625	1.598	1.574	1.553	1.536	1.496	1.447	1.401	1.358	1.319	1.276	1.236	1.201	1.172	1.143	1.113	1.087	1.068	1.053	1.041	1.027	1.016	1.014	1.014	1.018	1.027	1.039	1.049	1.062	1.076	1.093	1.113	1.136	1.162	1.189	1.218	1.247	1.276	1.307	1.339	1.372	1.408	1.446	1.485	1.524	1.564	1.605	1.647	1.691	1.736	1.782	1.829	1.849	1.865	1.897	1.937	1.975	2.023	2.078	2.139	2.196	2.256	2.320	2.387	2.455	2.525	2.597	2.670	2.740	2.811	2.883	2.956	3.030	
4.720	4.691	4.664	4.638	4.613	4.590	4.569	4.550	4.533	4.517	4.503	4.491	4.481	4.473	4.467	4.462	4.460	4.459	4.407	4.357	4.311	4.271	4.235	4.204	4.180	4.162	4.150	4.144	4.146	4.156	4.174	4.199	4.231	4.269	4.312	4.357	4.405	4.456	4.511	4.568	4.628	4.674	4.670	4.661	4.654	4.650	4.647	4.645	4.646	4.649	4.654	4.656	4.661	4.668	4.676	4.686	4.698	4.712	4.729	4.748	4.772	4.798	4.825	4.847	4.873	4.900	4.928	4.958	4.990	5.024	5.060	5.098	5.137	5.155	5.157	5.160	5.166	5.173	5.183	5.194	5.207	5.221	5.238	5.257	5.277	5.299	5.322	5.348	5.374	5.403	5.433	5.465	5.498	5.532	5.568	5.605	5.644	5.684	5.725	5.672	5.618	5.563	5.504	5.447	5.390	5.333	5.278	5.223	5.170	5.116	5.057	4.999	4.943	4.887	4.832	4.778	4.725	4.671	4.613	4.555	4.499	4.444	4.390	4.337	4.286	4.229	4.172	4.115	4.060	4.007	3.954	3.904	3.850	3.792	3.736	3.682	3.629	3.577	3.528	3.474	3.417	3.362	3.309	3.258	3.209	3.161	3.104	3.049	2.996	2.946	2.899	2.853	2.797	2.744	2.693	2.646	2.603	2.554	2.500	2.451	2.406	2.365	2.319	2.268	2.223	2.184	2.147	2.098	2.057	2.024	1.990	1.949	1.919	1.898	1.864	1.845	1.826	1.796	1.767	1.738	1.709	1.682	1.654	1.626	1.598	1.574	1.552	1.534	1.509	1.460	1.415	1.374	1.333	1.291	1.251	1.216	1.186	1.157	1.127	1.103	1.082	1.067	1.054	1.040	1.031	1.026	1.027	1.030	1.037	1.049	1.061	1.074	1.089	1.104	1.123	1.146	1.172	1.200	1.228	1.256	1.285	1.315	1.346	1.380	1.415	1.454	1.494	1.534	1.574	1.615	1.657	1.701	1.744	1.790	1.836	1.855	1.871	1.903	1.943	1.981	2.029	2.084	2.145	2.202	2.263	2.326	2.393	2.461	2.532	2.603	2.676	2.746	2.818	2.890	2.963	3.037	
4.677	4.648	4.620	4.594	4.570	4.547	4.526	4.507	4.490	4.474	4.460	4.448	4.438	4.430	4.423	4.419	4.416	4.416	4.362	4.309	4.261	4.217	4.178	4.144	4.117	4.097	4.084	4.078	4.080	4.091	4.111	4.138	4.172	4.210	4.251	4.297	4.348	4.402	4.459	4.519	4.582	4.646	4.702	4.704	4.699	4.695	4.694	4.693	4.692	4.691	4.690	4.691	4.696	4.702	4.710	4.719	4.730	4.744	4.760	4.779	4.802	4.829	4.856	4.884	4.912	4.939	4.967	4.996	5.027	5.060	5.095	5.133	5.171	5.189	5.191	5.194	5.200	5.207	5.216	5.228	5.241	5.255	5.272	5.290	5.311	5.333	5.356	5.381	5.408	5.437	5.467	5.498	5.531	5.566	5.602	5.639	5.678	5.717	5.719	5.670	5.618	5.565	5.513	5.460	5.403	5.346	5.291	5.237	5.183	5.128	5.069	5.012	4.955	4.899	4.844	4.790	4.738	4.682	4.624	4.567	4.510	4.455	4.401	4.349	4.297	4.239	4.182	4.125	4.070	4.016	3.964	3.914	3.859	3.801	3.745	3.690	3.638	3.586	3.537	3.483	3.426	3.371	3.318	3.266	3.218	3.169	3.112	3.057	3.005	2.955	2.907	2.861	2.805	2.752	2.701	2.654	2.610	2.561	2.507	2.458	2.413	2.373	2.325	2.274	2.229	2.190	2.153	2.104	2.062	2.029	1.995	1.953	1.923	1.903	1.868	1.849	1.831	1.801	1.772	1.743	1.714	1.687	1.658	1.630	1.601	1.576	1.554	1.536	1.522	1.479	1.435	1.393	1.351	1.309	1.270	1.236	1.205	1.176	1.145	1.122	1.102	1.085	1.073	1.058	1.048	1.045	1.046	1.049	1.056	1.067	1.078	1.091	1.105	1.122	1.140	1.162	1.187	1.213	1.240	1.268	1.295	1.326	1.357	1.392	1.428	1.466	1.506	1.547	1.587	1.627	1.669	1.711	1.755	1.799	1.844	1.864	1.880	1.911	1.951	1.990	2.038	2.093	2.153	2.211	2.271	2.335	2.401	2.470	2.540	2.612	2.685	2.755	2.826	2.899	2.972	3.046	
4.637	4.608	4.581	4.555	4.530	4.507	4.486	4.467	4.450	4.434	4.420	4.408	4.398	4.390	4.384	4.379	4.377	4.376	4.320	4.266	4.215	4.167	4.124	4.087	4.057	4.033	4.018	4.012	4.016	4.028	4.048	4.075	4.110	4.148	4.192	4.241	4.294	4.351	4.411	4.474	4.539	4.605	4.671	4.733	4.740	4.736	4.734	4.733	4.732	4.729	4.726	4.728	4.733	4.738	4.745	4.753	4.766	4.779	4.794	4.813	4.835	4.862	4.889	4.916	4.945	4.975	5.005	5.034	5.065	5.098	5.133	5.170	5.208	5.225	5.227	5.231	5.236	5.243	5.253	5.264	5.277	5.292	5.308	5.327	5.347	5.369	5.392	5.418	5.445	5.473	5.503	5.535	5.568	5.602	5.638	5.675	5.714	5.707	5.658	5.610	5.559	5.506	5.454	5.402	5.352	5.303	5.255	5.206	5.152	5.100	5.048	4.998	4.949	4.901	4.852	4.798	4.745	4.694	4.637	4.579	4.523	4.468	4.414	4.362	4.310	4.251	4.194	4.138	4.082	4.029	3.976	3.926	3.870	3.812	3.756	3.702	3.649	3.598	3.548	3.493	3.436	3.381	3.328	3.276	3.228	3.178	3.121	3.067	3.014	2.964	2.916	2.870	2.814	2.760	2.710	2.663	2.619	2.569	2.516	2.466	2.421	2.381	2.333	2.283	2.238	2.199	2.161	2.112	2.070	2.037	2.003	1.961	1.931	1.910	1.876	1.856	1.838	1.809	1.780	1.750	1.722	1.694	1.664	1.636	1.606	1.580	1.559	1.540	1.526	1.504	1.459	1.417	1.375	1.332	1.293	1.260	1.232	1.199	1.171	1.148	1.128	1.111	1.099	1.083	1.073	1.071	1.069	1.073	1.081	1.089	1.100	1.111	1.126	1.144	1.162	1.181	1.205	1.232	1.258	1.284	1.311	1.341	1.373	1.407	1.443	1.482	1.521	1.564	1.602	1.641	1.681	1.723	1.766	1.810	1.854	1.874	1.889	1.921	1.961	2.000	2.047	2.103	2.163	2.221	2.281	2.345	2.412	2.480	2.550	2.622	2.695	2.766	2.837	2.909	2.982	3.056	
4.599	4.570	4.542	4.516	4.492	4.469	4.448	4.429	4.411	4.396	4.382	4.370	4.360	4.351	4.345	4.341	4.338	4.338	4.280	4.224	4.170	4.120	4.075	4.034	3.999	3.972	3.955	3.948	3.950	3.961	3.982	4.012	4.048	4.089	4.136	4.188	4.244	4.304	4.367	4.430	4.495	4.561	4.630	4.699	4.751	4.745	4.741	4.742	4.746	4.754	4.757	4.764	4.773	4.778	4.783	4.791	4.803	4.816	4.832	4.850	4.872	4.896	4.923	4.951	4.979	5.009	5.039	5.071	5.104	5.138	5.172	5.208	5.246	5.263	5.265	5.268	5.274	5.281	5.290	5.302	5.315	5.329	5.346	5.364	5.385	5.407	5.430	5.455	5.482	5.511	5.541	5.572	5.605	5.640	5.676	5.713	5.699	5.649	5.600	5.551	5.499	5.446	5.394	5.343	5.292	5.243	5.195	5.145	5.092	5.039	4.988	4.937	4.888	4.840	4.793	4.739	4.687	4.635	4.585	4.536	4.488	4.442	4.389	4.336	4.285	4.235	4.186	4.140	4.092	4.038	3.986	3.935	3.883	3.825	3.769	3.715	3.662	3.611	3.561	3.505	3.448	3.393	3.340	3.289	3.240	3.190	3.133	3.078	3.025	2.975	2.928	2.881	2.825	2.771	2.720	2.673	2.630	2.579	2.526	2.476	2.431	2.391	2.342	2.292	2.247	2.208	2.170	2.121	2.079	2.046	2.011	1.970	1.940	1.919	1.884	1.865	1.847	1.817	1.789	1.759	1.731	1.702	1.672	1.644	1.614	1.588	1.567	1.548	1.532	1.520	1.487	1.445	1.402	1.359	1.321	1.289	1.259	1.227	1.201	1.179	1.157	1.142	1.128	1.114	1.104	1.100	1.099	1.102	1.109	1.117	1.128	1.137	1.152	1.169	1.187	1.206	1.229	1.254	1.278	1.304	1.331	1.358	1.391	1.426	1.462	1.501	1.541	1.582	1.620	1.657	1.696	1.736	1.780	1.824	1.868	1.887	1.903	1.935	1.975	2.013	2.061	2.116	2.177	2.235	2.295	2.359	2.426	2.494	2.564	2.636	2.709	2.780	2.852	2.924	2.997	3.071	
4.565	4.536	4.508	4.482	4.458	4.435	4.414	4.395	4.378	4.362	4.348	4.336	4.326	4.318	4.311	4.307	4.304	4.304	4.243	4.184	4.127	4.074	4.027	3.983	3.945	3.915	3.895	3.884	3.884	3.897	3.919	3.951	3.988	4.033	4.084	4.140	4.198	4.258	4.321	4.386	4.453	4.522	4.592	4.664	4.705	4.697	4.692	4.693	4.696	4.703	4.716	4.732	4.754	4.779	4.806	4.831	4.843	4.856	4.871	4.890	4.910	4.934	4.960	4.988	5.015	5.044	5.074	5.106	5.141	5.176	5.212	5.248	5.285	5.302	5.303	5.307	5.312	5.320	5.329	5.340	5.353	5.368	5.385	5.403	5.423	5.445	5.469	5.494	5.521	5.549	5.580	5.611	5.644	5.679	5.714	5.692	5.641	5.591	5.542	5.494	5.441	5.388	5.336	5.284	5.234	5.185	5.137	5.086	5.033	4.980	4.929	4.879	4.829	4.781	4.733	4.679	4.627	4.575	4.525	4.476	4.428	4.382	4.328	4.276	4.224	4.174	4.126	4.079	4.033	3.980	3.927	3.877	3.828	3.780	3.735	3.688	3.635	3.584	3.535	3.487	3.442	3.398	3.345	3.294	3.245	3.198	3.146	3.091	3.039	2.989	2.941	2.893	2.837	2.784	2.733	2.686	2.642	2.591	2.538	2.488	2.443	2.403	2.354	2.303	2.258	2.219	2.181	2.132	2.090	2.057	2.022	1.980	1.950	1.929	1.894	1.875	1.857	1.827	1.798	1.768	1.740	1.713	1.683	1.654	1.624	1.599	1.577	1.557	1.540	1.529	1.514	1.478	1.434	1.392	1.355	1.324	1.293	1.261	1.236	1.212	1.191	1.177	1.161	1.148	1.137	1.133	1.131	1.135	1.141	1.149	1.159	1.170	1.182	1.198	1.215	1.235	1.255	1.276	1.301	1.326	1.354	1.382	1.414	1.449	1.486	1.525	1.565	1.604	1.639	1.675	1.713	1.754	1.796	1.840	1.884	1.905	1.920	1.952	1.992	2.031	2.079	2.134	2.194	2.253	2.313	2.377	2.443	2.512	2.582	2.654	2.726	2.798	2.869	2.942	3.015	3.089	
4.536	4.507	4.480	4.453	4.429	4.406	4.385	4.366	4.349	4.333	4.319	4.307	4.297	4.289	4.282	4.278	4.276	4.275	4.211	4.148	4.089	4.033	3.983	3.937	3.897	3.862	3.837	3.823	3.823	3.835	3.857	3.890	3.931	3.980	4.034	4.090	4.149	4.212	4.278	4.346	4.416	4.487	4.559	4.632	4.658	4.649	4.645	4.645	4.647	4.655	4.668	4.685	4.708	4.734	4.765	4.799	4.837	4.879	4.913	4.932	4.951	4.974	4.999	5.025	5.053	5.081	5.112	5.144	5.178	5.214	5.251	5.288	5.325	5.342	5.343	5.347	5.352	5.360	5.369	5.380	5.393	5.408	5.424	5.443	5.463	5.485	5.509	5.534	5.561	5.589	5.619	5.651	5.684	5.718	5.689	5.637	5.586	5.536	5.487	5.439	5.385	5.331	5.279	5.228	5.178	5.128	5.080	5.029	4.975	4.923	4.871	4.821	4.772	4.723	4.675	4.621	4.568	4.517	4.466	4.417	4.370	4.323	4.269	4.217	4.165	4.115	4.067	4.020	3.974	3.920	3.868	3.817	3.768	3.721	3.675	3.627	3.574	3.523	3.474	3.427	3.382	3.339	3.286	3.234	3.186	3.139	3.095	3.054	3.002	2.952	2.904	2.860	2.819	2.775	2.724	2.677	2.634	2.595	2.552	2.502	2.457	2.417	2.367	2.317	2.271	2.233	2.194	2.145	2.103	2.070	2.034	1.993	1.963	1.941	1.907	1.887	1.869	1.839	1.810	1.780	1.751	1.724	1.696	1.666	1.637	1.611	1.589	1.568	1.552	1.541	1.525	1.512	1.470	1.430	1.394	1.364	1.331	1.301	1.273	1.250	1.231	1.217	1.201	1.188	1.177	1.170	1.168	1.171	1.177	1.184	1.195	1.205	1.215	1.229	1.247	1.266	1.285	1.303	1.327	1.351	1.380	1.411	1.442	1.475	1.512	1.551	1.590	1.628	1.660	1.695	1.732	1.773	1.815	1.859	1.903	1.923	1.939	1.971	2.011	2.049	2.097	2.153	2.213	2.271	2.332	2.395	2.462	2.530	2.601	2.672	2.745	2.817	2.888	2.961	3.034	3.107	
4.513	4.483	4.456	4.430	4.405	4.383	4.362	4.342	4.325	4.309	4.295	4.283	4.273	4.265	4.259	4.254	4.252	4.251	4.185	4.120	4.058	3.999	3.944	3.893	3.848	3.811	3.784	3.767	3.764	3.774	3.797	3.832	3.877	3.929	3.984	4.043	4.106	4.172	4.240	4.311	4.383	4.456	4.531	4.605	4.613	4.603	4.599	4.599	4.603	4.611	4.624	4.642	4.665	4.692	4.724	4.759	4.798	4.841	4.886	4.935	4.982	5.015	5.040	5.065	5.092	5.122	5.152	5.184	5.218	5.254	5.291	5.329	5.366	5.382	5.384	5.388	5.393	5.400	5.410	5.421	5.434	5.449	5.465	5.484	5.504	5.526	5.549	5.575	5.602	5.630	5.660	5.692	5.725	5.688	5.636	5.584	5.533	5.483	5.434	5.384	5.330	5.277	5.225	5.173	5.123	5.074	5.026	4.973	4.920	4.867	4.816	4.765	4.716	4.668	4.618	4.564	4.512	4.460	4.410	4.361	4.313	4.265	4.211	4.159	4.107	4.057	4.009	3.962	3.915	3.862	3.809	3.759	3.710	3.662	3.617	3.568	3.516	3.464	3.415	3.368	3.323	3.279	3.226	3.175	3.126	3.080	3.036	2.994	2.941	2.891	2.844	2.800	2.759	2.715	2.664	2.617	2.573	2.534	2.494	2.444	2.399	2.359	2.325	2.281	2.236	2.197	2.166	2.128	2.087	2.054	2.031	1.990	1.960	1.944	1.914	1.895	1.862	1.832	1.805	1.780	1.758	1.731	1.706	1.680	1.651	1.626	1.604	1.585	1.568	1.556	1.541	1.530	1.509	1.470	1.436	1.405	1.373	1.341	1.314	1.292	1.273	1.259	1.243	1.230	1.219	1.211	1.209	1.210	1.216	1.224	1.233	1.242	1.253	1.265	1.283	1.299	1.318	1.336	1.358	1.381	1.409	1.441	1.473	1.505	1.541	1.580	1.620	1.652	1.684	1.718	1.755	1.795	1.837	1.880	1.924	1.944	1.960	1.992	2.032	2.071	2.119	2.174	2.234	2.293	2.353	2.417	2.483	2.552	2.622	2.694	2.767	2.839	2.910	2.982	3.056	3.129	
4.495	4.466	4.438	4.412	4.388	4.365	4.344	4.325	4.307	4.292	4.278	4.266	4.256	4.247	4.241	4.237	4.234	4.234	4.166	4.099	4.034	3.971	3.910	3.854	3.803	3.761	3.730	3.712	3.705	3.714	3.738	3.776	3.824	3.880	3.939	4.001	4.068	4.137	4.208	4.281	4.355	4.430	4.505	4.573	4.571	4.561	4.556	4.557	4.561	4.570	4.583	4.602	4.626	4.654	4.686	4.722	4.763	4.806	4.853	4.902	4.953	5.006	5.061	5.106	5.135	5.164	5.194	5.227	5.260	5.295	5.331	5.370	5.408	5.425	5.426	5.430	5.435	5.443	5.452	5.463	5.476	5.491	5.507	5.526	5.546	5.568	5.592	5.617	5.644	5.672	5.702	5.734	5.691	5.638	5.585	5.533	5.482	5.432	5.383	5.332	5.278	5.225	5.172	5.121	5.071	5.022	4.973	4.920	4.866	4.814	4.762	4.712	4.663	4.615	4.564	4.510	4.457	4.405	4.355	4.306	4.258	4.210	4.156	4.103	4.052	4.002	3.953	3.906	3.858	3.805	3.752	3.702	3.653	3.605	3.560	3.511	3.458	3.407	3.357	3.310	3.265	3.221	3.168	3.117	3.068	3.021	2.977	2.935	2.883	2.833	2.785	2.741	2.700	2.655	2.605	2.557	2.514	2.475	2.434	2.384	2.339	2.299	2.265	2.221	2.176	2.137	2.105	2.068	2.026	1.993	1.971	1.930	1.900	1.884	1.855	1.833	1.797	1.766	1.738	1.714	1.691	1.667	1.649	1.635	1.626	1.617	1.610	1.602	1.586	1.574	1.559	1.547	1.537	1.513	1.480	1.449	1.416	1.385	1.359	1.337	1.318	1.303	1.288	1.274	1.264	1.258	1.254	1.254	1.258	1.265	1.274	1.284	1.294	1.306	1.322	1.338	1.357	1.374	1.395	1.416	1.443	1.475	1.507	1.539	1.575	1.614	1.648	1.677	1.710	1.744	1.780	1.818	1.860	1.903	1.947	1.968	1.983	2.015	2.055	2.094	2.142	2.197	2.258	2.316	2.377	2.440	2.507	2.575	2.646	2.717	2.790	2.862	2.933	3.006	3.079	3.153	
4.481	4.451	4.424	4.398	4.373	4.351	4.330	4.310	4.293	4.277	4.263	4.251	4.241	4.233	4.227	4.222	4.220	4.219	4.149	4.079	4.011	3.946	3.883	3.821	3.764	3.715	3.676	3.653	3.647	3.655	3.682	3.724	3.778	3.835	3.898	3.964	4.034	4.106	4.179	4.254	4.328	4.403	4.479	4.541	4.533	4.523	4.518	4.519	4.523	4.532	4.547	4.566	4.590	4.619	4.652	4.690	4.731	4.774	4.821	4.870	4.922	4.976	5.033	5.091	5.151	5.207	5.238	5.270	5.303	5.338	5.374	5.412	5.452	5.469	5.470	5.474	5.479	5.487	5.496	5.507	5.520	5.535	5.551	5.570	5.590	5.612	5.636	5.661	5.688	5.716	5.746	5.698	5.643	5.590	5.537	5.485	5.434	5.384	5.335	5.282	5.228	5.175	5.123	5.072	5.021	4.972	4.923	4.868	4.815	4.762	4.711	4.661	4.611	4.563	4.511	4.457	4.405	4.353	4.303	4.254	4.206	4.156	4.102	4.049	3.998	3.948	3.900	3.853	3.804	3.750	3.698	3.647	3.598	3.551	3.505	3.455	3.402	3.351	3.302	3.254	3.209	3.164	3.111	3.060	3.011	2.964	2.921	2.878	2.825	2.775	2.728	2.683	2.643	2.597	2.546	2.499	2.456	2.417	2.375	2.326	2.281	2.240	2.206	2.162	2.117	2.078	2.047	2.008	1.967	1.934	1.911	1.871	1.841	1.824	1.796	1.770	1.734	1.701	1.672	1.647	1.624	1.600	1.580	1.566	1.556	1.547	1.540	1.537	1.540	1.549	1.559	1.566	1.556	1.547	1.526	1.494	1.462	1.432	1.406	1.385	1.367	1.352	1.337	1.322	1.312	1.306	1.302	1.301	1.304	1.311	1.319	1.330	1.340	1.351	1.364	1.381	1.400	1.416	1.435	1.456	1.482	1.513	1.545	1.578	1.612	1.643	1.672	1.703	1.736	1.771	1.808	1.846	1.886	1.929	1.973	1.992	2.008	2.040	2.080	2.118	2.166	2.222	2.282	2.341	2.401	2.465	2.531	2.600	2.670	2.742	2.815	2.887	2.959	3.031	3.104	3.178	
4.464	4.435	4.408	4.381	4.357	4.334	4.313	4.294	4.277	4.261	4.247	4.235	4.225	4.217	4.210	4.206	4.204	4.203	4.132	4.061	3.992	3.924	3.859	3.795	3.733	3.676	3.631	3.603	3.593	3.603	3.635	3.680	3.734	3.796	3.863	3.933	4.006	4.080	4.154	4.228	4.304	4.380	4.457	4.512	4.498	4.488	4.483	4.483	4.487	4.496	4.511	4.531	4.557	4.587	4.622	4.659	4.700	4.744	4.792	4.842	4.895	4.950	5.008	5.067	5.128	5.190	5.254	5.310	5.348	5.382	5.419	5.457	5.496	5.513	5.515	5.518	5.524	5.531	5.541	5.552	5.565	5.579	5.596	5.615	5.635	5.657	5.680	5.706	5.732	5.758	5.708	5.654	5.600	5.546	5.494	5.442	5.391	5.341	5.291	5.236	5.182	5.129	5.077	5.026	4.975	4.926	4.875	4.820	4.767	4.714	4.663	4.613	4.563	4.515	4.461	4.407	4.355	4.303	4.253	4.204	4.156	4.105	4.051	3.998	3.947	3.897	3.848	3.801	3.751	3.698	3.645	3.595	3.546	3.498	3.453	3.401	3.348	3.297	3.248	3.201	3.156	3.110	3.057	3.005	2.956	2.910	2.866	2.822	2.770	2.720	2.672	2.628	2.587	2.541	2.490	2.443	2.400	2.360	2.318	2.269	2.224	2.184	2.149	2.105	2.059	2.020	1.989	1.950	1.909	1.876	1.853	1.813	1.783	1.766	1.737	1.707	1.673	1.638	1.608	1.581	1.560	1.534	1.513	1.498	1.488	1.479	1.471	1.468	1.471	1.479	1.490	1.504	1.517	1.535	1.558	1.542	1.510	1.480	1.455	1.435	1.417	1.403	1.387	1.374	1.364	1.356	1.351	1.351	1.353	1.359	1.367	1.376	1.386	1.398	1.410	1.427	1.445	1.461	1.479	1.500	1.525	1.555	1.587	1.620	1.646	1.670	1.698	1.729	1.763	1.798	1.834	1.873	1.914	1.956	1.999	2.018	2.034	2.066	2.106	2.145	2.193	2.248	2.309	2.368	2.428	2.492	2.558	2.627	2.697	2.768	2.841	2.914	2.985	3.057	3.131	3.204	
4.434	4.405	4.377	4.351	4.327	4.304	4.283	4.264	4.247	4.231	4.217	4.205	4.195	4.187	4.180	4.176	4.173	4.173	4.114	4.045	3.974	3.904	3.836	3.768	3.703	3.645	3.598	3.560	3.542	3.557	3.595	3.643	3.702	3.768	3.838	3.909	3.982	4.056	4.131	4.208	4.285	4.363	4.441	4.481	4.465	4.454	4.450	4.450	4.454	4.464	4.479	4.500	4.526	4.557	4.593	4.632	4.674	4.719	4.767	4.818	4.872	4.928	4.986	5.046	5.108	5.171	5.235	5.301	5.368	5.426	5.465	5.503	5.541	5.558	5.560	5.564	5.569	5.576	5.586	5.597	5.610	5.625	5.641	5.660	5.680	5.702	5.725	5.751	5.769	5.718	5.668	5.614	5.560	5.506	5.454	5.402	5.351	5.301	5.249	5.195	5.141	5.087	5.035	4.984	4.934	4.884	4.831	4.776	4.723	4.670	4.619	4.568	4.519	4.470	4.415	4.361	4.308	4.257	4.206	4.157	4.110	4.056	4.002	3.950	3.898	3.848	3.800	3.753	3.701	3.648	3.595	3.545	3.495	3.448	3.403	3.350	3.297	3.246	3.197	3.149	3.104	3.057	3.004	2.953	2.904	2.858	2.814	2.769	2.717	2.666	2.619	2.575	2.534	2.487	2.436	2.389	2.346	2.306	2.264	2.214	2.169	2.129	2.095	2.049	2.004	1.965	1.934	1.894	1.853	1.820	1.797	1.756	1.726	1.710	1.680	1.646	1.614	1.577	1.545	1.518	1.496	1.470	1.448	1.432	1.421	1.413	1.404	1.401	1.402	1.407	1.417	1.430	1.444	1.463	1.488	1.518	1.552	1.532	1.508	1.486	1.469	1.455	1.439	1.428	1.418	1.409	1.404	1.404	1.404	1.409	1.417	1.427	1.436	1.448	1.459	1.474	1.492	1.508	1.527	1.548	1.572	1.601	1.633	1.658	1.677	1.700	1.728	1.759	1.791	1.826	1.862	1.902	1.943	1.984	2.026	2.045	2.061	2.093	2.133	2.172	2.220	2.275	2.335	2.394	2.455	2.518	2.585	2.653	2.723	2.795	2.868	2.941	3.012	3.084	3.157	3.231	
4.398	4.368	4.341	4.315	4.290	4.268	4.247	4.227	4.210	4.194	4.180	4.168	4.158	4.150	4.144	4.139	4.137	4.136	4.079	4.024	3.958	3.885	3.815	3.748	3.682	3.621	3.569	3.528	3.510	3.525	3.561	3.615	3.679	3.745	3.815	3.887	3.962	4.038	4.115	4.193	4.271	4.349	4.429	4.453	4.436	4.426	4.421	4.421	4.426	4.436	4.452	4.473	4.500	4.532	4.568	4.608	4.651	4.697	4.746	4.798	4.852	4.909	4.968	5.029	5.091	5.155	5.220	5.286	5.353	5.422	5.491	5.549	5.587	5.604	5.606	5.610	5.615	5.622	5.632	5.643	5.656	5.671	5.687	5.706	5.726	5.748	5.771	5.784	5.733	5.682	5.630	5.575	5.521	5.468	5.415	5.363	5.312	5.262	5.210	5.155	5.101	5.048	4.996	4.944	4.894	4.845	4.790	4.736	4.682	4.630	4.578	4.528	4.479	4.428	4.373	4.319	4.266	4.215	4.164	4.115	4.067	4.012	3.958	3.905	3.854	3.804	3.756	3.709	3.655	3.601	3.549	3.498	3.449	3.402	3.356	3.302	3.249	3.198	3.148	3.101	3.056	3.007	2.954	2.903	2.854	2.808	2.764	2.718	2.665	2.615	2.568	2.524	2.483	2.435	2.384	2.337	2.294	2.254	2.211	2.161	2.116	2.076	2.042	1.996	1.951	1.912	1.880	1.841	1.799	1.766	1.743	1.702	1.672	1.655	1.622	1.584	1.551	1.515	1.481	1.452	1.429	1.405	1.382	1.365	1.354	1.346	1.337	1.331	1.329	1.334	1.345	1.358	1.373	1.393	1.420	1.451	1.488	1.529	1.563	1.541	1.525	1.510	1.494	1.482	1.473	1.465	1.460	1.459	1.458	1.463	1.470	1.480	1.490	1.501	1.510	1.525	1.542	1.558	1.576	1.598	1.622	1.650	1.676	1.693	1.712	1.735	1.762	1.792	1.824	1.858	1.893	1.931	1.971	2.010	2.052	2.071	2.087	2.118	2.159	2.197	2.245	2.300	2.361	2.420	2.480	2.544	2.610	2.679	2.749	2.821	2.893	2.966	3.037	3.109	3.183	3.256	
4.368	4.339	4.311	4.285	4.261	4.238	4.217	4.198	4.180	4.165	4.151	4.139	4.129	4.120	4.114	4.110	4.107	4.107	4.047	3.990	3.937	3.874	3.804	3.735	3.667	3.604	3.550	3.502	3.481	3.490	3.532	3.590	3.653	3.722	3.795	3.870	3.947	4.024	4.103	4.182	4.261	4.340	4.419	4.431	4.414	4.402	4.396	4.395	4.401	4.413	4.430	4.452	4.480	4.512	4.549	4.590	4.634	4.680	4.730	4.782	4.837	4.895	4.954	5.015	5.078	5.142	5.208	5.274	5.342	5.411	5.480	5.551	5.622	5.647	5.649	5.652	5.658	5.665	5.674	5.686	5.699	5.713	5.730	5.748	5.769	5.791	5.805	5.753	5.701	5.650	5.596	5.541	5.487	5.433	5.381	5.329	5.278	5.228	5.173	5.118	5.064	5.011	4.958	4.907	4.857	4.807	4.751	4.697	4.643	4.591	4.539	4.489	4.440	4.388	4.333	4.279	4.226	4.175	4.125	4.076	4.027	3.971	3.917	3.865	3.813	3.764	3.715	3.668	3.612	3.559	3.507	3.456	3.407	3.359	3.312	3.258	3.205	3.153	3.104	3.057	3.012	2.961	2.908	2.857	2.808	2.762	2.718	2.670	2.618	2.568	2.520	2.476	2.435	2.386	2.335	2.288	2.244	2.205	2.161	2.111	2.066	2.026	1.992	1.945	1.900	1.861	1.829	1.789	1.747	1.714	1.691	1.650	1.620	1.603	1.564	1.524	1.489	1.455	1.420	1.389	1.364	1.341	1.317	1.298	1.285	1.276	1.267	1.260	1.258	1.263	1.275	1.287	1.302	1.325	1.353	1.387	1.425	1.468	1.511	1.557	1.583	1.567	1.552	1.539	1.529	1.522	1.519	1.516	1.515	1.519	1.526	1.536	1.544	1.556	1.565	1.579	1.596	1.611	1.628	1.649	1.674	1.698	1.715	1.731	1.751	1.773	1.799	1.828	1.859	1.892	1.925	1.962	1.999	2.038	2.079	2.097	2.113	2.145	2.185	2.224	2.272	2.327	2.387	2.447	2.507	2.571	2.637	2.706	2.776	2.847	2.920	2.993	3.064	3.137	3.210	3.284	
4.346	4.317	4.289	4.263	4.239	4.216	4.195	4.176	4.158	4.142	4.129	4.117	4.106	4.098	4.092	4.087	4.085	4.084	4.023	3.963	3.905	3.846	3.790	3.724	3.656	3.591	3.533	3.484	3.456	3.464	3.504	3.565	3.635	3.710	3.786	3.863	3.940	4.018	4.097	4.176	4.255	4.335	4.411	4.411	4.395	4.382	4.375	4.374	4.380	4.392	4.411	4.435	4.464	4.497	4.534	4.576	4.621	4.668	4.718	4.771	4.827	4.884	4.944	5.006	5.069	5.133	5.199	5.266	5.334	5.403	5.473	5.543	5.615	5.646	5.648	5.651	5.657	5.664	5.674	5.685	5.698	5.712	5.729	5.748	5.768	5.790	5.778	5.726	5.675	5.623	5.567	5.512	5.457	5.404	5.351	5.299	5.248	5.196	5.141	5.086	5.032	4.979	4.926	4.875	4.825	4.772	4.716	4.662	4.608	4.556	4.504	4.454	4.405	4.350	4.295	4.242	4.189	4.137	4.087	4.038	3.987	3.932	3.878	3.826	3.774	3.724	3.676	3.628	3.573	3.519	3.467	3.416	3.367	3.320	3.272	3.217	3.164	3.113	3.064	3.016	2.971	2.919	2.866	2.815	2.766	2.720	2.676	2.627	2.574	2.524	2.477	2.432	2.392	2.340	2.290	2.243	2.199	2.160	2.114	2.064	2.019	1.979	1.945	1.897	1.852	1.813	1.781	1.740	1.698	1.665	1.642	1.600	1.570	1.554	1.510	1.467	1.430	1.399	1.361	1.328	1.301	1.279	1.253	1.232	1.217	1.207	1.198	1.190	1.187	1.193	1.206	1.218	1.234	1.258	1.289	1.325	1.366	1.408	1.453	1.501	1.551	1.603	1.612	1.599	1.588	1.581	1.579	1.576	1.575	1.578	1.585	1.594	1.602	1.612	1.622	1.634	1.648	1.659	1.672	1.687	1.703	1.724	1.749	1.771	1.791	1.812	1.838	1.865	1.895	1.926	1.960	1.995	2.031	2.069	2.109	2.127	2.143	2.175	2.215	2.254	2.302	2.357	2.417	2.477	2.537	2.601	2.667	2.736	2.806	2.878	2.950	3.024	3.095	3.167	3.240	3.314	
4.329	4.300	4.272	4.246	4.222	4.199	4.178	4.159	4.141	4.126	4.112	4.100	4.090	4.082	4.075	4.071	4.068	4.068	4.003	3.940	3.878	3.816	3.759	3.705	3.647	3.586	3.526	3.475	3.435	3.443	3.483	3.549	3.622	3.698	3.775	3.853	3.931	4.011	4.090	4.170	4.250	4.330	4.403	4.395	4.380	4.367	4.360	4.360	4.366	4.378	4.397	4.421	4.450	4.485	4.524	4.567	4.613	4.661	4.711	4.764	4.820	4.878	4.938	5.000	5.063	5.128	5.194	5.261	5.329	5.398	5.468	5.539	5.610	5.642	5.644	5.647	5.653	5.660	5.669	5.680	5.693	5.708	5.725	5.743	5.764	5.785	5.757	5.705	5.653	5.598	5.542	5.487	5.433	5.380	5.327	5.275	5.224	5.169	5.113	5.058	5.004	4.951	4.899	4.848	4.798	4.742	4.686	4.632	4.578	4.526	4.474	4.424	4.373	4.318	4.263	4.209	4.156	4.105	4.054	4.005	3.952	3.897	3.843	3.790	3.739	3.689	3.640	3.590	3.535	3.481	3.429	3.378	3.329	3.282	3.233	3.178	3.125	3.074	3.025	2.977	2.932	2.880	2.827	2.775	2.726	2.680	2.636	2.586	2.534	2.484	2.436	2.392	2.351	2.299	2.249	2.201	2.158	2.119	2.071	2.022	1.977	1.937	1.902	1.853	1.808	1.769	1.738	1.695	1.653	1.621	1.596	1.555	1.525	1.502	1.459	1.414	1.374	1.339	1.305	1.269	1.239	1.215	1.191	1.167	1.150	1.139	1.131	1.122	1.119	1.125	1.139	1.151	1.169	1.194	1.227	1.265	1.308	1.350	1.395	1.442	1.494	1.548	1.606	1.656	1.649	1.643	1.640	1.637	1.637	1.639	1.641	1.643	1.646	1.652	1.659	1.668	1.679	1.689	1.701	1.716	1.732	1.752	1.776	1.802	1.829	1.852	1.877	1.905	1.933	1.962	1.995	2.029	2.064	2.102	2.142	2.160	2.176	2.207	2.248	2.286	2.334	2.389	2.450	2.509	2.570	2.633	2.700	2.768	2.839	2.910	2.983	3.056	3.128	3.200	3.273	3.347	
4.319	4.290	4.262	4.236	4.211	4.189	4.168	4.149	4.131	4.115	4.102	4.090	4.079	4.071	4.065	4.060	4.058	4.057	3.991	3.926	3.859	3.793	3.733	3.679	3.627	3.572	3.518	3.466	3.431	3.439	3.488	3.550	3.620	3.695	3.772	3.850	3.929	4.008	4.088	4.168	4.248	4.328	4.400	4.384	4.369	4.358	4.351	4.351	4.357	4.370	4.389	4.413	4.443	4.478	4.517	4.561	4.608	4.658	4.709	4.762	4.818	4.876	4.936	4.998	5.061	5.126	5.192	5.260	5.328	5.397	5.467	5.538	5.609	5.641	5.643	5.646	5.652	5.659	5.668	5.679	5.692	5.707	5.724	5.742	5.762	5.784	5.743	5.690	5.636	5.580	5.524	5.469	5.415	5.361	5.309	5.257	5.203	5.147	5.091	5.036	4.982	4.929	4.877	4.826	4.773	4.717	4.661	4.607	4.553	4.501	4.449	4.399	4.346	4.290	4.235	4.181	4.128	4.077	4.027	3.978	3.922	3.867	3.813	3.760	3.709	3.659	3.610	3.557	3.502	3.449	3.396	3.346	3.296	3.249	3.197	3.143	3.090	3.039	2.989	2.942	2.897	2.842	2.789	2.738	2.689	2.643	2.599	2.548	2.495	2.445	2.397	2.353	2.312	2.260	2.209	2.162	2.118	2.079	2.032	1.982	1.937	1.897	1.863	1.813	1.768	1.729	1.697	1.654	1.613	1.580	1.555	1.513	1.483	1.451	1.409	1.365	1.321	1.282	1.250	1.212	1.179	1.152	1.131	1.104	1.085	1.073	1.066	1.056	1.053	1.060	1.074	1.086	1.106	1.134	1.168	1.206	1.247	1.289	1.335	1.385	1.439	1.496	1.557	1.619	1.684	1.686	1.683	1.682	1.681	1.681	1.679	1.678	1.681	1.687	1.694	1.702	1.712	1.722	1.734	1.748	1.763	1.782	1.806	1.833	1.860	1.888	1.917	1.944	1.972	2.000	2.032	2.065	2.100	2.138	2.176	2.194	2.210	2.241	2.282	2.320	2.368	2.423	2.484	2.544	2.604	2.668	2.734	2.803	2.873	2.945	3.017	3.091	3.162	3.235	3.308	3.382	
4.317	4.288	4.260	4.234	4.210	4.187	4.166	4.147	4.130	4.114	4.100	4.088	4.078	4.070	4.063	4.059	4.056	4.056	3.989	3.921	3.851	3.784	3.722	3.663	3.608	3.560	3.508	3.464	3.446	3.458	3.507	3.568	3.636	3.708	3.783	3.859	3.937	4.015	4.094	4.174	4.253	4.333	4.398	4.376	4.360	4.350	4.346	4.346	4.352	4.365	4.384	4.409	4.440	4.475	4.515	4.559	4.607	4.657	4.710	4.764	4.820	4.878	4.939	5.000	5.064	5.128	5.194	5.261	5.330	5.399	5.469	5.539	5.611	5.642	5.644	5.648	5.653	5.660	5.670	5.681	5.694	5.709	5.725	5.744	5.764	5.780	5.726	5.674	5.622	5.566	5.510	5.455	5.401	5.347	5.294	5.243	5.188	5.131	5.076	5.021	4.967	4.914	4.862	4.810	4.754	4.697	4.642	4.588	4.534	4.482	4.430	4.380	4.323	4.267	4.212	4.158	4.106	4.054	4.004	3.953	3.896	3.841	3.787	3.735	3.683	3.633	3.585	3.529	3.474	3.421	3.368	3.318	3.269	3.221	3.167	3.112	3.059	3.008	2.959	2.912	2.865	2.810	2.757	2.706	2.657	2.610	2.566	2.513	2.460	2.410	2.363	2.319	2.277	2.223	2.173	2.125	2.082	2.043	1.994	1.944	1.899	1.859	1.824	1.774	1.729	1.690	1.658	1.615	1.573	1.540	1.515	1.474	1.443	1.403	1.358	1.318	1.271	1.229	1.193	1.159	1.123	1.092	1.069	1.044	1.021	1.007	1.001	0.990	0.988	0.996	1.010	1.022	1.043	1.071	1.106	1.144	1.186	1.230	1.278	1.332	1.389	1.449	1.512	1.576	1.642	1.708	1.724	1.723	1.721	1.720	1.716	1.715	1.719	1.725	1.730	1.737	1.747	1.757	1.769	1.783	1.798	1.817	1.840	1.866	1.893	1.921	1.949	1.979	2.009	2.039	2.070	2.103	2.138	2.175	2.213	2.230	2.246	2.278	2.318	2.357	2.405	2.460	2.520	2.580	2.641	2.704	2.771	2.839	2.910	2.981	3.054	3.128	3.199	3.271	3.345	3.418	
4.325	4.296	4.268	4.242	4.218	4.195	4.174	4.155	4.137	4.122	4.108	4.096	4.086	4.077	4.071	4.067	4.064	4.063	3.995	3.923	3.852	3.783	3.718	3.656	3.601	3.554	3.512	3.485	3.473	3.490	3.539	3.597	3.661	3.731	3.805	3.880	3.956	4.032	4.109	4.187	4.266	4.345	4.396	4.374	4.358	4.348	4.343	4.343	4.349	4.363	4.382	4.407	4.437	4.473	4.513	4.557	4.605	4.656	4.710	4.766	4.824	4.883	4.944	5.006	5.069	5.134	5.200	5.267	5.335	5.404	5.473	5.544	5.615	5.647	5.648	5.652	5.657	5.665	5.674	5.685	5.698	5.713	5.730	5.748	5.768	5.761	5.708	5.655	5.604	5.549	5.494	5.438	5.384	5.331	5.278	5.226	5.172	5.116	5.060	5.005	4.951	4.898	4.846	4.795	4.740	4.684	4.628	4.574	4.520	4.468	4.416	4.364	4.307	4.251	4.196	4.142	4.090	4.038	3.988	3.933	3.876	3.821	3.767	3.715	3.663	3.613	3.563	3.507	3.452	3.398	3.346	3.295	3.246	3.198	3.142	3.087	3.034	2.983	2.934	2.886	2.837	2.782	2.729	2.678	2.629	2.583	2.538	2.483	2.431	2.381	2.333	2.289	2.245	2.192	2.141	2.094	2.050	2.011	1.961	1.911	1.866	1.826	1.790	1.739	1.694	1.655	1.624	1.579	1.537	1.504	1.478	1.437	1.407	1.357	1.311	1.267	1.224	1.179	1.139	1.106	1.069	1.035	1.009	0.986	0.960	0.945	0.939	0.926	0.923	0.929	0.944	0.956	0.977	1.008	1.044	1.085	1.127	1.174	1.226	1.282	1.342	1.405	1.468	1.532	1.599	1.667	1.720	1.718	1.721	1.727	1.734	1.743	1.756	1.764	1.769	1.775	1.785	1.795	1.807	1.820	1.836	1.855	1.876	1.901	1.928	1.955	1.983	2.013	2.043	2.076	2.109	2.142	2.177	2.213	2.251	2.268	2.284	2.316	2.356	2.395	2.443	2.498	2.558	2.618	2.678	2.742	2.809	2.877	2.947	3.019	3.092	3.166	3.237	3.310	3.383	3.457	
4.338	4.309	4.281	4.255	4.231	4.208	4.187	4.168	4.150	4.135	4.121	4.109	4.099	4.090	4.084	4.080	4.077	4.077	4.005	3.932	3.861	3.794	3.729	3.667	3.615	3.577	3.540	3.522	3.517	3.533	3.576	3.635	3.698	3.764	3.833	3.905	3.979	4.055	4.131	4.208	4.285	4.362	4.398	4.377	4.362	4.352	4.346	4.346	4.353	4.366	4.385	4.410	4.441	4.476	4.516	4.560	4.608	4.659	4.713	4.769	4.828	4.888	4.950	5.013	5.077	5.142	5.208	5.275	5.343	5.412	5.481	5.552	5.623	5.654	5.656	5.659	5.665	5.672	5.681	5.692	5.705	5.720	5.737	5.755	5.776	5.723	5.670	5.618	5.566	5.516	5.466	5.411	5.357	5.303	5.251	5.199	5.148	5.098	5.044	4.989	4.935	4.882	4.830	4.778	4.723	4.667	4.612	4.557	4.504	4.451	4.400	4.349	4.292	4.236	4.181	4.127	4.075	4.023	3.973	3.919	3.863	3.808	3.754	3.701	3.650	3.600	3.547	3.490	3.435	3.381	3.329	3.278	3.229	3.178	3.122	3.067	3.014	2.963	2.914	2.867	2.815	2.760	2.707	2.655	2.607	2.560	2.514	2.459	2.406	2.356	2.309	2.264	2.219	2.165	2.114	2.067	2.024	1.985	1.932	1.883	1.838	1.798	1.760	1.710	1.664	1.625	1.594	1.548	1.506	1.473	1.446	1.405	1.369	1.315	1.265	1.220	1.179	1.133	1.090	1.054	1.020	0.982	0.953	0.932	0.904	0.884	0.875	0.865	0.859	0.865	0.879	0.892	0.915	0.946	0.985	1.027	1.071	1.122	1.178	1.236	1.296	1.358	1.423	1.491	1.559	1.630	1.672	1.670	1.671	1.676	1.686	1.699	1.712	1.729	1.750	1.776	1.805	1.835	1.848	1.860	1.876	1.895	1.915	1.938	1.965	1.992	2.020	2.048	2.079	2.111	2.146	2.181	2.217	2.253	2.290	2.307	2.323	2.354	2.395	2.433	2.481	2.537	2.597	2.657	2.717	2.781	2.847	2.916	2.986	3.058	3.131	3.204	3.276	3.348	3.422	3.495	
4.355	4.326	4.298	4.272	4.247	4.225	4.204	4.185	4.167	4.151	4.138	4.126	4.115	4.107	4.101	4.096	4.094	4.093	4.022	3.951	3.883	3.818	3.755	3.698	3.651	3.617	3.589	3.574	3.576	3.589	3.624	3.675	3.737	3.802	3.869	3.939	4.010	4.082	4.156	4.232	4.308	4.385	4.404	4.383	4.368	4.360	4.356	4.356	4.363	4.376	4.395	4.419	4.450	4.485	4.525	4.568	4.616	4.666	4.720	4.776	4.835	4.895	4.957	5.021	5.086	5.151	5.218	5.285	5.353	5.422	5.492	5.562	5.633	5.664	5.666	5.669	5.675	5.682	5.691	5.703	5.716	5.730	5.747	5.765	5.743	5.690	5.637	5.584	5.533	5.482	5.429	5.374	5.320	5.266	5.213	5.162	5.111	5.060	5.007	4.952	4.898	4.845	4.793	4.742	4.691	4.642	4.587	4.533	4.479	4.427	4.375	4.325	4.276	4.220	4.165	4.111	4.058	4.007	3.957	3.902	3.846	3.791	3.737	3.684	3.633	3.583	3.532	3.475	3.420	3.367	3.314	3.264	3.214	3.164	3.108	3.054	3.001	2.949	2.900	2.853	2.799	2.744	2.691	2.640	2.591	2.544	2.495	2.440	2.387	2.337	2.290	2.246	2.198	2.144	2.093	2.046	2.003	1.962	1.909	1.860	1.814	1.774	1.735	1.685	1.640	1.601	1.569	1.522	1.480	1.447	1.419	1.378	1.326	1.279	1.225	1.175	1.132	1.089	1.043	1.005	0.972	0.934	0.899	0.875	0.850	0.826	0.815	0.805	0.798	0.803	0.818	0.830	0.853	0.886	0.928	0.970	1.018	1.072	1.128	1.187	1.250	1.316	1.384	1.454	1.525	1.597	1.624	1.622	1.623	1.629	1.639	1.651	1.664	1.682	1.704	1.731	1.762	1.797	1.835	1.877	1.913	1.936	1.956	1.979	2.004	2.030	2.058	2.086	2.117	2.149	2.183	2.220	2.256	2.293	2.330	2.347	2.362	2.394	2.435	2.473	2.521	2.576	2.637	2.697	2.757	2.821	2.887	2.956	3.026	3.098	3.171	3.244	3.316	3.389	3.462	3.536	
4.378	4.349	4.321	4.295	4.271	4.248	4.227	4.208	4.191	4.175	4.161	4.149	4.139	4.131	4.124	4.120	4.117	4.117	4.048	3.980	3.915	3.853	3.794	3.742	3.701	3.669	3.645	3.633	3.642	3.657	3.684	3.728	3.782	3.844	3.909	3.976	4.045	4.116	4.188	4.261	4.335	4.410	4.416	4.395	4.381	4.372	4.369	4.370	4.378	4.391	4.410	4.435	4.464	4.499	4.538	4.582	4.629	4.679	4.732	4.788	4.846	4.906	4.968	5.031	5.096	5.162	5.229	5.297	5.365	5.434	5.504	5.574	5.645	5.677	5.678	5.682	5.687	5.695	5.704	5.715	5.728	5.743	5.759	5.772	5.717	5.663	5.610	5.558	5.507	5.454	5.398	5.343	5.289	5.235	5.183	5.131	5.080	5.028	4.972	4.918	4.864	4.811	4.758	4.707	4.657	4.605	4.550	4.495	4.442	4.389	4.338	4.287	4.238	4.185	4.130	4.076	4.023	3.972	3.922	3.872	3.823	3.768	3.714	3.662	3.610	3.560	3.512	3.459	3.404	3.350	3.298	3.247	3.198	3.148	3.092	3.037	2.984	2.933	2.884	2.836	2.784	2.729	2.676	2.624	2.576	2.529	2.481	2.426	2.373	2.323	2.276	2.232	2.183	2.129	2.079	2.032	1.988	1.945	1.892	1.843	1.797	1.757	1.717	1.666	1.621	1.582	1.550	1.502	1.460	1.427	1.397	1.347	1.289	1.236	1.191	1.135	1.086	1.045	0.999	0.955	0.920	0.885	0.848	0.823	0.799	0.773	0.759	0.752	0.741	0.743	0.758	0.769	0.792	0.828	0.871	0.915	0.967	1.022	1.081	1.144	1.210	1.279	1.349	1.421	1.495	1.569	1.579	1.577	1.579	1.584	1.595	1.607	1.620	1.639	1.662	1.689	1.721	1.757	1.796	1.839	1.882	1.927	1.975	2.020	2.044	2.070	2.097	2.127	2.157	2.189	2.223	2.259	2.296	2.334	2.371	2.388	2.403	2.435	2.476	2.514	2.562	2.618	2.678	2.738	2.798	2.862	2.929	2.997	3.067	3.139	3.212	3.285	3.357	3.430	3.503	3.577	
4.379	4.350	4.322	4.296	4.272	4.249	4.228	4.209	4.192	4.176	4.162	4.150	4.140	4.132	4.125	4.121	4.118	4.118	4.049	3.981	3.917	3.854	3.795	3.744	3.703	3.671	3.647	3.635	3.644	3.659	3.686	3.729	3.784	3.845	3.911	3.978	4.047	4.118	4.189	4.262	4.336	4.411	4.416	4.396	4.381	4.373	4.370	4.371	4.379	4.392	4.411	4.435	4.465	4.500	4.539	4.582	4.629	4.680	4.733	4.788	4.846	4.906	4.968	5.032	5.097	5.163	5.230	5.297	5.366	5.435	5.505	5.575	5.646	5.677	5.679	5.683	5.688	5.695	5.705	5.716	5.729	5.744	5.760	5.753	5.698	5.644	5.591	5.539	5.488	5.431	5.375	5.320	5.266	5.212	5.160	5.108	5.057	5.001	4.945	4.890	4.836	4.783	4.731	4.680	4.629	4.573	4.518	4.464	4.410	4.358	4.306	4.256	4.206	4.150	4.095	4.041	3.988	3.937	3.886	3.837	3.785	3.730	3.676	3.624	3.572	3.522	3.474	3.425	3.370	3.316	3.264	3.213	3.164	3.117	3.068	3.014	2.961	2.910	2.860	2.813	2.768	2.713	2.660	2.608	2.559	2.513	2.465	2.410	2.357	2.307	2.260	2.215	2.167	2.113	2.063	2.015	1.972	1.931	1.878	1.828	1.783	1.743	1.702	1.652	1.607	1.568	1.536	1.488	1.446	1.413	1.369	1.313	1.259	1.200	1.147	1.102	1.046	0.998	0.960	0.910	0.869	0.840	0.798	0.767	0.748	0.718	0.702	0.696	0.683	0.684	0.700	0.709	0.734	0.772	0.815	0.862	0.918	0.977	1.039	1.106	1.175	1.246	1.319	1.393	1.468	1.543	1.537	1.535	1.538	1.544	1.555	1.567	1.580	1.599	1.623	1.651	1.684	1.721	1.761	1.804	1.847	1.894	1.942	1.993	2.046	2.102	2.140	2.169	2.200	2.232	2.265	2.300	2.337	2.375	2.414	2.430	2.446	2.478	2.518	2.557	2.605	2.660	2.720	2.781	2.841	2.905	2.971	3.040	3.110	3.182	3.254	3.328	3.400	3.473	3.546	3.620	
4.382	4.352	4.325	4.299	4.274	4.252	4.231	4.211	4.194	4.178	4.165	4.153	4.142	4.134	4.128	4.123	4.121	4.120	4.052	3.984	3.919	3.857	3.798	3.746	3.705	3.673	3.650	3.637	3.646	3.661	3.689	3.732	3.786	3.847	3.913	3.980	4.049	4.120	4.192	4.264	4.338	4.413	4.419	4.398	4.384	4.376	4.372	4.373	4.381	4.395	4.414	4.438	4.468	4.502	4.542	4.585	4.632	4.682	4.735	4.791	4.849	4.909	4.971	5.034	5.099	5.165	5.232	5.300	5.368	5.437	5.507	5.577	5.648	5.680	5.681	5.685	5.690	5.698	5.707	5.718	5.731	5.746	5.763	5.738	5.684	5.630	5.577	5.525	5.471	5.414	5.358	5.303	5.249	5.196	5.143	5.091	5.037	4.981	4.925	4.870	4.816	4.763	4.711	4.660	4.605	4.549	4.494	4.439	4.386	4.333	4.282	4.231	4.177	4.121	4.067	4.013	3.960	3.909	3.858	3.809	3.753	3.698	3.644	3.592	3.540	3.490	3.442	3.390	3.335	3.281	3.229	3.178	3.129	3.081	3.030	2.976	2.923	2.872	2.822	2.775	2.730	2.677	2.624	2.572	2.524	2.477	2.433	2.383	2.331	2.281	2.233	2.189	2.148	2.094	2.044	1.997	1.953	1.914	1.861	1.812	1.767	1.727	1.686	1.636	1.590	1.551	1.520	1.471	1.429	1.396	1.341	1.281	1.230	1.171	1.112	1.062	1.013	0.957	0.913	0.871	0.822	0.787	0.752	0.713	0.694	0.664	0.645	0.640	0.626	0.625	0.642	0.650	0.678	0.722	0.764	0.816	0.874	0.936	1.003	1.072	1.144	1.218	1.292	1.367	1.442	1.507	1.499	1.497	1.500	1.506	1.518	1.529	1.544	1.564	1.588	1.617	1.651	1.688	1.729	1.772	1.816	1.862	1.911	1.963	2.017	2.073	2.132	2.192	2.244	2.275	2.309	2.344	2.380	2.418	2.457	2.474	2.490	2.522	2.563	2.601	2.649	2.704	2.765	2.825	2.885	2.949	3.015	3.084	3.154	3.226	3.299	3.372	3.445	3.517	3.590	3.664	
4.386	4.356	4.329	4.303	4.279	4.256	4.235	4.216	4.198	4.183	4.169	4.157	4.147	4.139	4.132	4.128	4.125	4.125	4.056	3.988	3.923	3.861	3.802	3.750	3.710	3.678	3.654	3.642	3.650	3.666	3.693	3.736	3.790	3.852	3.918	3.984	4.054	4.124	4.196	4.269	4.343	4.418	4.423	4.403	4.388	4.380	4.376	4.378	4.385	4.399	4.418	4.442	4.472	4.507	4.546	4.589	4.636	4.686	4.739	4.795	4.853	4.913	4.975	5.039	5.103	5.170	5.237	5.304	5.372	5.441	5.511	5.582	5.653	5.684	5.686	5.689	5.695	5.702	5.711	5.722	5.735	5.750	5.767	5.732	5.677	5.624	5.571	5.516	5.459	5.402	5.347	5.292	5.237	5.184	5.131	5.079	5.022	4.966	4.910	4.855	4.801	4.748	4.696	4.644	4.588	4.532	4.477	4.422	4.369	4.316	4.265	4.213	4.157	4.101	4.046	3.992	3.939	3.888	3.838	3.785	3.729	3.673	3.620	3.567	3.515	3.466	3.417	3.361	3.306	3.252	3.200	3.149	3.100	3.053	2.999	2.944	2.891	2.840	2.791	2.743	2.697	2.642	2.589	2.538	2.489	2.442	2.398	2.346	2.293	2.243	2.196	2.152	2.111	2.057	2.006	1.959	1.916	1.877	1.829	1.779	1.734	1.694	1.659	1.610	1.565	1.526	1.494	1.450	1.409	1.376	1.314	1.252	1.199	1.142	1.081	1.030	0.983	0.926	0.879	0.840	0.787	0.747	0.716	0.673	0.644	0.621	0.594	0.587	0.573	0.572	0.588	0.599	0.633	0.676	0.720	0.773	0.835	0.902	0.972	1.045	1.118	1.192	1.267	1.343	1.419	1.471	1.464	1.462	1.463	1.470	1.482	1.493	1.509	1.529	1.555	1.585	1.620	1.658	1.699	1.742	1.786	1.833	1.883	1.936	1.991	2.048	2.107	2.168	2.231	2.294	2.353	2.388	2.425	2.462	2.502	2.519	2.535	2.566	2.607	2.646	2.694	2.749	2.809	2.870	2.930	2.994	3.060	3.129	3.199	3.270	3.343	3.417	3.489	3.562	3.635	3.709	
4.391	4.362	4.335	4.309	4.285	4.262	4.241	4.222	4.204	4.189	4.175	4.163	4.153	4.145	4.138	4.134	4.132	4.131	4.062	3.994	3.930	3.867	3.808	3.757	3.716	3.684	3.660	3.648	3.657	3.672	3.699	3.742	3.797	3.858	3.924	3.991	4.060	4.131	4.202	4.275	4.349	4.424	4.429	4.409	4.395	4.386	4.383	4.384	4.392	4.405	4.424	4.449	4.478	4.513	4.552	4.595	4.642	4.693	4.746	4.801	4.859	4.919	4.981	5.045	5.110	5.176	5.243	5.310	5.379	5.448	5.518	5.588	5.659	5.690	5.692	5.696	5.701	5.708	5.718	5.729	5.742	5.756	5.773	5.735	5.680	5.627	5.572	5.514	5.457	5.400	5.344	5.289	5.235	5.182	5.129	5.071	5.014	4.958	4.902	4.847	4.793	4.740	4.688	4.633	4.576	4.519	4.464	4.409	4.356	4.303	4.252	4.198	4.141	4.085	4.030	3.977	3.924	3.872	3.822	3.767	3.711	3.656	3.602	3.549	3.498	3.448	3.397	3.340	3.285	3.231	3.179	3.128	3.079	3.030	2.974	2.919	2.866	2.815	2.766	2.719	2.669	2.614	2.561	2.510	2.461	2.414	2.370	2.315	2.262	2.212	2.165	2.121	2.077	2.023	1.973	1.926	1.882	1.843	1.793	1.743	1.698	1.658	1.623	1.572	1.527	1.488	1.457	1.412	1.371	1.338	1.297	1.233	1.178	1.123	1.059	1.004	0.960	0.899	0.849	0.808	0.757	0.714	0.681	0.641	0.604	0.588	0.552	0.540	0.526	0.524	0.538	0.554	0.593	0.636	0.683	0.742	0.808	0.877	0.949	1.021	1.095	1.171	1.247	1.324	1.402	1.439	1.431	1.430	1.431	1.438	1.450	1.461	1.477	1.498	1.525	1.556	1.592	1.631	1.673	1.716	1.761	1.809	1.860	1.913	1.969	2.027	2.087	2.148	2.212	2.276	2.342	2.408	2.471	2.509	2.547	2.564	2.580	2.612	2.652	2.691	2.739	2.794	2.854	2.915	2.975	3.039	3.105	3.174	3.244	3.316	3.388	3.462	3.535	3.607	3.680	3.754	
4.399	4.370	4.342	4.317	4.292	4.270	4.249	4.230	4.212	4.197	4.183	4.171	4.161	4.153	4.147	4.142	4.140	4.139	4.070	4.002	3.938	3.876	3.816	3.765	3.724	3.692	3.668	3.656	3.665	3.680	3.708	3.751	3.805	3.866	3.932	3.999	4.068	4.139	4.210	4.283	4.357	4.432	4.438	4.417	4.403	4.394	4.391	4.392	4.400	4.413	4.432	4.457	4.486	4.521	4.560	4.604	4.651	4.701	4.754	4.810	4.868	4.928	4.990	5.053	5.118	5.184	5.251	5.319	5.387	5.456	5.526	5.596	5.667	5.699	5.700	5.704	5.709	5.716	5.726	5.737	5.750	5.764	5.781	5.746	5.692	5.637	5.578	5.521	5.463	5.407	5.351	5.296	5.242	5.188	5.131	5.073	5.016	4.959	4.904	4.849	4.795	4.742	4.687	4.629	4.572	4.516	4.460	4.406	4.352	4.300	4.247	4.189	4.132	4.076	4.022	3.968	3.915	3.864	3.811	3.754	3.698	3.643	3.589	3.536	3.485	3.435	3.381	3.325	3.269	3.216	3.163	3.113	3.064	3.013	2.956	2.902	2.849	2.798	2.748	2.701	2.649	2.594	2.540	2.489	2.440	2.394	2.346	2.292	2.239	2.189	2.141	2.097	2.051	1.997	1.947	1.899	1.856	1.817	1.764	1.714	1.669	1.629	1.592	1.541	1.496	1.457	1.426	1.380	1.338	1.305	1.278	1.219	1.160	1.107	1.043	0.986	0.935	0.882	0.828	0.781	0.738	0.687	0.652	0.613	0.573	0.560	0.521	0.511	0.495	0.495	0.508	0.523	0.560	0.602	0.656	0.719	0.785	0.854	0.926	1.001	1.077	1.154	1.232	1.311	1.389	1.411	1.404	1.401	1.403	1.411	1.424	1.435	1.451	1.472	1.499	1.531	1.568	1.608	1.651	1.694	1.740	1.789	1.840	1.894	1.951	2.010	2.070	2.132	2.196	2.261	2.327	2.394	2.463	2.532	2.593	2.610	2.626	2.658	2.698	2.737	2.785	2.840	2.901	2.961	3.021	3.085	3.152	3.220	3.290	3.362	3.435	3.508	3.581	3.653	3.727	3.800	
4.408	4.379	4.352	4.326	4.302	4.279	4.259	4.240	4.222	4.207	4.193	4.181	4.171	4.163	4.157	4.152	4.150	4.149	4.080	4.012	3.948	3.886	3.826	3.775	3.734	3.702	3.678	3.666	3.675	3.690	3.718	3.761	3.815	3.876	3.942	4.009	4.078	4.149	4.220	4.293	4.367	4.442	4.448	4.427	4.413	4.404	4.401	4.402	4.410	4.423	4.442	4.467	4.497	4.531	4.570	4.614	4.661	4.711	4.764	4.820	4.878	4.938	5.000	5.063	5.128	5.194	5.261	5.329	5.397	5.466	5.536	5.606	5.677	5.709	5.710	5.714	5.719	5.726	5.736	5.747	5.760	5.774	5.791	5.760	5.706	5.649	5.591	5.533	5.476	5.420	5.364	5.309	5.254	5.200	5.141	5.083	5.026	4.970	4.914	4.859	4.805	4.751	4.692	4.635	4.577	4.521	4.466	4.411	4.358	4.305	4.247	4.190	4.133	4.077	4.022	3.968	3.916	3.864	3.807	3.750	3.693	3.638	3.584	3.532	3.480	3.429	3.372	3.316	3.260	3.207	3.154	3.104	3.055	3.000	2.944	2.889	2.836	2.785	2.736	2.688	2.633	2.578	2.525	2.474	2.425	2.378	2.329	2.274	2.222	2.172	2.124	2.080	2.032	1.978	1.928	1.880	1.837	1.796	1.743	1.693	1.648	1.608	1.568	1.517	1.472	1.433	1.402	1.354	1.313	1.280	1.251	1.210	1.149	1.095	1.031	0.972	0.918	0.868	0.810	0.761	0.721	0.666	0.630	0.593	0.551	0.532	0.497	0.479	0.470	0.460	0.479	0.487	0.531	0.573	0.630	0.693	0.762	0.835	0.910	0.987	1.064	1.143	1.222	1.301	1.380	1.389	1.379	1.375	1.378	1.387	1.399	1.411	1.429	1.452	1.479	1.512	1.549	1.590	1.633	1.677	1.724	1.773	1.825	1.880	1.937	1.996	2.057	2.120	2.184	2.249	2.316	2.383	2.452	2.521	2.592	2.650	2.665	2.697	2.737	2.776	2.824	2.879	2.939	2.997	3.058	3.121	3.188	3.256	3.327	3.398	3.471	3.541	3.613	3.685	3.758	3.832	
4.419	4.391	4.363	4.337	4.313	4.291	4.270	4.251	4.234	4.218	4.205	4.193	4.183	4.175	4.169	4.164	4.162	4.161	4.092	4.024	3.960	3.898	3.838	3.787	3.746	3.714	3.690	3.678	3.687	3.702	3.730	3.773	3.827	3.888	3.954	4.021	4.090	4.161	4.232	4.305	4.379	4.454	4.460	4.439	4.425	4.416	4.413	4.414	4.422	4.435	4.454	4.479	4.508	4.543	4.582	4.626	4.673	4.723	4.776	4.832	4.890	4.950	5.011	5.075	5.140	5.206	5.273	5.341	5.409	5.478	5.548	5.618	5.689	5.721	5.722	5.726	5.731	5.738	5.747	5.758	5.771	5.786	5.802	5.780	5.725	5.666	5.607	5.549	5.492	5.436	5.380	5.325	5.271	5.213	5.155	5.097	5.040	4.983	4.927	4.873	4.819	4.763	4.705	4.647	4.590	4.534	4.478	4.424	4.370	4.316	4.257	4.199	4.142	4.087	4.032	3.978	3.925	3.870	3.812	3.755	3.698	3.643	3.589	3.537	3.485	3.430	3.372	3.316	3.261	3.207	3.155	3.104	3.053	2.995	2.939	2.885	2.832	2.781	2.731	2.682	2.625	2.570	2.517	2.465	2.417	2.370	2.317	2.262	2.210	2.160	2.112	2.068	2.017	1.963	1.913	1.866	1.822	1.780	1.727	1.677	1.632	1.592	1.551	1.500	1.455	1.416	1.385	1.336	1.294	1.261	1.231	1.190	1.141	1.086	1.025	0.965	0.911	0.861	0.802	0.752	0.711	0.655	0.612	0.580	0.534	0.507	0.479	0.454	0.449	0.434	0.453	0.463	0.504	0.546	0.605	0.675	0.750	0.827	0.903	0.981	1.059	1.137	1.216	1.296	1.375	1.369	1.359	1.355	1.358	1.367	1.379	1.391	1.410	1.434	1.463	1.497	1.535	1.577	1.620	1.665	1.712	1.762	1.814	1.869	1.927	1.986	2.048	2.111	2.175	2.241	2.308	2.376	2.445	2.514	2.585	2.647	2.663	2.695	2.734	2.773	2.821	2.876	2.936	2.993	3.053	3.117	3.183	3.252	3.322	3.394	3.465	3.535	3.607	3.679	3.752	3.826	
4.432	4.403	4.376	4.351	4.327	4.304	4.284	4.265	4.247	4.232	4.218	4.207	4.197	4.188	4.182	4.178	4.175	4.175	4.106	4.038	3.974	3.911	3.852	3.801	3.760	3.728	3.704	3.692	3.701	3.716	3.743	3.786	3.841	3.902	3.968	4.034	4.104	4.175	4.246	4.319	4.393	4.468	4.473	4.453	4.438	4.430	4.427	4.428	4.435	4.449	4.468	4.492	4.522	4.557	4.596	4.639	4.686	4.737	4.790	4.845	4.903	4.963	5.025	5.089	5.154	5.220	5.287	5.354	5.423	5.492	5.561	5.632	5.703	5.734	5.736	5.739	5.745	5.752	5.761	5.772	5.785	5.799	5.816	5.794	5.739	5.686	5.630	5.572	5.515	5.459	5.403	5.348	5.291	5.232	5.173	5.116	5.058	5.002	4.946	4.891	4.837	4.779	4.720	4.662	4.605	4.549	4.493	4.439	4.385	4.329	4.270	4.213	4.156	4.100	4.045	3.991	3.938	3.882	3.824	3.767	3.711	3.656	3.602	3.549	3.498	3.439	3.382	3.325	3.270	3.216	3.164	3.113	3.058	3.001	2.944	2.890	2.837	2.786	2.736	2.683	2.626	2.571	2.518	2.466	2.418	2.371	2.315	2.260	2.207	2.157	2.110	2.065	2.011	1.957	1.907	1.859	1.816	1.770	1.717	1.668	1.622	1.582	1.539	1.488	1.443	1.404	1.371	1.322	1.280	1.247	1.216	1.171	1.116	1.063	1.010	0.956	0.904	0.849	0.795	0.743	0.702	0.649	0.600	0.573	0.524	0.488	0.469	0.434	0.436	0.414	0.433	0.443	0.485	0.527	0.590	0.663	0.739	0.816	0.893	0.972	1.051	1.130	1.210	1.290	1.368	1.356	1.346	1.342	1.344	1.353	1.365	1.378	1.396	1.421	1.451	1.486	1.525	1.568	1.611	1.657	1.705	1.755	1.808	1.863	1.921	1.981	2.042	2.106	2.170	2.236	2.303	2.371	2.440	2.510	2.581	2.643	2.659	2.691	2.730	2.769	2.817	2.872	2.932	2.989	3.050	3.113	3.180	3.248	3.319	3.390	3.462	3.532	3.603	3.676	3.749	3.823	
4.447	4.418	4.391	4.365	4.341	4.319	4.299	4.280	4.263	4.247	4.234	4.222	4.212	4.204	4.198	4.193	4.191	4.190	4.122	4.054	3.989	3.927	3.868	3.816	3.775	3.744	3.720	3.707	3.716	3.731	3.759	3.802	3.856	3.918	3.983	4.050	4.119	4.190	4.262	4.334	4.408	4.483	4.489	4.469	4.454	4.446	4.442	4.444	4.451	4.465	4.484	4.508	4.538	4.573	4.612	4.655	4.702	4.752	4.805	4.861	4.919	4.979	5.041	5.104	5.169	5.235	5.302	5.370	5.438	5.507	5.577	5.648	5.719	5.750	5.752	5.755	5.760	5.768	5.777	5.788	5.800	5.815	5.831	5.795	5.740	5.686	5.633	5.576	5.519	5.462	5.406	5.351	5.297	5.244	5.191	5.133	5.076	5.019	4.964	4.909	4.855	4.801	4.742	4.684	4.627	4.571	4.515	4.461	4.406	4.347	4.288	4.231	4.174	4.118	4.063	4.009	3.957	3.897	3.839	3.782	3.725	3.670	3.616	3.564	3.511	3.452	3.395	3.338	3.283	3.230	3.177	3.127	3.070	3.013	2.957	2.902	2.849	2.798	2.749	2.693	2.636	2.581	2.528	2.476	2.428	2.378	2.321	2.266	2.213	2.163	2.116	2.070	2.014	1.960	1.909	1.862	1.819	1.770	1.717	1.667	1.622	1.582	1.536	1.485	1.440	1.401	1.366	1.317	1.275	1.242	1.209	1.162	1.102	1.046	0.995	0.940	0.886	0.837	0.784	0.738	0.692	0.640	0.600	0.565	0.517	0.498	0.461	0.438	0.428	0.415	0.432	0.441	0.487	0.532	0.594	0.662	0.737	0.813	0.891	0.970	1.050	1.129	1.209	1.289	1.359	1.346	1.337	1.333	1.336	1.346	1.357	1.370	1.389	1.414	1.444	1.479	1.519	1.562	1.606	1.652	1.702	1.754	1.807	1.862	1.920	1.980	2.041	2.104	2.169	2.235	2.302	2.370	2.439	2.509	2.580	2.642	2.658	2.690	2.729	2.768	2.816	2.871	2.932	2.989	3.049	3.113	3.179	3.248	3.318	3.389	3.462	3.532	3.603	3.675	3.748	3.822	
4.463	4.434	4.407	4.382	4.358	4.336	4.316	4.297	4.280	4.264	4.251	4.239	4.229	4.221	4.215	4.211	4.208	4.208	4.139	4.071	4.007	3.944	3.885	3.834	3.793	3.761	3.737	3.725	3.734	3.749	3.776	3.819	3.874	3.935	4.001	4.067	4.137	4.208	4.279	4.352	4.426	4.501	4.506	4.486	4.471	4.463	4.460	4.461	4.468	4.482	4.501	4.525	4.555	4.590	4.629	4.672	4.719	4.770	4.823	4.878	4.936	4.996	5.058	5.122	5.187	5.253	5.320	5.387	5.456	5.525	5.594	5.665	5.736	5.767	5.769	5.772	5.778	5.785	5.794	5.805	5.817	5.832	5.848	5.797	5.742	5.689	5.635	5.577	5.520	5.464	5.408	5.353	5.299	5.245	5.192	5.134	5.077	5.020	4.965	4.910	4.856	4.803	4.749	4.691	4.634	4.578	4.522	4.468	4.415	4.362	4.308	4.250	4.193	4.138	4.083	4.029	3.976	3.919	3.860	3.803	3.747	3.692	3.638	3.585	3.529	3.470	3.412	3.356	3.301	3.247	3.195	3.144	3.085	3.028	2.972	2.917	2.864	2.813	2.764	2.706	2.649	2.594	2.541	2.490	2.441	2.390	2.333	2.279	2.226	2.176	2.128	2.081	2.025	1.971	1.921	1.874	1.830	1.779	1.725	1.676	1.631	1.591	1.542	1.491	1.446	1.407	1.369	1.320	1.279	1.246	1.211	1.161	1.097	1.041	0.993	0.931	0.876	0.829	0.783	0.730	0.685	0.641	0.609	0.559	0.527	0.502	0.467	0.455	0.439	0.432	0.447	0.462	0.507	0.554	0.614	0.681	0.752	0.826	0.902	0.980	1.058	1.137	1.216	1.295	1.351	1.338	1.331	1.328	1.331	1.341	1.352	1.365	1.385	1.410	1.441	1.476	1.517	1.560	1.604	1.651	1.701	1.754	1.808	1.864	1.922	1.982	2.044	2.107	2.171	2.237	2.304	2.372	2.441	2.511	2.582	2.644	2.660	2.692	2.731	2.770	2.818	2.873	2.933	2.991	3.051	3.115	3.181	3.250	3.320	3.392	3.464	3.534	3.606	3.678	3.751	3.825	
4.481	4.452	4.425	4.400	4.377	4.354	4.334	4.315	4.298	4.283	4.270	4.258	4.248	4.240	4.234	4.230	4.228	4.227	4.158	4.090	4.026	3.964	3.904	3.853	3.812	3.780	3.756	3.744	3.753	3.768	3.795	3.838	3.893	3.954	4.020	4.087	4.156	4.227	4.298	4.371	4.445	4.520	4.526	4.505	4.491	4.482	4.479	4.480	4.488	4.501	4.520	4.545	4.574	4.609	4.648	4.692	4.739	4.789	4.842	4.898	4.956	5.016	5.077	5.141	5.206	5.272	5.339	5.406	5.475	5.544	5.614	5.684	5.755	5.787	5.788	5.792	5.797	5.804	5.813	5.824	5.836	5.851	5.855	5.800	5.746	5.692	5.638	5.580	5.523	5.467	5.411	5.356	5.302	5.248	5.194	5.136	5.079	5.023	4.967	4.912	4.858	4.805	4.751	4.693	4.636	4.580	4.524	4.470	4.416	4.364	4.309	4.251	4.194	4.139	4.084	4.030	3.977	3.926	3.869	3.812	3.756	3.701	3.647	3.594	3.543	3.490	3.433	3.377	3.321	3.268	3.215	3.165	3.107	3.049	2.993	2.939	2.886	2.834	2.783	2.724	2.668	2.612	2.559	2.508	2.459	2.406	2.349	2.294	2.242	2.192	2.144	2.095	2.039	1.985	1.935	1.887	1.844	1.792	1.739	1.689	1.644	1.604	1.554	1.504	1.459	1.420	1.381	1.332	1.290	1.258	1.222	1.174	1.110	1.056	1.001	0.939	0.886	0.845	0.786	0.739	0.697	0.657	0.613	0.575	0.554	0.514	0.494	0.483	0.466	0.465	0.477	0.495	0.541	0.587	0.645	0.708	0.777	0.849	0.924	1.000	1.076	1.153	1.231	1.309	1.350	1.337	1.329	1.326	1.329	1.339	1.350	1.363	1.383	1.408	1.439	1.475	1.515	1.559	1.602	1.650	1.701	1.754	1.810	1.868	1.927	1.988	2.050	2.113	2.178	2.243	2.310	2.378	2.447	2.516	2.587	2.649	2.665	2.696	2.736	2.775	2.822	2.878	2.938	2.996	3.056	3.120	3.186	3.255	3.325	3.397	3.469	3.540	3.611	3.683	3.756	3.830	
4.500	4.472	4.445	4.420	4.397	4.375	4.354	4.336	4.319	4.304	4.291	4.279	4.269	4.261	4.255	4.251	4.249	4.248	4.179	4.111	4.047	3.984	3.925	3.874	3.833	3.801	3.777	3.765	3.774	3.789	3.816	3.859	3.914	3.975	4.041	4.108	4.177	4.248	4.319	4.392	4.466	4.541	4.546	4.526	4.512	4.503	4.500	4.501	4.509	4.522	4.541	4.566	4.595	4.630	4.669	4.712	4.760	4.810	4.863	4.918	4.976	5.036	5.098	5.162	5.227	5.293	5.360	5.427	5.496	5.565	5.635	5.705	5.776	5.807	5.809	5.812	5.818	5.825	5.834	5.844	5.857	5.871	5.860	5.805	5.751	5.697	5.642	5.584	5.527	5.471	5.415	5.361	5.306	5.253	5.198	5.140	5.083	5.027	4.971	4.916	4.862	4.809	4.754	4.696	4.639	4.583	4.528	4.473	4.420	4.367	4.312	4.254	4.197	4.141	4.087	4.033	3.980	3.929	3.871	3.814	3.758	3.703	3.649	3.596	3.545	3.492	3.434	3.378	3.323	3.269	3.217	3.166	3.115	3.058	3.002	2.947	2.894	2.843	2.794	2.743	2.686	2.631	2.578	2.527	2.478	2.429	2.372	2.317	2.264	2.214	2.167	2.115	2.058	2.005	1.954	1.907	1.864	1.809	1.756	1.706	1.661	1.621	1.570	1.519	1.474	1.435	1.395	1.347	1.305	1.272	1.235	1.194	1.141	1.088	1.024	0.966	0.918	0.865	0.810	0.768	0.727	0.680	0.644	0.614	0.582	0.549	0.535	0.519	0.506	0.512	0.522	0.539	0.582	0.626	0.683	0.745	0.811	0.879	0.950	1.024	1.099	1.175	1.252	1.329	1.353	1.341	1.333	1.330	1.333	1.343	1.354	1.367	1.387	1.412	1.443	1.478	1.518	1.562	1.606	1.653	1.704	1.757	1.813	1.872	1.932	1.994	2.056	2.121	2.186	2.252	2.319	2.387	2.455	2.525	2.595	2.656	2.672	2.704	2.744	2.782	2.830	2.885	2.946	3.003	3.064	3.127	3.194	3.262	3.333	3.404	3.477	3.548	3.619	3.691	3.764	3.838	
4.521	4.493	4.467	4.442	4.418	4.397	4.376	4.358	4.341	4.326	4.313	4.301	4.292	4.284	4.278	4.274	4.271	4.271	4.202	4.134	4.069	4.007	3.948	3.896	3.856	3.824	3.800	3.788	3.796	3.811	3.839	3.882	3.936	3.998	4.064	4.130	4.199	4.270	4.342	4.415	4.489	4.563	4.569	4.549	4.534	4.526	4.522	4.524	4.531	4.545	4.564	4.588	4.618	4.653	4.692	4.735	4.782	4.832	4.885	4.941	4.999	5.059	5.121	5.184	5.249	5.316	5.382	5.450	5.518	5.587	5.657	5.728	5.799	5.830	5.832	5.835	5.840	5.847	5.856	5.867	5.879	5.893	5.866	5.811	5.757	5.703	5.648	5.590	5.533	5.477	5.421	5.366	5.312	5.259	5.203	5.145	5.088	5.032	4.976	4.922	4.868	4.815	4.759	4.701	4.644	4.588	4.533	4.479	4.425	4.373	4.316	4.258	4.202	4.146	4.091	4.038	3.985	3.933	3.875	3.818	3.762	3.707	3.653	3.601	3.549	3.495	3.437	3.381	3.326	3.273	3.220	3.170	3.118	3.060	3.004	2.950	2.897	2.846	2.797	2.745	2.688	2.633	2.580	2.529	2.480	2.434	2.377	2.322	2.270	2.220	2.172	2.128	2.073	2.019	1.969	1.921	1.878	1.831	1.778	1.728	1.683	1.643	1.592	1.542	1.497	1.458	1.416	1.367	1.325	1.292	1.254	1.213	1.181	1.121	1.061	1.008	0.959	0.901	0.852	0.815	0.764	0.723	0.691	0.659	0.626	0.601	0.591	0.569	0.564	0.572	0.582	0.596	0.631	0.676	0.725	0.784	0.850	0.916	0.985	1.056	1.128	1.201	1.276	1.352	1.360	1.348	1.343	1.341	1.344	1.353	1.364	1.377	1.397	1.422	1.452	1.487	1.527	1.571	1.615	1.662	1.712	1.765	1.821	1.879	1.939	2.001	2.065	2.130	2.195	2.261	2.329	2.397	2.466	2.535	2.606	2.666	2.682	2.714	2.754	2.792	2.840	2.896	2.956	3.014	3.074	3.138	3.204	3.273	3.343	3.415	3.488	3.559	3.630	3.702	3.775	3.849	
4.544	4.516	4.490	4.465	4.442	4.420	4.400	4.382	4.365	4.350	4.337	4.326	4.316	4.308	4.302	4.298	4.295	4.295	4.226	4.158	4.094	4.031	3.972	3.921	3.880	3.848	3.824	3.812	3.821	3.836	3.863	3.906	3.961	4.022	4.088	4.155	4.224	4.295	4.366	4.439	4.513	4.588	4.593	4.573	4.558	4.550	4.547	4.548	4.556	4.569	4.588	4.612	4.642	4.677	4.716	4.759	4.806	4.857	4.910	4.965	5.023	5.083	5.145	5.209	5.274	5.340	5.407	5.474	5.543	5.612	5.682	5.752	5.823	5.854	5.856	5.859	5.865	5.872	5.880	5.891	5.903	5.917	5.873	5.819	5.764	5.711	5.654	5.597	5.540	5.484	5.428	5.374	5.320	5.266	5.210	5.152	5.095	5.039	4.983	4.929	4.875	4.822	4.765	4.708	4.651	4.595	4.540	4.486	4.432	4.380	4.322	4.265	4.208	4.153	4.098	4.045	3.992	3.939	3.881	3.824	3.768	3.713	3.660	3.607	3.556	3.501	3.443	3.387	3.332	3.279	3.227	3.176	3.123	3.066	3.010	2.956	2.903	2.852	2.803	2.750	2.693	2.638	2.585	2.534	2.486	2.438	2.382	2.327	2.274	2.224	2.177	2.132	2.076	2.023	1.972	1.925	1.882	1.833	1.780	1.731	1.686	1.646	1.599	1.548	1.503	1.465	1.428	1.379	1.337	1.305	1.271	1.230	1.184	1.130	1.071	1.020	0.978	0.922	0.876	0.840	0.796	0.758	0.728	0.701	0.670	0.647	0.640	0.622	0.620	0.634	0.644	0.659	0.687	0.731	0.774	0.826	0.887	0.953	1.019	1.088	1.159	1.230	1.303	1.377	1.372	1.360	1.354	1.353	1.357	1.368	1.378	1.392	1.411	1.436	1.466	1.501	1.540	1.584	1.627	1.674	1.723	1.776	1.832	1.889	1.949	2.011	2.074	2.139	2.205	2.272	2.339	2.407	2.476	2.546	2.617	2.678	2.694	2.726	2.765	2.804	2.852	2.907	2.967	3.024	3.085	3.149	3.215	3.284	3.354	3.425	3.497	3.568	3.639	3.711	3.784	3.858	
4.568	4.541	4.514	4.490	4.467	4.445	4.425	4.407	4.390	4.376	4.363	4.351	4.342	4.334	4.328	4.324	4.321	4.321	4.252	4.184	4.120	4.057	3.998	3.947	3.906	3.874	3.850	3.838	3.847	3.862	3.889	3.932	3.987	4.048	4.114	4.181	4.250	4.321	4.392	4.465	4.539	4.614	4.619	4.599	4.584	4.576	4.573	4.574	4.582	4.595	4.614	4.638	4.668	4.703	4.742	4.785	4.832	4.883	4.936	4.991	5.049	5.109	5.171	5.235	5.300	5.366	5.433	5.500	5.569	5.638	5.708	5.778	5.849	5.880	5.882	5.885	5.890	5.897	5.906	5.917	5.929	5.937	5.882	5.827	5.773	5.720	5.663	5.605	5.548	5.492	5.437	5.382	5.328	5.275	5.218	5.160	5.103	5.047	4.992	4.938	4.884	4.831	4.773	4.716	4.659	4.603	4.548	4.494	4.441	4.389	4.331	4.273	4.217	4.161	4.107	4.053	4.001	3.947	3.890	3.833	3.777	3.722	3.669	3.616	3.565	3.509	3.452	3.396	3.341	3.288	3.236	3.186	3.131	3.074	3.019	2.965	2.912	2.861	2.812	2.758	2.702	2.647	2.594	2.544	2.495	2.447	2.390	2.336	2.283	2.234	2.187	2.140	2.085	2.032	1.982	1.935	1.892	1.842	1.789	1.740	1.695	1.656	1.607	1.557	1.513	1.475	1.436	1.388	1.347	1.315	1.279	1.238	1.195	1.141	1.082	1.031	0.989	0.933	0.886	0.851	0.806	0.768	0.737	0.709	0.679	0.656	0.649	0.630	0.628	0.641	0.651	0.666	0.694	0.738	0.780	0.833	0.894	0.959	1.026	1.095	1.165	1.237	1.309	1.383	1.379	1.367	1.362	1.360	1.365	1.375	1.385	1.399	1.418	1.443	1.473	1.508	1.547	1.590	1.633	1.680	1.730	1.782	1.838	1.896	1.955	2.017	2.080	2.145	2.211	2.278	2.345	2.414	2.483	2.552	2.623	2.685	2.700	2.732	2.771	2.809	2.857	2.911	2.971	3.029	3.089	3.152	3.218	3.287	3.357	3.428	3.501	3.571	3.642	3.714	3.787	3.861	
4.594	4.567	4.541	4.516	4.493	4.472	4.452	4.434	4.418	4.403	4.390	4.379	4.369	4.361	4.356	4.351	4.349	4.348	4.280	4.212	4.147	4.085	4.026	3.974	3.933	3.902	3.878	3.866	3.874	3.889	3.917	3.960	4.014	4.076	4.141	4.208	4.277	4.348	4.420	4.492	4.566	4.641	4.647	4.627	4.612	4.604	4.600	4.602	4.609	4.623	4.642	4.666	4.696	4.731	4.770	4.813	4.860	4.910	4.963	5.019	5.077	5.137	5.199	5.262	5.327	5.393	5.460	5.528	5.596	5.665	5.735	5.806	5.877	5.908	5.910	5.913	5.918	5.925	5.933	5.944	5.956	5.947	5.892	5.837	5.783	5.730	5.672	5.615	5.558	5.502	5.447	5.392	5.338	5.285	5.227	5.170	5.113	5.057	5.002	4.948	4.894	4.841	4.783	4.726	4.669	4.613	4.559	4.505	4.452	4.398	4.340	4.283	4.227	4.172	4.117	4.064	4.012	3.958	3.900	3.843	3.787	3.733	3.680	3.628	3.577	3.519	3.462	3.407	3.352	3.299	3.248	3.197	3.142	3.085	3.030	2.976	2.924	2.873	2.825	2.769	2.713	2.659	2.607	2.556	2.508	2.458	2.402	2.348	2.296	2.247	2.201	2.153	2.098	2.046	1.996	1.950	1.908	1.856	1.804	1.756	1.712	1.673	1.623	1.574	1.531	1.493	1.454	1.407	1.367	1.336	1.299	1.260	1.214	1.162	1.103	1.051	1.011	0.955	0.909	0.873	0.830	0.792	0.762	0.735	0.705	0.682	0.674	0.655	0.653	0.665	0.674	0.690	0.718	0.760	0.801	0.854	0.915	0.981	1.047	1.116	1.187	1.258	1.331	1.405	1.405	1.393	1.387	1.386	1.390	1.401	1.409	1.423	1.442	1.467	1.497	1.532	1.571	1.612	1.655	1.701	1.751	1.804	1.859	1.917	1.977	2.038	2.102	2.166	2.233	2.299	2.367	2.435	2.504	2.574	2.644	2.709	2.723	2.753	2.791	2.827	2.873	2.926	2.985	3.042	3.101	3.163	3.229	3.296	3.366	3.437	3.509	3.579	3.649	3.721	3.794	3.867	
4.621	4.594	4.568	4.544	4.521	4.500	4.480	4.462	4.446	4.432	4.419	4.408	4.398	4.390	4.385	4.381	4.378	4.378	4.309	4.241	4.176	4.114	4.055	4.003	3.963	3.931	3.907	3.895	3.903	3.918	3.946	3.989	4.043	4.105	4.171	4.237	4.307	4.377	4.449	4.522	4.596	4.670	4.676	4.656	4.641	4.633	4.629	4.631	4.638	4.652	4.671	4.695	4.725	4.760	4.799	4.842	4.889	4.939	4.992	5.048	5.106	5.166	5.228	5.291	5.356	5.423	5.489	5.557	5.625	5.694	5.764	5.835	5.906	5.937	5.939	5.942	5.947	5.954	5.962	5.973	5.985	5.958	5.903	5.848	5.794	5.741	5.683	5.625	5.569	5.513	5.458	5.403	5.350	5.296	5.238	5.181	5.124	5.069	5.014	4.959	4.906	4.852	4.794	4.737	4.681	4.625	4.571	4.517	4.464	4.410	4.352	4.295	4.239	4.184	4.130	4.077	4.025	3.970	3.912	3.856	3.800	3.746	3.693	3.641	3.590	3.532	3.475	3.420	3.366	3.313	3.262	3.212	3.156	3.099	3.044	2.991	2.939	2.889	2.840	2.784	2.728	2.674	2.622	2.572	2.525	2.474	2.418	2.365	2.314	2.265	2.219	2.170	2.116	2.064	2.015	1.970	1.929	1.876	1.825	1.778	1.735	1.697	1.646	1.599	1.556	1.520	1.480	1.435	1.397	1.367	1.330	1.294	1.241	1.192	1.133	1.081	1.040	0.988	0.942	0.906	0.866	0.828	0.798	0.774	0.744	0.721	0.714	0.695	0.693	0.703	0.713	0.728	0.756	0.795	0.836	0.889	0.950	1.015	1.082	1.151	1.221	1.293	1.365	1.439	1.445	1.433	1.427	1.426	1.430	1.439	1.447	1.461	1.480	1.505	1.535	1.570	1.608	1.647	1.689	1.736	1.786	1.838	1.894	1.952	2.011	2.073	2.136	2.201	2.267	2.334	2.401	2.470	2.539	2.608	2.679	2.747	2.760	2.787	2.823	2.857	2.901	2.952	3.008	3.064	3.121	3.182	3.246	3.313	3.381	3.451	3.522	3.592	3.662	3.733	3.805	3.878	
4.650	4.623	4.597	4.573	4.551	4.530	4.510	4.492	4.476	4.462	4.449	4.438	4.429	4.421	4.415	4.411	4.409	4.408	4.340	4.272	4.207	4.145	4.086	4.034	3.993	3.961	3.938	3.925	3.934	3.949	3.977	4.020	4.074	4.135	4.201	4.268	4.337	4.408	4.480	4.552	4.626	4.701	4.707	4.686	4.672	4.664	4.660	4.661	4.669	4.683	4.702	4.726	4.756	4.790	4.830	4.873	4.920	4.970	5.023	5.079	5.137	5.197	5.259	5.322	5.387	5.453	5.520	5.588	5.656	5.725	5.795	5.865	5.936	5.968	5.969	5.973	5.978	5.984	5.993	6.003	6.015	5.970	5.915	5.860	5.807	5.752	5.695	5.638	5.581	5.525	5.470	5.416	5.363	5.308	5.251	5.193	5.137	5.081	5.027	4.973	4.919	4.865	4.807	4.750	4.694	4.639	4.584	4.531	4.478	4.423	4.365	4.309	4.253	4.198	4.144	4.091	4.040	3.983	3.926	3.870	3.815	3.761	3.708	3.656	3.605	3.547	3.491	3.436	3.382	3.329	3.278	3.229	3.172	3.116	3.061	3.008	2.956	2.907	2.858	2.801	2.746	2.693	2.641	2.592	2.545	2.493	2.438	2.385	2.335	2.287	2.242	2.192	2.138	2.087	2.040	1.995	1.954	1.901	1.851	1.805	1.763	1.726	1.676	1.630	1.589	1.554	1.514	1.471	1.435	1.407	1.370	1.328	1.274	1.229	1.170	1.118	1.078	1.030	0.984	0.948	0.913	0.875	0.844	0.822	0.793	0.770	0.763	0.746	0.744	0.752	0.762	0.777	0.805	0.840	0.881	0.934	0.995	1.060	1.127	1.196	1.266	1.338	1.410	1.484	1.495	1.484	1.478	1.476	1.481	1.488	1.496	1.510	1.529	1.554	1.584	1.619	1.653	1.692	1.734	1.781	1.831	1.884	1.939	1.997	2.056	2.118	2.181	2.246	2.312	2.379	2.447	2.515	2.584	2.653	2.724	2.795	2.808	2.832	2.865	2.897	2.938	2.986	3.039	3.094	3.149	3.208	3.270	3.335	3.402	3.470	3.541	3.610	3.679	3.749	3.821	3.893	
4.680	4.653	4.628	4.604	4.582	4.561	4.542	4.524	4.508	4.494	4.481	4.470	4.461	4.453	4.447	4.443	4.441	4.440	4.372	4.304	4.239	4.177	4.118	4.066	4.025	3.994	3.970	3.958	3.966	3.981	4.009	4.052	4.106	4.168	4.233	4.300	4.369	4.440	4.512	4.584	4.658	4.733	4.739	4.719	4.704	4.696	4.692	4.694	4.701	4.715	4.734	4.758	4.788	4.823	4.862	4.905	4.952	5.002	5.055	5.111	5.169	5.229	5.291	5.354	5.419	5.485	5.552	5.620	5.688	5.757	5.827	5.898	5.969	6.000	6.002	6.005	6.010	6.016	6.025	6.035	6.039	5.983	5.928	5.874	5.820	5.766	5.708	5.651	5.595	5.539	5.484	5.430	5.377	5.322	5.264	5.207	5.151	5.096	5.041	4.987	4.934	4.879	4.822	4.765	4.709	4.654	4.599	4.546	4.494	4.438	4.381	4.324	4.268	4.214	4.160	4.108	4.056	3.999	3.942	3.886	3.832	3.778	3.725	3.674	3.621	3.564	3.508	3.453	3.400	3.348	3.297	3.247	3.190	3.135	3.080	3.028	2.977	2.928	2.878	2.822	2.767	2.715	2.664	2.615	2.568	2.516	2.462	2.410	2.360	2.313	2.268	2.218	2.165	2.115	2.068	2.025	1.983	1.931	1.883	1.838	1.798	1.760	1.711	1.667	1.628	1.595	1.554	1.514	1.480	1.454	1.418	1.367	1.313	1.270	1.214	1.162	1.122	1.079	1.033	0.997	0.966	0.928	0.898	0.875	0.851	0.828	0.820	0.804	0.802	0.809	0.818	0.834	0.862	0.893	0.934	0.987	1.048	1.113	1.180	1.248	1.317	1.388	1.459	1.532	1.554	1.542	1.536	1.535	1.539	1.545	1.553	1.567	1.586	1.611	1.641	1.672	1.706	1.745	1.787	1.834	1.884	1.937	1.992	2.050	2.109	2.171	2.234	2.299	2.365	2.432	2.500	2.568	2.636	2.705	2.775	2.845	2.863	2.885	2.915	2.945	2.982	3.027	3.078	3.130	3.183	3.240	3.300	3.363	3.428	3.495	3.564	3.633	3.701	3.770	3.840	3.912	
4.712	4.685	4.660	4.636	4.614	4.593	4.574	4.557	4.541	4.527	4.514	4.503	4.494	4.487	4.481	4.477	4.475	4.474	4.405	4.337	4.273	4.211	4.151	4.100	4.059	4.027	4.003	3.991	4.000	4.015	4.043	4.086	4.140	4.201	4.267	4.334	4.403	4.474	4.545	4.618	4.692	4.767	4.773	4.752	4.738	4.729	4.726	4.727	4.735	4.748	4.767	4.792	4.822	4.856	4.895	4.939	4.986	5.036	5.089	5.145	5.203	5.263	5.325	5.388	5.453	5.519	5.586	5.654	5.722	5.791	5.861	5.931	6.002	6.034	6.035	6.038	6.043	6.050	6.058	6.068	6.053	5.998	5.943	5.889	5.835	5.780	5.722	5.666	5.610	5.554	5.500	5.446	5.392	5.337	5.279	5.223	5.167	5.111	5.057	5.003	4.951	4.895	4.837	4.781	4.725	4.670	4.616	4.563	4.511	4.455	4.398	4.341	4.286	4.232	4.178	4.126	4.075	4.017	3.961	3.905	3.850	3.797	3.745	3.694	3.640	3.584	3.528	3.474	3.421	3.369	3.319	3.268	3.211	3.156	3.103	3.050	3.000	2.951	2.901	2.845	2.792	2.739	2.689	2.641	2.595	2.542	2.488	2.437	2.388	2.342	2.298	2.247	2.196	2.147	2.101	2.059	2.017	1.966	1.919	1.876	1.837	1.799	1.752	1.710	1.673	1.641	1.601	1.563	1.531	1.507	1.472	1.412	1.358	1.314	1.263	1.212	1.171	1.134	1.087	1.052	1.024	0.988	0.958	0.935	0.913	0.890	0.883	0.868	0.866	0.871	0.881	0.896	0.924	0.951	0.993	1.046	1.107	1.170	1.235	1.302	1.371	1.442	1.514	1.586	1.617	1.606	1.600	1.598	1.603	1.608	1.615	1.629	1.648	1.673	1.702	1.731	1.765	1.804	1.846	1.893	1.943	1.995	2.051	2.109	2.168	2.230	2.293	2.357	2.421	2.487	2.554	2.622	2.690	2.759	2.829	2.899	2.924	2.944	2.972	2.999	3.033	3.075	3.123	3.173	3.223	3.278	3.336	3.397	3.460	3.525	3.592	3.660	3.727	3.795	3.864	3.934	
4.745	4.719	4.693	4.670	4.648	4.627	4.608	4.591	4.575	4.561	4.549	4.538	4.529	4.522	4.516	4.512	4.510	4.509	4.440	4.373	4.308	4.246	4.187	4.135	4.094	4.062	4.038	4.026	4.035	4.050	4.078	4.121	4.175	4.236	4.302	4.369	4.438	4.509	4.580	4.653	4.727	4.802	4.808	4.787	4.773	4.765	4.761	4.762	4.770	4.783	4.802	4.827	4.857	4.891	4.931	4.974	5.021	5.071	5.124	5.180	5.238	5.298	5.360	5.423	5.488	5.554	5.621	5.689	5.757	5.826	5.896	5.966	6.037	6.069	6.070	6.073	6.078	6.085	6.093	6.103	6.069	6.013	5.959	5.905	5.851	5.795	5.738	5.682	5.626	5.571	5.516	5.462	5.409	5.353	5.296	5.239	5.184	5.129	5.074	5.021	4.968	4.912	4.855	4.799	4.743	4.688	4.635	4.582	4.530	4.473	4.416	4.360	4.305	4.251	4.198	4.146	4.094	4.037	3.981	3.925	3.871	3.818	3.766	3.716	3.662	3.605	3.550	3.496	3.443	3.392	3.343	3.291	3.235	3.180	3.127	3.076	3.026	2.978	2.927	2.872	2.818	2.767	2.718	2.670	2.625	2.571	2.519	2.468	2.420	2.375	2.332	2.281	2.230	2.183	2.138	2.097	2.054	2.005	1.960	1.918	1.881	1.842	1.797	1.757	1.722	1.692	1.652	1.616	1.587	1.564	1.521	1.460	1.406	1.363	1.317	1.266	1.225	1.193	1.146	1.111	1.083	1.051	1.021	0.998	0.979	0.956	0.949	0.935	0.933	0.937	0.947	0.962	0.989	1.015	1.056	1.109	1.168	1.229	1.294	1.361	1.430	1.501	1.573	1.645	1.685	1.673	1.667	1.666	1.670	1.674	1.682	1.695	1.715	1.739	1.765	1.794	1.828	1.867	1.910	1.956	2.006	2.059	2.114	2.172	2.230	2.290	2.352	2.416	2.480	2.546	2.613	2.681	2.749	2.818	2.888	2.958	2.989	3.007	3.033	3.057	3.089	3.128	3.173	3.221	3.269	3.321	3.376	3.435	3.496	3.559	3.625	3.691	3.757	3.823	3.891	3.960	
4.779	4.753	4.728	4.705	4.683	4.663	4.644	4.627	4.611	4.597	4.585	4.574	4.565	4.558	4.552	4.548	4.546	4.546	4.477	4.409	4.344	4.282	4.223	4.171	4.131	4.099	4.075	4.063	4.071	4.087	4.114	4.157	4.211	4.273	4.339	4.405	4.475	4.545	4.617	4.690	4.764	4.839	4.844	4.824	4.809	4.801	4.797	4.799	4.806	4.820	4.839	4.863	4.893	4.928	4.967	5.010	5.057	5.107	5.160	5.216	5.274	5.334	5.396	5.460	5.524	5.591	5.658	5.725	5.793	5.862	5.932	6.003	6.074	6.105	6.107	6.110	6.115	6.121	6.129	6.139	6.085	6.030	5.976	5.922	5.869	5.812	5.755	5.699	5.643	5.588	5.534	5.480	5.428	5.371	5.314	5.258	5.202	5.147	5.093	5.040	4.988	4.931	4.874	4.818	4.762	4.708	4.655	4.602	4.550	4.493	4.436	4.381	4.326	4.272	4.219	4.168	4.115	4.058	4.002	3.948	3.894	3.841	3.790	3.740	3.685	3.629	3.574	3.521	3.469	3.418	3.369	3.316	3.261	3.207	3.154	3.103	3.054	3.006	2.955	2.901	2.848	2.798	2.749	2.702	2.657	2.603	2.552	2.502	2.455	2.411	2.369	2.317	2.268	2.222	2.179	2.139	2.095	2.048	2.004	1.964	1.928	1.889	1.847	1.808	1.775	1.747	1.708	1.674	1.646	1.614	1.570	1.513	1.459	1.416	1.375	1.324	1.283	1.251	1.209	1.174	1.146	1.118	1.088	1.065	1.048	1.026	1.018	1.005	1.003	1.006	1.016	1.031	1.056	1.081	1.123	1.176	1.230	1.292	1.357	1.424	1.493	1.564	1.635	1.708	1.755	1.743	1.737	1.736	1.740	1.743	1.751	1.764	1.784	1.808	1.831	1.861	1.895	1.933	1.976	2.023	2.073	2.125	2.180	2.235	2.293	2.353	2.415	2.478	2.543	2.609	2.676	2.744	2.812	2.881	2.951	3.021	3.057	3.074	3.097	3.120	3.150	3.186	3.228	3.273	3.318	3.368	3.421	3.477	3.536	3.598	3.661	3.726	3.791	3.856	3.922	3.990	
4.815	4.789	4.764	4.741	4.720	4.699	4.681	4.664	4.648	4.635	4.622	4.612	4.603	4.596	4.590	4.586	4.584	4.583	4.515	4.447	4.382	4.320	4.261	4.209	4.168	4.137	4.113	4.101	4.109	4.124	4.152	4.195	4.249	4.311	4.376	4.443	4.512	4.583	4.655	4.727	4.801	4.876	4.882	4.862	4.847	4.839	4.835	4.837	4.844	4.858	4.877	4.901	4.931	4.966	5.005	5.048	5.095	5.145	5.198	5.254	5.312	5.372	5.434	5.497	5.562	5.628	5.695	5.763	5.831	5.900	5.970	6.041	6.112	6.143	6.144	6.148	6.152	6.159	6.167	6.159	6.103	6.048	5.994	5.940	5.887	5.830	5.774	5.717	5.662	5.607	5.553	5.500	5.447	5.390	5.333	5.277	5.222	5.167	5.113	5.060	5.008	4.951	4.894	4.838	4.783	4.729	4.676	4.624	4.572	4.514	4.458	4.403	4.348	4.295	4.243	4.191	4.138	4.082	4.026	3.972	3.918	3.866	3.815	3.765	3.710	3.655	3.600	3.547	3.496	3.445	3.397	3.344	3.289	3.236	3.184	3.133	3.085	3.038	2.986	2.932	2.881	2.831	2.783	2.737	2.691	2.638	2.588	2.540	2.494	2.450	2.408	2.357	2.309	2.264	2.222	2.184	2.140	2.095	2.052	2.014	1.979	1.941	1.900	1.863	1.831	1.803	1.766	1.735	1.709	1.665	1.621	1.569	1.515	1.471	1.436	1.385	1.344	1.312	1.275	1.239	1.211	1.187	1.157	1.134	1.120	1.097	1.090	1.077	1.075	1.078	1.087	1.102	1.125	1.150	1.192	1.242	1.296	1.357	1.423	1.489	1.559	1.629	1.701	1.774	1.826	1.815	1.809	1.808	1.812	1.814	1.822	1.836	1.855	1.877	1.900	1.930	1.964	2.002	2.045	2.092	2.142	2.192	2.245	2.301	2.359	2.419	2.480	2.544	2.609	2.675	2.742	2.809	2.877	2.946	3.016	3.087	3.128	3.143	3.165	3.185	3.213	3.247	3.286	3.329	3.372	3.419	3.470	3.524	3.581	3.640	3.701	3.765	3.828	3.891	3.956	4.023	
4.852	4.826	4.802	4.779	4.757	4.737	4.719	4.702	4.687	4.673	4.661	4.651	4.642	4.635	4.629	4.625	4.623	4.623	4.554	4.486	4.421	4.359	4.300	4.248	4.207	4.176	4.152	4.140	4.148	4.163	4.191	4.234	4.288	4.350	4.416	4.482	4.551	4.622	4.694	4.767	4.840	4.914	4.921	4.901	4.886	4.878	4.874	4.876	4.883	4.897	4.916	4.940	4.970	5.005	5.044	5.087	5.134	5.184	5.237	5.293	5.351	5.411	5.473	5.536	5.601	5.668	5.734	5.802	5.870	5.939	6.009	6.080	6.151	6.182	6.184	6.187	6.191	6.198	6.206	6.177	6.122	6.067	6.013	5.960	5.907	5.850	5.793	5.737	5.682	5.627	5.573	5.520	5.467	5.410	5.354	5.298	5.243	5.188	5.135	5.082	5.029	4.972	4.916	4.861	4.806	4.752	4.699	4.647	4.594	4.538	4.482	4.427	4.373	4.320	4.268	4.217	4.163	4.107	4.052	3.998	3.945	3.893	3.842	3.793	3.737	3.682	3.628	3.576	3.525	3.475	3.427	3.374	3.320	3.267	3.216	3.166	3.118	3.072	3.019	2.966	2.915	2.866	2.819	2.774	2.728	2.676	2.627	2.579	2.535	2.492	2.449	2.400	2.354	2.310	2.269	2.232	2.188	2.144	2.103	2.066	2.033	1.995	1.956	1.921	1.891	1.863	1.828	1.798	1.774	1.719	1.675	1.628	1.574	1.530	1.497	1.448	1.408	1.376	1.342	1.307	1.279	1.258	1.228	1.205	1.192	1.170	1.162	1.150	1.149	1.150	1.160	1.175	1.196	1.221	1.263	1.310	1.364	1.425	1.491	1.557	1.626	1.697	1.769	1.841	1.899	1.888	1.883	1.881	1.885	1.887	1.895	1.908	1.928	1.948	1.971	2.001	2.035	2.073	2.116	2.163	2.210	2.260	2.313	2.369	2.427	2.487	2.548	2.612	2.677	2.743	2.810	2.877	2.945	3.014	3.084	3.155	3.200	3.214	3.234	3.253	3.279	3.310	3.347	3.388	3.429	3.474	3.522	3.574	3.628	3.686	3.745	3.807	3.868	3.930	3.994	4.059	
4.890	4.864	4.840	4.818	4.796	4.777	4.758	4.742	4.727	4.713	4.701	4.691	4.682	4.675	4.669	4.666	4.663	4.663	4.594	4.526	4.462	4.399	4.340	4.289	4.248	4.216	4.192	4.180	4.189	4.204	4.231	4.274	4.329	4.390	4.456	4.523	4.592	4.663	4.734	4.807	4.880	4.953	4.961	4.941	4.927	4.918	4.915	4.916	4.924	4.937	4.956	4.981	5.010	5.045	5.084	5.127	5.174	5.225	5.278	5.333	5.391	5.451	5.513	5.577	5.642	5.708	5.775	5.842	5.911	5.980	6.050	6.120	6.191	6.222	6.224	6.227	6.232	6.238	6.246	6.197	6.142	6.088	6.034	5.981	5.927	5.870	5.814	5.758	5.703	5.649	5.595	5.542	5.489	5.432	5.375	5.320	5.265	5.211	5.158	5.105	5.052	4.995	4.939	4.884	4.830	4.776	4.724	4.672	4.619	4.562	4.507	4.452	4.398	4.346	4.294	4.244	4.189	4.134	4.079	4.025	3.973	3.922	3.872	3.822	3.766	3.712	3.659	3.607	3.556	3.507	3.460	3.406	3.352	3.300	3.249	3.200	3.153	3.108	3.054	3.003	2.953	2.904	2.858	2.814	2.767	2.717	2.668	2.622	2.578	2.537	2.494	2.446	2.401	2.358	2.319	2.282	2.239	2.196	2.157	2.122	2.090	2.052	2.014	1.981	1.953	1.925	1.892	1.864	1.830	1.776	1.731	1.689	1.635	1.592	1.558	1.514	1.473	1.441	1.412	1.377	1.349	1.328	1.300	1.277	1.266	1.244	1.236	1.225	1.223	1.224	1.234	1.249	1.268	1.294	1.335	1.380	1.433	1.495	1.560	1.627	1.696	1.767	1.838	1.911	1.973	1.963	1.957	1.956	1.959	1.961	1.969	1.982	2.002	2.020	2.044	2.073	2.107	2.146	2.189	2.233	2.280	2.330	2.383	2.438	2.496	2.556	2.618	2.681	2.746	2.812	2.879	2.947	3.015	3.084	3.154	3.224	3.274	3.286	3.305	3.323	3.347	3.376	3.411	3.450	3.488	3.531	3.577	3.627	3.679	3.734	3.792	3.851	3.912	3.972	4.034	4.098	
4.929	4.904	4.880	4.858	4.836	4.817	4.799	4.782	4.767	4.754	4.742	4.732	4.723	4.716	4.711	4.707	4.705	4.704	4.636	4.568	4.503	4.441	4.382	4.330	4.289	4.258	4.234	4.222	4.230	4.245	4.273	4.316	4.370	4.432	4.497	4.564	4.633	4.704	4.776	4.848	4.920	4.993	5.003	4.983	4.968	4.960	4.956	4.958	4.965	4.979	4.998	5.022	5.052	5.087	5.126	5.169	5.216	5.266	5.319	5.375	5.433	5.493	5.555	5.618	5.683	5.749	5.816	5.884	5.952	6.021	6.091	6.162	6.233	6.264	6.265	6.268	6.273	6.279	6.274	6.218	6.163	6.109	6.055	6.003	5.948	5.892	5.836	5.780	5.725	5.671	5.618	5.565	5.511	5.455	5.399	5.343	5.289	5.235	5.182	5.130	5.076	5.020	4.964	4.909	4.855	4.802	4.750	4.698	4.644	4.588	4.533	4.479	4.426	4.374	4.322	4.272	4.217	4.162	4.108	4.055	4.003	3.952	3.902	3.852	3.797	3.743	3.691	3.639	3.589	3.541	3.494	3.440	3.387	3.335	3.285	3.237	3.191	3.145	3.092	3.041	2.992	2.945	2.900	2.856	2.809	2.760	2.712	2.667	2.624	2.584	2.541	2.494	2.450	2.409	2.371	2.336	2.292	2.251	2.214	2.179	2.149	2.111	2.075	2.044	2.017	1.989	1.958	1.932	1.889	1.834	1.790	1.752	1.698	1.655	1.621	1.582	1.541	1.509	1.483	1.448	1.420	1.399	1.373	1.350	1.341	1.318	1.311	1.300	1.299	1.299	1.309	1.324	1.342	1.367	1.408	1.451	1.505	1.566	1.631	1.698	1.767	1.838	1.910	1.982	2.048	2.038	2.033	2.031	2.034	2.036	2.044	2.057	2.075	2.094	2.117	2.146	2.181	2.219	2.261	2.304	2.351	2.401	2.454	2.509	2.567	2.627	2.689	2.753	2.817	2.883	2.950	3.018	3.086	3.155	3.225	3.295	3.348	3.360	3.378	3.394	3.416	3.444	3.477	3.514	3.550	3.591	3.635	3.682	3.733	3.786	3.842	3.899	3.959	4.017	4.078	4.139	
4.970	4.945	4.921	4.899	4.878	4.859	4.841	4.824	4.810	4.796	4.785	4.774	4.766	4.759	4.754	4.750	4.748	4.747	4.678	4.611	4.546	4.484	4.425	4.373	4.332	4.300	4.277	4.264	4.273	4.288	4.316	4.359	4.413	4.474	4.540	4.607	4.676	4.747	4.818	4.890	4.962	5.035	5.046	5.025	5.011	5.003	4.999	5.000	5.008	5.021	5.040	5.065	5.095	5.129	5.169	5.212	5.259	5.309	5.362	5.418	5.476	5.536	5.598	5.661	5.726	5.792	5.859	5.927	5.995	6.064	6.134	6.204	6.275	6.307	6.308	6.311	6.316	6.322	6.296	6.241	6.186	6.132	6.078	6.026	5.971	5.914	5.859	5.803	5.749	5.695	5.642	5.590	5.535	5.479	5.423	5.368	5.314	5.260	5.208	5.156	5.102	5.045	4.990	4.936	4.882	4.829	4.777	4.726	4.672	4.616	4.561	4.508	4.455	4.403	4.352	4.302	4.247	4.192	4.139	4.086	4.034	3.984	3.935	3.884	3.830	3.777	3.725	3.674	3.625	3.577	3.529	3.475	3.423	3.373	3.323	3.276	3.230	3.184	3.132	3.082	3.034	2.987	2.943	2.901	2.853	2.805	2.758	2.714	2.673	2.633	2.590	2.545	2.502	2.462	2.425	2.390	2.348	2.308	2.272	2.239	2.210	2.172	2.138	2.109	2.083	2.055	2.026	2.001	1.950	1.895	1.851	1.817	1.764	1.720	1.686	1.651	1.610	1.578	1.554	1.520	1.492	1.472	1.448	1.425	1.417	1.394	1.387	1.376	1.375	1.375	1.385	1.400	1.416	1.442	1.481	1.523	1.577	1.638	1.704	1.771	1.840	1.910	1.982	2.055	2.124	2.114	2.109	2.107	2.110	2.112	2.119	2.133	2.150	2.168	2.192	2.221	2.255	2.294	2.333	2.376	2.423	2.473	2.526	2.582	2.640	2.700	2.761	2.825	2.890	2.956	3.023	3.090	3.159	3.228	3.297	3.368	3.423	3.434	3.451	3.467	3.487	3.513	3.544	3.579	3.614	3.653	3.695	3.741	3.789	3.840	3.894	3.949	4.007	4.064	4.123	4.184	
5.011	4.986	4.963	4.941	4.920	4.901	4.884	4.867	4.853	4.840	4.828	4.818	4.810	4.803	4.797	4.794	4.792	4.791	4.722	4.655	4.590	4.528	4.468	4.417	4.376	4.344	4.320	4.308	4.317	4.332	4.360	4.403	4.457	4.518	4.584	4.651	4.720	4.791	4.861	4.932	5.004	5.078	5.090	5.069	5.055	5.046	5.043	5.044	5.052	5.065	5.084	5.109	5.139	5.173	5.213	5.256	5.303	5.353	5.406	5.462	5.520	5.580	5.642	5.705	5.770	5.836	5.903	5.971	6.039	6.108	6.178	6.248	6.319	6.351	6.352	6.355	6.360	6.366	6.319	6.264	6.209	6.155	6.102	6.050	5.995	5.938	5.883	5.828	5.774	5.720	5.667	5.615	5.560	5.504	5.449	5.394	5.340	5.287	5.235	5.183	5.128	5.072	5.017	4.963	4.910	4.858	4.806	4.755	4.700	4.645	4.591	4.538	4.485	4.434	4.383	4.334	4.278	4.224	4.171	4.119	4.068	4.018	3.969	3.918	3.864	3.812	3.760	3.710	3.661	3.614	3.566	3.513	3.462	3.412	3.363	3.317	3.272	3.225	3.174	3.125	3.078	3.032	2.989	2.947	2.899	2.852	2.807	2.764	2.723	2.685	2.641	2.597	2.556	2.517	2.481	2.447	2.405	2.367	2.332	2.301	2.272	2.236	2.203	2.175	2.150	2.123	2.095	2.061	2.012	1.958	1.913	1.879	1.830	1.787	1.753	1.721	1.680	1.648	1.624	1.593	1.565	1.545	1.523	1.500	1.493	1.470	1.463	1.453	1.451	1.452	1.461	1.476	1.491	1.517	1.554	1.597	1.650	1.712	1.777	1.844	1.913	1.984	2.055	2.128	2.200	2.191	2.186	2.184	2.186	2.188	2.196	2.210	2.225	2.243	2.267	2.296	2.330	2.368	2.407	2.450	2.497	2.547	2.600	2.655	2.713	2.773	2.835	2.898	2.963	3.029	3.096	3.164	3.232	3.301	3.371	3.441	3.499	3.510	3.525	3.540	3.560	3.584	3.613	3.646	3.680	3.717	3.757	3.801	3.847	3.896	3.948	4.002	4.058	4.114	4.171	4.230	
5.054	5.029	5.006	4.984	4.964	4.945	4.928	4.912	4.897	4.884	4.873	4.863	4.854	4.848	4.842	4.839	4.837	4.836	4.767	4.700	4.635	4.573	4.513	4.462	4.421	4.389	4.365	4.353	4.362	4.377	4.405	4.448	4.502	4.563	4.629	4.696	4.765	4.835	4.905	4.976	5.048	5.122	5.135	5.114	5.100	5.091	5.088	5.089	5.097	5.110	5.129	5.154	5.184	5.218	5.258	5.301	5.348	5.398	5.451	5.507	5.565	5.625	5.687	5.750	5.815	5.881	5.948	6.016	6.084	6.153	6.223	6.292	6.363	6.396	6.397	6.400	6.404	6.398	6.343	6.288	6.234	6.180	6.127	6.075	6.019	5.963	5.908	5.853	5.799	5.746	5.694	5.642	5.586	5.531	5.475	5.421	5.368	5.315	5.263	5.212	5.156	5.101	5.046	4.992	4.939	4.887	4.836	4.786	4.731	4.676	4.622	4.569	4.517	4.466	4.416	4.366	4.311	4.257	4.205	4.153	4.103	4.053	4.005	3.953	3.900	3.848	3.798	3.748	3.700	3.653	3.605	3.553	3.502	3.453	3.405	3.359	3.315	3.268	3.218	3.170	3.123	3.079	3.036	2.995	2.948	2.901	2.857	2.815	2.775	2.738	2.694	2.652	2.612	2.574	2.539	2.505	2.465	2.428	2.395	2.364	2.335	2.300	2.269	2.242	2.219	2.191	2.164	2.121	2.076	2.022	1.978	1.944	1.898	1.855	1.821	1.792	1.751	1.720	1.696	1.667	1.639	1.619	1.599	1.576	1.569	1.547	1.540	1.530	1.528	1.528	1.538	1.552	1.567	1.593	1.628	1.671	1.725	1.786	1.851	1.918	1.987	2.058	2.130	2.202	2.276	2.268	2.263	2.261	2.263	2.265	2.273	2.286	2.301	2.319	2.343	2.372	2.406	2.442	2.481	2.524	2.571	2.621	2.674	2.729	2.787	2.847	2.909	2.973	3.037	3.103	3.170	3.238	3.306	3.375	3.445	3.515	3.576	3.586	3.600	3.614	3.633	3.656	3.683	3.715	3.747	3.782	3.821	3.863	3.907	3.955	4.005	4.057	4.111	4.166	4.222	4.279	
5.098	5.073	5.051	5.029	5.009	4.990	4.973	4.957	4.943	4.930	4.918	4.909	4.900	4.894	4.888	4.885	4.883	4.882	4.814	4.746	4.681	4.619	4.560	4.508	4.467	4.435	4.412	4.399	4.408	4.423	4.451	4.494	4.548	4.609	4.675	4.742	4.811	4.880	4.950	5.021	5.093	5.167	5.181	5.160	5.146	5.138	5.134	5.135	5.143	5.157	5.176	5.200	5.230	5.264	5.304	5.347	5.394	5.444	5.497	5.553	5.611	5.671	5.733	5.796	5.861	5.927	5.994	6.062	6.130	6.199	6.268	6.337	6.408	6.442	6.443	6.446	6.450	6.423	6.368	6.313	6.259	6.206	6.153	6.101	6.045	5.990	5.935	5.880	5.826	5.773	5.721	5.670	5.614	5.558	5.504	5.450	5.396	5.344	5.292	5.241	5.186	5.131	5.076	5.023	4.970	4.919	4.868	4.817	4.762	4.708	4.654	4.602	4.550	4.500	4.450	4.400	4.345	4.292	4.240	4.189	4.139	4.090	4.043	3.991	3.938	3.887	3.837	3.788	3.740	3.694	3.645	3.594	3.544	3.496	3.449	3.404	3.360	3.313	3.264	3.216	3.171	3.127	3.085	3.045	2.998	2.952	2.909	2.868	2.830	2.793	2.750	2.708	2.669	2.633	2.599	2.564	2.526	2.491	2.458	2.429	2.400	2.367	2.337	2.311	2.289	2.261	2.226	2.183	2.142	2.087	2.043	2.009	1.967	1.924	1.890	1.864	1.824	1.792	1.768	1.741	1.713	1.693	1.675	1.652	1.645	1.624	1.617	1.608	1.606	1.606	1.615	1.629	1.643	1.669	1.703	1.746	1.799	1.861	1.926	1.993	2.062	2.133	2.205	2.277	2.350	2.346	2.340	2.339	2.340	2.342	2.350	2.364	2.377	2.396	2.419	2.448	2.482	2.517	2.556	2.599	2.646	2.696	2.749	2.804	2.862	2.922	2.984	3.047	3.112	3.178	3.245	3.313	3.381	3.450	3.520	3.590	3.653	3.662	3.676	3.689	3.707	3.729	3.755	3.785	3.816	3.849	3.886	3.926	3.969	4.015	4.063	4.114	4.166	4.220	4.274	4.330	
5.143	5.119	5.096	5.074	5.055	5.036	5.019	5.003	4.989	4.976	4.965	4.955	4.947	4.941	4.936	4.932	4.930	4.929	4.861	4.793	4.728	4.666	4.607	4.555	4.514	4.483	4.459	4.446	4.455	4.470	4.498	4.541	4.595	4.657	4.722	4.789	4.858	4.926	4.996	5.067	5.139	5.213	5.228	5.208	5.193	5.185	5.181	5.183	5.190	5.204	5.223	5.247	5.277	5.312	5.351	5.394	5.441	5.491	5.544	5.600	5.658	5.718	5.780	5.843	5.908	5.974	6.041	6.109	6.177	6.245	6.314	6.383	6.454	6.489	6.490	6.493	6.498	6.449	6.394	6.340	6.286	6.233	6.180	6.128	6.072	6.017	5.962	5.908	5.855	5.802	5.750	5.698	5.642	5.587	5.533	5.479	5.426	5.374	5.323	5.272	5.216	5.161	5.108	5.055	5.002	4.951	4.901	4.850	4.795	4.741	4.688	4.636	4.585	4.535	4.486	4.435	4.381	4.329	4.277	4.226	4.177	4.129	4.082	4.029	3.977	3.927	3.877	3.829	3.782	3.737	3.687	3.637	3.588	3.540	3.494	3.450	3.407	3.359	3.311	3.265	3.220	3.177	3.136	3.095	3.049	3.005	2.963	2.923	2.885	2.849	2.806	2.766	2.728	2.693	2.661	2.626	2.589	2.555	2.523	2.495	2.466	2.434	2.406	2.381	2.359	2.332	2.288	2.246	2.208	2.154	2.110	2.076	2.038	1.994	1.960	1.935	1.897	1.865	1.841	1.817	1.789	1.769	1.752	1.729	1.722	1.702	1.695	1.686	1.684	1.683	1.693	1.706	1.720	1.746	1.779	1.821	1.875	1.936	2.002	2.069	2.137	2.207	2.278	2.350	2.423	2.424	2.418	2.416	2.418	2.420	2.427	2.441	2.454	2.472	2.496	2.525	2.558	2.592	2.631	2.674	2.721	2.771	2.824	2.880	2.938	2.998	3.059	3.123	3.188	3.254	3.321	3.388	3.456	3.525	3.595	3.665	3.730	3.739	3.752	3.765	3.781	3.802	3.827	3.855	3.886	3.918	3.953	3.991	4.033	4.077	4.123	4.172	4.223	4.276	4.328	4.382	
