dim: 256 x 105 x 207
axis=2 slice=16

5.912	5.887	5.862	5.840	5.818	5.799	5.780	5.764	5.748	5.735	5.723	5.712	5.704	5.696	5.691	5.687	5.685	5.684	5.649	5.603	5.538	5.476	5.415	5.356	5.299	5.244	5.192	5.143	5.097	5.052	5.010	4.972	4.935	4.903	4.876	4.855	4.840	4.826	4.819	4.818	4.820	4.825	4.835	4.849	4.862	4.878	4.894	4.907	4.909	4.912	4.920	4.930	4.939	4.951	4.966	4.981	4.995	5.011	5.031	5.053	5.077	5.103	5.131	5.162	5.197	5.233	5.270	5.310	5.351	5.395	5.442	5.491	5.542	5.565	5.566	5.569	5.574	5.580	5.588	5.598	5.609	5.622	5.636	5.652	5.670	5.689	5.710	5.732	5.755	5.780	5.807	5.835	5.864	5.894	5.926	5.959	5.993	6.029	6.066	6.104	6.143	6.183	6.224	6.266	6.309	6.353	6.317	6.272	6.228	6.185	6.143	6.100	6.054	6.009	5.965	5.922	5.881	5.840	5.801	5.759	5.716	5.674	5.634	5.594	5.556	5.519	5.483	5.443	5.403	5.365	5.329	5.294	5.260	5.228	5.192	5.156	5.122	5.089	5.058	5.029	5.002	4.969	4.938	4.909	4.881	4.856	4.832	4.806	4.779	4.754	4.731	4.710	4.691	4.671	4.649	4.629	4.581	4.535	4.490	4.448	4.407	4.361	4.316	4.276	4.237	4.201	4.162	4.123	4.085	4.051	4.022	3.990	3.953	3.922	3.896	3.876	3.843	3.815	3.793	3.777	3.752	3.730	3.713	3.699	3.682	3.666	3.651	3.642	3.632	3.618	3.611	3.607	3.596	3.592	3.590	3.585	3.584	3.583	3.582	3.585	3.585	3.589	3.593	3.598	3.607	3.616	3.630	3.643	3.658	3.674	3.682	3.685	3.693	3.701	3.711	3.720	3.732	3.747	3.762	3.776	3.792	3.807	3.827	3.849	3.873	3.899	3.927	3.958	3.990	4.025	4.061	4.099	4.139	4.181	4.226	4.273	4.323	4.344	4.351	4.360	4.369	4.380	4.394	4.409	4.425	4.443	4.464	4.486	4.511	4.538	4.567	4.596	4.627	4.660	4.695	4.731	
5.884	5.859	5.834	5.811	5.790	5.770	5.751	5.734	5.719	5.705	5.693	5.683	5.674	5.667	5.661	5.658	5.655	5.655	5.619	5.573	5.509	5.446	5.385	5.326	5.269	5.214	5.163	5.114	5.068	5.022	4.981	4.942	4.905	4.873	4.846	4.826	4.810	4.797	4.789	4.788	4.790	4.795	4.805	4.819	4.832	4.848	4.864	4.878	4.879	4.882	4.890	4.900	4.909	4.922	4.936	4.951	4.965	4.981	5.001	5.023	5.047	5.073	5.101	5.133	5.167	5.204	5.240	5.280	5.322	5.365	5.412	5.461	5.512	5.535	5.536	5.539	5.544	5.551	5.559	5.568	5.580	5.593	5.607	5.623	5.641	5.660	5.681	5.703	5.727	5.752	5.779	5.807	5.836	5.867	5.899	5.932	5.967	6.002	6.039	6.078	6.117	6.157	6.198	6.241	6.284	6.325	6.279	6.233	6.188	6.145	6.102	6.058	6.012	5.966	5.922	5.879	5.837	5.796	5.756	5.713	5.670	5.627	5.586	5.546	5.507	5.470	5.433	5.391	5.352	5.313	5.276	5.241	5.206	5.174	5.136	5.100	5.065	5.032	5.000	4.971	4.941	4.908	4.876	4.847	4.819	4.792	4.768	4.741	4.714	4.688	4.665	4.643	4.624	4.602	4.579	4.559	4.526	4.480	4.435	4.393	4.348	4.302	4.257	4.217	4.178	4.142	4.100	4.060	4.022	3.988	3.959	3.924	3.887	3.856	3.830	3.806	3.773	3.746	3.724	3.708	3.680	3.658	3.641	3.627	3.608	3.592	3.577	3.568	3.556	3.542	3.535	3.530	3.519	3.515	3.513	3.507	3.506	3.505	3.504	3.506	3.507	3.510	3.514	3.520	3.529	3.538	3.552	3.565	3.581	3.597	3.603	3.607	3.615	3.623	3.633	3.642	3.655	3.669	3.684	3.698	3.714	3.730	3.750	3.772	3.796	3.822	3.850	3.881	3.914	3.949	3.985	4.022	4.063	4.105	4.149	4.197	4.247	4.266	4.273	4.282	4.291	4.303	4.317	4.333	4.350	4.368	4.390	4.413	4.438	4.466	4.495	4.525	4.557	4.591	4.626	4.664	
5.858	5.832	5.807	5.784	5.762	5.742	5.724	5.707	5.691	5.678	5.665	5.655	5.646	5.639	5.633	5.629	5.627	5.627	5.591	5.545	5.481	5.418	5.357	5.298	5.241	5.186	5.134	5.085	5.039	4.994	4.952	4.914	4.877	4.845	4.818	4.797	4.782	4.768	4.761	4.760	4.762	4.767	4.777	4.791	4.804	4.820	4.836	4.850	4.851	4.854	4.862	4.872	4.881	4.894	4.908	4.923	4.937	4.953	4.973	4.995	5.019	5.045	5.073	5.105	5.139	5.175	5.212	5.252	5.293	5.337	5.384	5.433	5.484	5.507	5.508	5.511	5.516	5.523	5.531	5.540	5.552	5.565	5.580	5.596	5.614	5.633	5.654	5.676	5.700	5.726	5.752	5.781	5.810	5.841	5.873	5.907	5.941	5.977	6.014	6.053	6.092	6.133	6.174	6.217	6.261	6.288	6.241	6.195	6.150	6.106	6.063	6.018	5.971	5.925	5.880	5.837	5.794	5.753	5.713	5.668	5.624	5.581	5.539	5.499	5.460	5.422	5.383	5.342	5.301	5.262	5.224	5.188	5.154	5.120	5.081	5.044	5.009	4.975	4.943	4.913	4.882	4.848	4.816	4.785	4.757	4.730	4.706	4.677	4.649	4.623	4.598	4.577	4.557	4.533	4.510	4.490	4.471	4.426	4.381	4.338	4.290	4.244	4.199	4.159	4.120	4.081	4.038	3.998	3.960	3.926	3.896	3.858	3.822	3.790	3.764	3.737	3.704	3.677	3.655	3.637	3.608	3.586	3.569	3.555	3.534	3.518	3.503	3.494	3.480	3.467	3.459	3.454	3.443	3.439	3.435	3.429	3.429	3.426	3.426	3.428	3.429	3.432	3.436	3.442	3.451	3.460	3.474	3.487	3.503	3.519	3.525	3.529	3.537	3.546	3.555	3.565	3.577	3.591	3.606	3.620	3.636	3.653	3.673	3.695	3.719	3.745	3.772	3.804	3.838	3.873	3.909	3.946	3.987	4.029	4.073	4.121	4.171	4.188	4.196	4.205	4.214	4.226	4.241	4.258	4.275	4.294	4.316	4.339	4.366	4.394	4.424	4.455	4.488	4.523	4.559	4.597	
5.833	5.806	5.782	5.758	5.737	5.716	5.698	5.681	5.665	5.651	5.639	5.628	5.619	5.612	5.607	5.603	5.600	5.600	5.564	5.518	5.454	5.391	5.330	5.271	5.214	5.159	5.108	5.059	5.013	4.967	4.926	4.887	4.850	4.818	4.791	4.771	4.755	4.742	4.734	4.733	4.735	4.740	4.750	4.764	4.777	4.793	4.809	4.823	4.825	4.827	4.835	4.845	4.854	4.867	4.881	4.896	4.911	4.926	4.946	4.968	4.992	5.018	5.046	5.078	5.112	5.149	5.185	5.225	5.267	5.310	5.357	5.406	5.457	5.480	5.481	5.485	5.489	5.496	5.504	5.514	5.525	5.539	5.553	5.570	5.588	5.607	5.628	5.651	5.675	5.700	5.727	5.756	5.785	5.816	5.849	5.882	5.917	5.954	5.991	6.029	6.069	6.110	6.152	6.194	6.238	6.252	6.204	6.158	6.113	6.068	6.025	5.978	5.931	5.885	5.840	5.796	5.753	5.711	5.670	5.625	5.580	5.536	5.494	5.453	5.414	5.375	5.335	5.293	5.252	5.212	5.174	5.137	5.102	5.067	5.027	4.990	4.954	4.920	4.887	4.856	4.824	4.789	4.756	4.725	4.696	4.669	4.644	4.613	4.585	4.558	4.533	4.511	4.490	4.465	4.442	4.421	4.402	4.373	4.328	4.281	4.233	4.187	4.142	4.102	4.063	4.020	3.977	3.937	3.899	3.865	3.831	3.793	3.757	3.725	3.700	3.669	3.636	3.609	3.587	3.566	3.537	3.515	3.498	3.483	3.461	3.444	3.430	3.421	3.405	3.392	3.384	3.377	3.366	3.362	3.358	3.352	3.352	3.349	3.348	3.350	3.350	3.354	3.358	3.364	3.374	3.383	3.397	3.410	3.426	3.441	3.447	3.451	3.459	3.468	3.478	3.487	3.499	3.513	3.529	3.543	3.559	3.576	3.596	3.618	3.642	3.668	3.696	3.727	3.761	3.797	3.833	3.871	3.911	3.953	3.998	4.045	4.095	4.111	4.118	4.128	4.138	4.150	4.165	4.182	4.200	4.220	4.242	4.267	4.293	4.322	4.354	4.386	4.419	4.455	4.492	4.531	
5.809	5.783	5.758	5.734	5.712	5.692	5.673	5.656	5.640	5.626	5.614	5.603	5.594	5.587	5.581	5.577	5.575	5.575	5.539	5.493	5.429	5.366	5.305	5.246	5.189	5.134	5.082	5.034	4.987	4.942	4.900	4.862	4.825	4.793	4.766	4.745	4.730	4.716	4.709	4.708	4.710	4.715	4.725	4.739	4.752	4.768	4.784	4.798	4.799	4.802	4.810	4.820	4.829	4.842	4.856	4.871	4.885	4.901	4.921	4.943	4.967	4.993	5.021	5.053	5.087	5.123	5.160	5.200	5.242	5.285	5.332	5.381	5.432	5.455	5.456	5.459	5.464	5.471	5.479	5.489	5.501	5.514	5.529	5.545	5.563	5.583	5.604	5.627	5.651	5.677	5.704	5.732	5.762	5.793	5.826	5.860	5.895	5.931	5.969	6.007	6.047	6.088	6.130	6.173	6.217	6.217	6.169	6.122	6.077	6.032	5.988	5.940	5.893	5.846	5.800	5.756	5.712	5.670	5.628	5.582	5.537	5.493	5.450	5.409	5.368	5.330	5.288	5.245	5.203	5.163	5.125	5.087	5.052	5.015	4.975	4.937	4.900	4.865	4.832	4.800	4.767	4.731	4.698	4.666	4.636	4.609	4.582	4.551	4.521	4.494	4.469	4.446	4.425	4.398	4.374	4.353	4.333	4.316	4.276	4.225	4.177	4.131	4.086	4.046	4.006	3.960	3.917	3.877	3.839	3.805	3.768	3.729	3.693	3.661	3.636	3.602	3.569	3.541	3.519	3.495	3.467	3.444	3.428	3.410	3.388	3.371	3.357	3.346	3.330	3.317	3.309	3.301	3.290	3.286	3.281	3.275	3.274	3.271	3.271	3.272	3.273	3.276	3.281	3.286	3.296	3.305	3.319	3.333	3.348	3.364	3.369	3.373	3.381	3.391	3.400	3.410	3.422	3.436	3.451	3.465	3.481	3.500	3.519	3.541	3.565	3.591	3.619	3.650	3.685	3.721	3.758	3.795	3.836	3.878	3.922	3.970	4.019	4.033	4.041	4.051	4.061	4.074	4.089	4.107	4.125	4.146	4.169	4.194	4.222	4.252	4.284	4.317	4.351	4.388	4.426	4.466	
5.787	5.760	5.735	5.712	5.690	5.669	5.650	5.633	5.617	5.603	5.591	5.580	5.571	5.563	5.558	5.554	5.552	5.551	5.515	5.469	5.405	5.342	5.281	5.222	5.165	5.111	5.059	5.010	4.964	4.919	4.877	4.838	4.801	4.769	4.742	4.722	4.706	4.693	4.685	4.684	4.686	4.691	4.701	4.715	4.729	4.745	4.760	4.774	4.776	4.778	4.786	4.796	4.806	4.818	4.832	4.847	4.862	4.878	4.898	4.919	4.943	4.969	4.998	5.029	5.063	5.100	5.136	5.176	5.218	5.262	5.308	5.358	5.408	5.431	5.433	5.436	5.441	5.447	5.456	5.466	5.477	5.490	5.505	5.522	5.540	5.560	5.581	5.604	5.628	5.654	5.681	5.710	5.740	5.772	5.804	5.838	5.874	5.910	5.948	5.987	6.027	6.068	6.110	6.153	6.198	6.183	6.135	6.088	6.042	5.997	5.953	5.903	5.855	5.808	5.762	5.717	5.673	5.631	5.587	5.541	5.495	5.450	5.407	5.365	5.325	5.285	5.242	5.199	5.156	5.116	5.076	5.039	5.002	4.964	4.923	4.885	4.847	4.812	4.778	4.746	4.711	4.675	4.640	4.608	4.578	4.549	4.521	4.489	4.459	4.431	4.405	4.382	4.359	4.332	4.307	4.285	4.265	4.248	4.221	4.170	4.122	4.076	4.032	3.991	3.947	3.901	3.858	3.818	3.780	3.746	3.704	3.666	3.630	3.598	3.572	3.535	3.502	3.474	3.453	3.425	3.397	3.374	3.358	3.337	3.315	3.299	3.284	3.271	3.256	3.242	3.235	3.225	3.214	3.210	3.204	3.198	3.197	3.193	3.193	3.194	3.195	3.198	3.203	3.208	3.219	3.228	3.242	3.255	3.271	3.287	3.292	3.295	3.303	3.313	3.323	3.333	3.345	3.359	3.374	3.388	3.404	3.423	3.443	3.465	3.489	3.515	3.543	3.574	3.608	3.645	3.681	3.720	3.761	3.802	3.847	3.894	3.944	3.956	3.964	3.974	3.985	3.998	4.014	4.032	4.051	4.073	4.096	4.122	4.151	4.181	4.214	4.249	4.284	4.321	4.360	4.401	
5.766	5.739	5.714	5.690	5.668	5.648	5.629	5.611	5.595	5.581	5.569	5.558	5.549	5.541	5.536	5.532	5.530	5.529	5.493	5.447	5.383	5.320	5.259	5.200	5.143	5.088	5.037	4.988	4.942	4.897	4.855	4.816	4.779	4.747	4.720	4.700	4.684	4.671	4.663	4.662	4.664	4.669	4.679	4.693	4.706	4.723	4.738	4.752	4.754	4.756	4.764	4.774	4.784	4.796	4.810	4.825	4.840	4.856	4.875	4.897	4.921	4.947	4.975	5.007	5.041	5.078	5.114	5.154	5.196	5.240	5.286	5.336	5.386	5.409	5.411	5.414	5.419	5.425	5.434	5.444	5.455	5.469	5.484	5.500	5.519	5.539	5.560	5.583	5.607	5.633	5.661	5.690	5.720	5.751	5.784	5.818	5.854	5.891	5.929	5.968	6.008	6.049	6.092	6.135	6.179	6.151	6.102	6.055	6.008	5.963	5.917	5.868	5.819	5.772	5.725	5.680	5.635	5.592	5.548	5.500	5.454	5.409	5.366	5.323	5.282	5.242	5.198	5.153	5.111	5.069	5.030	4.991	4.954	4.914	4.873	4.834	4.796	4.760	4.725	4.693	4.656	4.619	4.584	4.551	4.520	4.491	4.462	4.429	4.398	4.369	4.343	4.318	4.294	4.267	4.241	4.218	4.198	4.180	4.158	4.117	4.069	4.023	3.978	3.936	3.889	3.843	3.800	3.760	3.722	3.684	3.642	3.604	3.568	3.536	3.506	3.469	3.436	3.408	3.387	3.356	3.328	3.305	3.289	3.265	3.243	3.227	3.212	3.197	3.181	3.168	3.161	3.149	3.138	3.134	3.127	3.121	3.121	3.116	3.116	3.117	3.117	3.121	3.126	3.131	3.141	3.151	3.165	3.178	3.194	3.209	3.214	3.218	3.226	3.236	3.245	3.256	3.268	3.282	3.297	3.311	3.327	3.347	3.367	3.389	3.413	3.439	3.467	3.498	3.532	3.569	3.605	3.645	3.686	3.728	3.772	3.820	3.869	3.879	3.887	3.898	3.909	3.922	3.939	3.958	3.978	4.000	4.024	4.051	4.080	4.112	4.145	4.181	4.218	4.256	4.296	4.338	
5.747	5.720	5.695	5.671	5.649	5.628	5.609	5.591	5.575	5.561	5.549	5.538	5.529	5.521	5.515	5.511	5.509	5.508	5.473	5.427	5.362	5.300	5.239	5.180	5.123	5.068	5.016	4.967	4.921	4.876	4.834	4.796	4.759	4.727	4.700	4.679	4.664	4.650	4.643	4.642	4.644	4.649	4.659	4.673	4.686	4.702	4.718	4.731	4.733	4.736	4.744	4.754	4.763	4.775	4.790	4.805	4.819	4.835	4.855	4.877	4.901	4.927	4.955	4.986	5.021	5.057	5.094	5.134	5.175	5.219	5.266	5.315	5.366	5.389	5.390	5.393	5.398	5.405	5.413	5.423	5.435	5.449	5.464	5.480	5.499	5.519	5.540	5.563	5.588	5.614	5.642	5.671	5.701	5.733	5.766	5.800	5.836	5.873	5.911	5.950	5.990	6.032	6.074	6.118	6.162	6.119	6.070	6.023	5.976	5.930	5.883	5.833	5.784	5.736	5.689	5.644	5.599	5.555	5.510	5.462	5.415	5.370	5.325	5.282	5.241	5.200	5.154	5.110	5.066	5.024	4.984	4.945	4.908	4.866	4.824	4.784	4.746	4.709	4.674	4.641	4.602	4.565	4.529	4.495	4.464	4.434	4.403	4.369	4.338	4.308	4.281	4.256	4.230	4.202	4.176	4.152	4.131	4.113	4.090	4.064	4.017	3.971	3.926	3.879	3.832	3.786	3.743	3.704	3.666	3.623	3.581	3.543	3.507	3.475	3.441	3.404	3.371	3.343	3.321	3.288	3.259	3.237	3.220	3.194	3.172	3.155	3.141	3.123	3.108	3.094	3.087	3.074	3.063	3.059	3.050	3.045	3.044	3.039	3.039	3.040	3.040	3.044	3.049	3.054	3.064	3.075	3.089	3.102	3.118	3.132	3.137	3.141	3.149	3.159	3.168	3.179	3.191	3.205	3.220	3.235	3.251	3.270	3.291	3.313	3.337	3.363	3.391	3.422	3.457	3.493	3.530	3.569	3.611	3.653	3.698	3.745	3.795	3.802	3.811	3.822	3.833	3.847	3.864	3.884	3.905	3.927	3.952	3.980	4.010	4.043	4.077	4.114	4.152	4.191	4.232	4.275	
5.729	5.702	5.677	5.653	5.630	5.610	5.590	5.573	5.557	5.543	5.530	5.519	5.510	5.502	5.497	5.493	5.490	5.490	5.454	5.408	5.344	5.281	5.220	5.161	5.104	5.049	4.997	4.949	4.902	4.857	4.815	4.777	4.740	4.708	4.681	4.660	4.645	4.631	4.624	4.623	4.625	4.630	4.640	4.654	4.667	4.683	4.699	4.713	4.714	4.717	4.725	4.735	4.744	4.757	4.771	4.786	4.800	4.816	4.836	4.858	4.882	4.908	4.936	4.968	5.002	5.038	5.075	5.115	5.156	5.200	5.247	5.296	5.347	5.370	5.371	5.375	5.379	5.386	5.395	5.405	5.417	5.430	5.445	5.462	5.481	5.501	5.522	5.545	5.570	5.596	5.624	5.653	5.684	5.715	5.749	5.783	5.819	5.856	5.894	5.933	5.974	6.016	6.058	6.102	6.139	6.089	6.040	5.992	5.945	5.898	5.851	5.800	5.751	5.702	5.655	5.609	5.564	5.520	5.473	5.424	5.377	5.331	5.286	5.243	5.201	5.159	5.112	5.067	5.023	4.981	4.940	4.900	4.863	4.819	4.777	4.736	4.697	4.659	4.624	4.590	4.550	4.511	4.475	4.441	4.408	4.378	4.345	4.311	4.278	4.248	4.221	4.195	4.168	4.138	4.112	4.087	4.066	4.047	4.022	4.000	3.966	3.920	3.873	3.823	3.777	3.731	3.688	3.648	3.608	3.563	3.522	3.483	3.447	3.415	3.377	3.340	3.307	3.279	3.254	3.220	3.191	3.169	3.151	3.123	3.101	3.084	3.070	3.050	3.035	3.021	3.013	2.999	2.988	2.984	2.974	2.968	2.968	2.962	2.962	2.962	2.963	2.966	2.972	2.977	2.987	2.998	3.012	3.025	3.041	3.055	3.060	3.064	3.072	3.082	3.091	3.103	3.115	3.129	3.144	3.158	3.174	3.193	3.215	3.238	3.262	3.288	3.315	3.347	3.381	3.418	3.454	3.494	3.535	3.579	3.624	3.671	3.719	3.725	3.734	3.746	3.758	3.772	3.790	3.810	3.832	3.855	3.881	3.910	3.941	3.974	4.010	4.048	4.087	4.127	4.169	4.213	
5.713	5.686	5.660	5.636	5.614	5.593	5.574	5.556	5.540	5.526	5.513	5.502	5.493	5.485	5.479	5.475	5.473	5.472	5.437	5.391	5.326	5.264	5.203	5.144	5.087	5.032	4.980	4.931	4.885	4.840	4.798	4.760	4.723	4.691	4.664	4.643	4.628	4.614	4.607	4.606	4.608	4.613	4.623	4.637	4.650	4.666	4.682	4.695	4.697	4.700	4.708	4.718	4.727	4.739	4.754	4.769	4.783	4.799	4.819	4.841	4.865	4.891	4.919	4.950	4.985	5.021	5.058	5.098	5.139	5.183	5.230	5.279	5.330	5.353	5.354	5.357	5.362	5.369	5.378	5.388	5.400	5.413	5.428	5.445	5.464	5.484	5.506	5.529	5.554	5.580	5.608	5.637	5.668	5.700	5.733	5.768	5.804	5.841	5.879	5.919	5.959	6.001	6.044	6.088	6.111	6.060	6.011	5.962	5.915	5.868	5.819	5.769	5.719	5.670	5.622	5.576	5.530	5.486	5.437	5.388	5.341	5.294	5.249	5.205	5.163	5.119	5.072	5.026	4.982	4.939	4.897	4.857	4.818	4.774	4.731	4.689	4.650	4.611	4.575	4.539	4.499	4.460	4.423	4.387	4.354	4.323	4.289	4.254	4.221	4.190	4.161	4.135	4.106	4.076	4.048	4.023	4.001	3.981	3.955	3.932	3.912	3.870	3.819	3.769	3.723	3.677	3.633	3.594	3.549	3.504	3.463	3.425	3.388	3.353	3.314	3.277	3.244	3.216	3.187	3.153	3.125	3.102	3.081	3.053	3.031	3.014	2.998	2.977	2.962	2.948	2.939	2.924	2.913	2.909	2.898	2.893	2.892	2.886	2.885	2.886	2.886	2.890	2.895	2.900	2.910	2.922	2.936	2.949	2.965	2.978	2.983	2.987	2.995	3.005	3.015	3.027	3.039	3.053	3.068	3.082	3.098	3.117	3.139	3.163	3.187	3.212	3.240	3.272	3.306	3.343	3.379	3.419	3.460	3.504	3.550	3.598	3.643	3.649	3.658	3.671	3.683	3.698	3.716	3.737	3.760	3.784	3.811	3.840	3.872	3.907	3.944	3.983	4.023	4.064	4.108	4.153	
5.698	5.671	5.646	5.621	5.599	5.578	5.559	5.541	5.525	5.510	5.498	5.487	5.477	5.470	5.464	5.460	5.458	5.457	5.421	5.375	5.311	5.248	5.187	5.128	5.071	5.016	4.965	4.916	4.870	4.825	4.783	4.744	4.707	4.675	4.648	4.628	4.612	4.599	4.591	4.590	4.592	4.597	4.607	4.621	4.635	4.651	4.666	4.680	4.682	4.684	4.692	4.702	4.712	4.724	4.738	4.753	4.768	4.784	4.804	4.825	4.849	4.875	4.904	4.935	4.969	5.006	5.042	5.082	5.124	5.168	5.214	5.264	5.314	5.337	5.339	5.342	5.347	5.354	5.362	5.372	5.384	5.398	5.413	5.430	5.449	5.469	5.491	5.514	5.539	5.566	5.593	5.623	5.654	5.686	5.719	5.754	5.790	5.827	5.866	5.905	5.946	5.988	6.031	6.075	6.084	6.033	5.983	5.934	5.886	5.840	5.789	5.738	5.688	5.639	5.591	5.544	5.498	5.453	5.403	5.354	5.306	5.259	5.213	5.169	5.126	5.081	5.033	4.987	4.942	4.898	4.856	4.816	4.775	4.730	4.686	4.644	4.604	4.565	4.528	4.491	4.449	4.409	4.372	4.336	4.302	4.270	4.234	4.198	4.164	4.132	4.103	4.076	4.045	4.014	3.986	3.961	3.938	3.915	3.889	3.866	3.845	3.820	3.767	3.717	3.670	3.624	3.581	3.538	3.492	3.447	3.406	3.367	3.331	3.292	3.253	3.215	3.182	3.155	3.121	3.087	3.059	3.036	3.012	2.984	2.961	2.945	2.926	2.905	2.890	2.876	2.865	2.850	2.839	2.835	2.823	2.817	2.815	2.809	2.809	2.809	2.810	2.813	2.819	2.824	2.834	2.847	2.861	2.874	2.889	2.901	2.906	2.911	2.919	2.929	2.938	2.951	2.963	2.977	2.992	3.007	3.022	3.042	3.064	3.087	3.112	3.138	3.166	3.197	3.232	3.268	3.304	3.344	3.386	3.429	3.476	3.525	3.567	3.573	3.583	3.595	3.608	3.624	3.643	3.665	3.688	3.713	3.741	3.772	3.805	3.840	3.878	3.918	3.960	4.003	4.047	4.093	
5.685	5.658	5.632	5.608	5.586	5.565	5.545	5.527	5.511	5.497	5.484	5.473	5.464	5.456	5.450	5.446	5.444	5.443	5.407	5.361	5.297	5.234	5.173	5.114	5.057	5.003	4.951	4.902	4.856	4.811	4.769	4.730	4.693	4.661	4.635	4.614	4.599	4.585	4.578	4.576	4.578	4.583	4.594	4.607	4.621	4.637	4.652	4.666	4.668	4.671	4.678	4.688	4.698	4.710	4.725	4.739	4.754	4.770	4.790	4.812	4.836	4.862	4.890	4.921	4.956	4.992	5.029	5.069	5.110	5.154	5.200	5.250	5.301	5.323	5.325	5.328	5.333	5.340	5.349	5.359	5.371	5.384	5.400	5.417	5.436	5.456	5.478	5.501	5.526	5.553	5.581	5.610	5.641	5.673	5.707	5.741	5.778	5.815	5.854	5.893	5.934	5.976	6.019	6.063	6.058	6.007	5.957	5.908	5.859	5.812	5.761	5.709	5.659	5.609	5.561	5.513	5.467	5.421	5.371	5.321	5.272	5.225	5.179	5.134	5.090	5.044	4.996	4.949	4.903	4.859	4.817	4.775	4.733	4.687	4.643	4.600	4.559	4.520	4.482	4.443	4.401	4.360	4.322	4.285	4.251	4.219	4.180	4.143	4.109	4.076	4.046	4.019	3.986	3.954	3.925	3.899	3.875	3.851	3.824	3.800	3.778	3.760	3.716	3.666	3.619	3.573	3.530	3.482	3.436	3.391	3.350	3.311	3.274	3.231	3.192	3.155	3.122	3.094	3.056	3.022	2.994	2.971	2.943	2.915	2.893	2.876	2.854	2.834	2.818	2.805	2.791	2.776	2.765	2.760	2.748	2.742	2.739	2.733	2.733	2.733	2.733	2.737	2.743	2.748	2.758	2.771	2.785	2.798	2.814	2.825	2.830	2.835	2.843	2.853	2.862	2.875	2.888	2.902	2.917	2.931	2.947	2.966	2.988	3.012	3.038	3.064	3.092	3.123	3.157	3.194	3.230	3.270	3.312	3.355	3.402	3.451	3.491	3.497	3.508	3.521	3.534	3.550	3.570	3.593	3.618	3.643	3.672	3.704	3.738	3.775	3.814	3.855	3.899	3.942	3.988	4.035	
5.674	5.647	5.621	5.597	5.574	5.553	5.534	5.516	5.499	5.485	5.472	5.461	5.452	5.444	5.438	5.434	5.432	5.431	5.395	5.349	5.285	5.222	5.161	5.102	5.045	4.991	4.939	4.890	4.844	4.799	4.757	4.718	4.681	4.649	4.622	4.602	4.586	4.573	4.566	4.564	4.566	4.571	4.582	4.595	4.609	4.625	4.640	4.654	4.656	4.658	4.666	4.676	4.686	4.698	4.713	4.727	4.742	4.758	4.778	4.800	4.824	4.850	4.878	4.909	4.944	4.980	5.017	5.057	5.098	5.142	5.188	5.238	5.289	5.311	5.313	5.316	5.321	5.328	5.337	5.347	5.359	5.373	5.388	5.405	5.424	5.444	5.466	5.490	5.515	5.541	5.569	5.599	5.630	5.662	5.696	5.731	5.767	5.804	5.843	5.883	5.924	5.966	6.009	6.053	6.034	5.982	5.932	5.882	5.834	5.786	5.734	5.682	5.631	5.581	5.532	5.484	5.438	5.391	5.339	5.289	5.240	5.192	5.146	5.101	5.057	5.009	4.960	4.913	4.866	4.822	4.779	4.737	4.693	4.647	4.602	4.558	4.517	4.477	4.439	4.398	4.354	4.313	4.274	4.237	4.202	4.168	4.128	4.091	4.055	4.022	3.991	3.963	3.928	3.895	3.866	3.838	3.814	3.788	3.760	3.735	3.713	3.694	3.666	3.616	3.569	3.524	3.476	3.427	3.381	3.337	3.295	3.257	3.214	3.172	3.133	3.095	3.062	3.030	2.992	2.959	2.930	2.908	2.876	2.848	2.825	2.809	2.784	2.763	2.748	2.734	2.718	2.703	2.692	2.686	2.673	2.667	2.664	2.658	2.657	2.657	2.657	2.661	2.667	2.672	2.682	2.696	2.710	2.723	2.739	2.749	2.754	2.759	2.767	2.777	2.787	2.799	2.813	2.827	2.842	2.856	2.872	2.891	2.913	2.937	2.963	2.990	3.018	3.050	3.084	3.120	3.157	3.197	3.238	3.281	3.328	3.377	3.415	3.422	3.433	3.447	3.460	3.477	3.498	3.522	3.548	3.574	3.604	3.637	3.672	3.710	3.750	3.793	3.838	3.883	3.930	3.978	
5.664	5.637	5.611	5.587	5.564	5.543	5.523	5.506	5.489	5.475	5.462	5.451	5.441	5.434	5.428	5.424	5.421	5.421	5.385	5.339	5.275	5.212	5.151	5.092	5.035	4.980	4.929	4.880	4.834	4.788	4.747	4.708	4.671	4.639	4.612	4.592	4.576	4.563	4.555	4.554	4.556	4.561	4.571	4.585	4.598	4.614	4.630	4.644	4.646	4.648	4.656	4.666	4.675	4.688	4.702	4.717	4.732	4.747	4.767	4.789	4.813	4.839	4.867	4.899	4.933	4.970	5.006	5.046	5.088	5.131	5.178	5.227	5.278	5.301	5.303	5.306	5.311	5.318	5.326	5.337	5.349	5.362	5.378	5.395	5.414	5.434	5.456	5.480	5.505	5.532	5.560	5.589	5.620	5.653	5.686	5.721	5.758	5.795	5.834	5.874	5.915	5.957	6.001	6.045	6.011	5.959	5.908	5.859	5.810	5.761	5.708	5.656	5.605	5.554	5.505	5.457	5.410	5.362	5.310	5.259	5.210	5.162	5.115	5.069	5.025	4.975	4.926	4.878	4.831	4.786	4.742	4.700	4.655	4.608	4.562	4.518	4.476	4.435	4.396	4.354	4.310	4.268	4.228	4.190	4.154	4.119	4.078	4.039	4.003	3.969	3.938	3.907	3.872	3.838	3.807	3.779	3.754	3.727	3.698	3.672	3.649	3.629	3.607	3.569	3.522	3.474	3.423	3.375	3.329	3.284	3.243	3.202	3.157	3.114	3.075	3.038	3.005	2.968	2.930	2.896	2.868	2.843	2.809	2.781	2.759	2.741	2.714	2.693	2.678	2.663	2.646	2.631	2.620	2.612	2.599	2.593	2.589	2.583	2.582	2.581	2.582	2.586	2.592	2.597	2.607	2.621	2.634	2.649	2.665	2.674	2.679	2.684	2.692	2.702	2.711	2.724	2.738	2.753	2.768	2.782	2.798	2.817	2.839	2.862	2.888	2.916	2.945	2.977	3.011	3.047	3.084	3.124	3.165	3.208	3.255	3.304	3.340	3.347	3.359	3.373	3.387	3.405	3.426	3.451	3.478	3.506	3.537	3.571	3.608	3.647	3.688	3.732	3.778	3.825	3.873	3.923	
5.656	5.629	5.603	5.579	5.556	5.535	5.515	5.497	5.481	5.466	5.453	5.442	5.433	5.425	5.419	5.415	5.413	5.412	5.377	5.331	5.266	5.204	5.142	5.083	5.026	4.972	4.920	4.871	4.825	4.780	4.738	4.699	4.663	4.630	4.604	4.583	4.568	4.554	4.547	4.546	4.548	4.553	4.563	4.577	4.590	4.606	4.622	4.635	4.637	4.640	4.648	4.657	4.667	4.679	4.694	4.708	4.723	4.739	4.759	4.781	4.805	4.831	4.859	4.890	4.925	4.961	4.998	5.038	5.079	5.123	5.170	5.219	5.270	5.293	5.294	5.297	5.302	5.309	5.318	5.328	5.340	5.354	5.370	5.387	5.406	5.426	5.448	5.472	5.497	5.524	5.552	5.581	5.612	5.645	5.679	5.714	5.750	5.788	5.827	5.867	5.908	5.950	5.993	6.038	5.989	5.937	5.886	5.836	5.787	5.738	5.684	5.631	5.580	5.529	5.480	5.431	5.384	5.334	5.282	5.231	5.181	5.133	5.085	5.039	4.994	4.943	4.894	4.845	4.798	4.752	4.708	4.665	4.618	4.570	4.524	4.480	4.437	4.395	4.356	4.311	4.267	4.224	4.183	4.145	4.108	4.071	4.029	3.990	3.953	3.918	3.886	3.854	3.817	3.782	3.751	3.722	3.696	3.666	3.636	3.610	3.586	3.566	3.542	3.518	3.476	3.423	3.372	3.324	3.278	3.233	3.192	3.146	3.101	3.058	3.019	2.982	2.946	2.907	2.869	2.835	2.807	2.777	2.744	2.716	2.694	2.672	2.645	2.625	2.609	2.592	2.574	2.560	2.549	2.538	2.526	2.520	2.514	2.508	2.508	2.506	2.507	2.511	2.517	2.522	2.532	2.546	2.560	2.575	2.591	2.599	2.604	2.609	2.617	2.627	2.637	2.649	2.664	2.678	2.693	2.708	2.724	2.743	2.765	2.789	2.815	2.842	2.873	2.904	2.939	2.975	3.011	3.051	3.093	3.136	3.183	3.232	3.266	3.273	3.285	3.300	3.315	3.334	3.356	3.382	3.410	3.439	3.471	3.506	3.544	3.585	3.628	3.673	3.720	3.769	3.818	3.869	
5.650	5.623	5.597	5.572	5.549	5.528	5.509	5.491	5.474	5.460	5.447	5.436	5.426	5.418	5.413	5.408	5.406	5.406	5.370	5.324	5.259	5.197	5.136	5.077	5.020	4.965	4.913	4.864	4.818	4.773	4.731	4.693	4.656	4.624	4.597	4.576	4.561	4.547	4.540	4.539	4.541	4.546	4.556	4.570	4.583	4.599	4.615	4.628	4.630	4.633	4.641	4.651	4.660	4.673	4.687	4.702	4.716	4.732	4.752	4.774	4.798	4.824	4.852	4.884	4.918	4.954	4.991	5.031	5.072	5.116	5.163	5.212	5.263	5.286	5.287	5.291	5.296	5.302	5.311	5.321	5.334	5.347	5.363	5.380	5.399	5.419	5.442	5.465	5.490	5.517	5.545	5.575	5.606	5.639	5.673	5.708	5.744	5.782	5.821	5.861	5.902	5.944	5.988	6.022	5.969	5.917	5.866	5.815	5.766	5.715	5.661	5.609	5.557	5.506	5.456	5.407	5.359	5.308	5.256	5.204	5.154	5.105	5.057	5.011	4.965	4.913	4.863	4.814	4.766	4.720	4.675	4.632	4.583	4.535	4.488	4.443	4.399	4.358	4.318	4.271	4.226	4.182	4.141	4.102	4.064	4.025	3.983	3.942	3.904	3.869	3.836	3.802	3.764	3.728	3.696	3.666	3.640	3.608	3.577	3.549	3.525	3.504	3.478	3.453	3.429	3.374	3.323	3.275	3.229	3.184	3.138	3.092	3.046	3.004	2.965	2.927	2.887	2.847	2.810	2.776	2.747	2.714	2.680	2.652	2.630	2.604	2.577	2.557	2.541	2.521	2.503	2.489	2.478	2.466	2.453	2.447	2.440	2.434	2.434	2.432	2.433	2.436	2.443	2.448	2.458	2.472	2.485	2.502	2.517	2.524	2.529	2.535	2.543	2.553	2.563	2.575	2.590	2.604	2.619	2.635	2.651	2.670	2.692	2.715	2.741	2.769	2.800	2.833	2.867	2.903	2.940	2.980	3.021	3.065	3.111	3.160	3.192	3.200	3.212	3.228	3.244	3.263	3.286	3.313	3.343	3.373	3.407	3.443	3.482	3.524	3.568	3.615	3.664	3.714	3.764	3.817	
5.645	5.618	5.592	5.568	5.545	5.523	5.504	5.486	5.469	5.455	5.442	5.431	5.421	5.414	5.408	5.403	5.401	5.401	5.365	5.319	5.254	5.192	5.131	5.072	5.015	4.960	4.908	4.859	4.813	4.768	4.726	4.688	4.651	4.619	4.592	4.571	4.556	4.542	4.535	4.534	4.536	4.541	4.551	4.565	4.578	4.594	4.610	4.623	4.625	4.628	4.636	4.646	4.655	4.668	4.682	4.697	4.711	4.727	4.747	4.769	4.793	4.819	4.847	4.879	4.913	4.949	4.986	5.026	5.067	5.111	5.158	5.207	5.258	5.281	5.282	5.286	5.291	5.297	5.306	5.317	5.329	5.342	5.358	5.375	5.394	5.415	5.437	5.460	5.486	5.513	5.541	5.570	5.602	5.634	5.668	5.703	5.740	5.777	5.816	5.856	5.898	5.940	5.984	6.004	5.950	5.898	5.847	5.796	5.746	5.695	5.640	5.587	5.535	5.484	5.433	5.384	5.336	5.284	5.231	5.180	5.129	5.079	5.031	4.984	4.937	4.885	4.834	4.785	4.736	4.690	4.645	4.601	4.551	4.502	4.454	4.408	4.364	4.322	4.281	4.233	4.187	4.143	4.100	4.060	4.022	3.981	3.938	3.897	3.858	3.822	3.788	3.751	3.713	3.676	3.643	3.612	3.585	3.551	3.519	3.490	3.465	3.443	3.415	3.390	3.368	3.327	3.276	3.228	3.182	3.135	3.086	3.039	2.994	2.951	2.912	2.872	2.829	2.790	2.752	2.718	2.689	2.651	2.617	2.589	2.567	2.537	2.511	2.490	2.475	2.451	2.434	2.419	2.408	2.394	2.381	2.375	2.367	2.361	2.361	2.358	2.359	2.362	2.369	2.374	2.385	2.399	2.412	2.428	2.444	2.451	2.456	2.462	2.470	2.479	2.489	2.501	2.516	2.531	2.545	2.561	2.578	2.598	2.620	2.643	2.669	2.697	2.728	2.762	2.796	2.833	2.869	2.909	2.950	2.994	3.041	3.090	3.118	3.127	3.140	3.157	3.173	3.193	3.218	3.246	3.277	3.309	3.343	3.381	3.421	3.465	3.511	3.559	3.609	3.661	3.713	3.766	
5.642	5.615	5.589	5.564	5.542	5.520	5.501	5.483	5.466	5.452	5.439	5.427	5.418	5.410	5.404	5.400	5.398	5.397	5.362	5.316	5.251	5.189	5.127	5.068	5.011	4.957	4.905	4.856	4.810	4.765	4.723	4.684	4.648	4.615	4.589	4.568	4.553	4.539	4.532	4.531	4.533	4.538	4.548	4.562	4.575	4.591	4.607	4.620	4.622	4.625	4.633	4.642	4.652	4.664	4.679	4.693	4.708	4.724	4.744	4.766	4.790	4.816	4.844	4.875	4.910	4.946	4.983	5.023	5.064	5.108	5.155	5.204	5.255	5.278	5.279	5.282	5.287	5.294	5.303	5.313	5.325	5.339	5.355	5.372	5.391	5.412	5.434	5.457	5.483	5.510	5.538	5.568	5.599	5.631	5.665	5.700	5.737	5.775	5.814	5.854	5.895	5.937	5.981	5.987	5.933	5.881	5.829	5.778	5.728	5.675	5.621	5.567	5.515	5.463	5.413	5.363	5.315	5.262	5.208	5.156	5.105	5.056	5.007	4.960	4.911	4.858	4.807	4.757	4.709	4.661	4.616	4.571	4.520	4.470	4.422	4.376	4.331	4.288	4.245	4.197	4.150	4.105	4.062	4.021	3.983	3.939	3.895	3.853	3.814	3.776	3.742	3.703	3.663	3.626	3.592	3.561	3.532	3.496	3.463	3.433	3.407	3.384	3.354	3.327	3.305	3.283	3.231	3.183	3.137	3.085	3.035	2.989	2.943	2.901	2.862	2.816	2.773	2.734	2.696	2.662	2.628	2.590	2.557	2.529	2.505	2.472	2.446	2.425	2.407	2.383	2.365	2.351	2.338	2.323	2.310	2.304	2.294	2.289	2.288	2.285	2.286	2.289	2.296	2.302	2.312	2.326	2.339	2.356	2.371	2.377	2.382	2.389	2.397	2.407	2.416	2.429	2.443	2.458	2.473	2.489	2.507	2.526	2.548	2.572	2.597	2.625	2.656	2.690	2.727	2.763	2.800	2.839	2.881	2.924	2.971	3.020	3.046	3.055	3.068	3.086	3.103	3.125	3.150	3.179	3.212	3.245	3.281	3.321	3.363	3.407	3.455	3.504	3.556	3.610	3.663	3.718	
5.641	5.614	5.588	5.563	5.540	5.519	5.499	5.481	5.465	5.450	5.437	5.426	5.417	5.409	5.403	5.399	5.397	5.396	5.360	5.314	5.250	5.187	5.126	5.067	5.010	4.955	4.904	4.855	4.809	4.764	4.722	4.683	4.646	4.614	4.587	4.567	4.551	4.538	4.530	4.529	4.531	4.536	4.546	4.560	4.573	4.590	4.605	4.619	4.621	4.623	4.631	4.641	4.651	4.663	4.677	4.692	4.707	4.723	4.742	4.764	4.788	4.814	4.842	4.874	4.908	4.945	4.981	5.021	5.063	5.107	5.153	5.203	5.253	5.276	5.278	5.281	5.286	5.293	5.302	5.312	5.324	5.338	5.353	5.371	5.390	5.410	5.432	5.456	5.481	5.508	5.536	5.566	5.597	5.630	5.664	5.699	5.736	5.773	5.812	5.852	5.894	5.936	5.980	5.971	5.918	5.865	5.813	5.762	5.712	5.658	5.603	5.549	5.496	5.445	5.394	5.344	5.295	5.241	5.187	5.135	5.084	5.033	4.985	4.937	4.887	4.834	4.782	4.732	4.683	4.635	4.589	4.542	4.491	4.441	4.392	4.345	4.300	4.256	4.212	4.163	4.115	4.070	4.026	3.985	3.945	3.900	3.855	3.812	3.772	3.734	3.698	3.658	3.617	3.578	3.543	3.511	3.480	3.443	3.409	3.378	3.351	3.326	3.295	3.267	3.243	3.224	3.189	3.140	3.089	3.037	2.987	2.941	2.895	2.853	2.808	2.763	2.720	2.680	2.643	2.608	2.569	2.531	2.498	2.470	2.441	2.409	2.382	2.361	2.339	2.315	2.298	2.283	2.268	2.253	2.240	2.234	2.223	2.217	2.217	2.213	2.214	2.217	2.224	2.230	2.240	2.254	2.268	2.284	2.299	2.305	2.310	2.317	2.325	2.335	2.345	2.357	2.372	2.386	2.401	2.417	2.436	2.456	2.477	2.501	2.527	2.555	2.586	2.620	2.656	2.692	2.731	2.771	2.812	2.856	2.903	2.952	2.974	2.984	2.998	3.017	3.035	3.057	3.084	3.115	3.149	3.184	3.221	3.262	3.305	3.352	3.401	3.452	3.505	3.560	3.615	3.671	
5.639	5.611	5.585	5.561	5.538	5.517	5.497	5.479	5.462	5.448	5.435	5.424	5.414	5.406	5.401	5.396	5.394	5.394	5.358	5.311	5.247	5.184	5.123	5.063	5.006	4.952	4.900	4.851	4.804	4.759	4.717	4.678	4.642	4.610	4.583	4.562	4.547	4.533	4.526	4.524	4.525	4.529	4.539	4.554	4.566	4.582	4.596	4.600	4.602	4.605	4.613	4.622	4.632	4.645	4.660	4.675	4.690	4.706	4.726	4.749	4.774	4.800	4.828	4.859	4.893	4.928	4.965	5.005	5.046	5.091	5.138	5.188	5.239	5.261	5.263	5.266	5.271	5.278	5.287	5.297	5.309	5.323	5.339	5.356	5.375	5.396	5.418	5.441	5.467	5.494	5.522	5.552	5.583	5.615	5.649	5.684	5.721	5.759	5.798	5.838	5.879	5.922	5.965	5.957	5.903	5.850	5.798	5.747	5.697	5.642	5.587	5.533	5.480	5.428	5.377	5.327	5.277	5.222	5.168	5.115	5.064	5.013	4.964	4.916	4.864	4.811	4.759	4.708	4.659	4.611	4.564	4.516	4.464	4.414	4.364	4.317	4.271	4.227	4.181	4.131	4.083	4.037	3.992	3.950	3.910	3.863	3.817	3.773	3.732	3.693	3.657	3.614	3.572	3.533	3.497	3.464	3.430	3.392	3.357	3.325	3.297	3.270	3.237	3.209	3.184	3.164	3.139	3.099	3.043	2.991	2.942	2.895	2.850	2.804	2.757	2.712	2.668	2.629	2.591	2.551	2.512	2.474	2.441	2.413	2.379	2.347	2.320	2.300	2.274	2.250	2.232	2.217	2.199	2.184	2.172	2.165	2.152	2.147	2.146	2.142	2.142	2.146	2.153	2.159	2.170	2.183	2.197	2.213	2.229	2.234	2.239	2.246	2.254	2.264	2.274	2.286	2.301	2.315	2.330	2.346	2.366	2.386	2.408	2.432	2.458	2.485	2.516	2.551	2.587	2.623	2.663	2.704	2.745	2.789	2.836	2.885	2.904	2.914	2.929	2.949	2.968	2.992	3.020	3.052	3.088	3.124	3.163	3.205	3.250	3.298	3.349	3.401	3.456	3.513	3.569	3.627	
5.637	5.609	5.583	5.559	5.536	5.514	5.495	5.477	5.460	5.446	5.433	5.422	5.412	5.404	5.399	5.394	5.392	5.391	5.355	5.308	5.243	5.180	5.119	5.060	5.002	4.948	4.896	4.846	4.799	4.753	4.711	4.673	4.638	4.606	4.579	4.558	4.542	4.529	4.522	4.517	4.515	4.518	4.529	4.543	4.556	4.564	4.562	4.562	4.566	4.572	4.579	4.588	4.599	4.613	4.628	4.642	4.658	4.675	4.694	4.717	4.743	4.769	4.797	4.827	4.860	4.895	4.933	4.974	5.017	5.062	5.109	5.159	5.210	5.233	5.235	5.238	5.243	5.250	5.258	5.269	5.281	5.295	5.310	5.328	5.347	5.367	5.389	5.413	5.438	5.465	5.493	5.523	5.554	5.587	5.621	5.656	5.692	5.730	5.769	5.809	5.851	5.893	5.937	5.945	5.891	5.838	5.785	5.734	5.683	5.627	5.572	5.518	5.465	5.412	5.361	5.311	5.260	5.205	5.151	5.098	5.046	4.995	4.945	4.897	4.844	4.790	4.738	4.687	4.637	4.589	4.542	4.492	4.440	4.388	4.339	4.291	4.245	4.200	4.152	4.101	4.053	4.006	3.961	3.918	3.877	3.828	3.782	3.737	3.695	3.655	3.619	3.573	3.530	3.490	3.453	3.419	3.383	3.344	3.307	3.275	3.246	3.216	3.182	3.153	3.127	3.106	3.079	3.054	3.001	2.948	2.899	2.853	2.805	2.755	2.708	2.663	2.620	2.580	2.540	2.497	2.458	2.420	2.386	2.356	2.320	2.287	2.261	2.239	2.210	2.186	2.168	2.151	2.132	2.117	2.104	2.096	2.083	2.077	2.076	2.072	2.073	2.076	2.083	2.090	2.100	2.114	2.127	2.144	2.159	2.164	2.169	2.177	2.185	2.195	2.204	2.217	2.231	2.246	2.261	2.277	2.297	2.318	2.340	2.364	2.390	2.417	2.448	2.483	2.519	2.555	2.595	2.636	2.680	2.724	2.770	2.819	2.835	2.845	2.861	2.882	2.903	2.927	2.957	2.990	3.028	3.067	3.107	3.151	3.198	3.247	3.299	3.353	3.410	3.468	3.526	3.585	
5.638	5.611	5.585	5.560	5.537	5.516	5.496	5.478	5.462	5.447	5.434	5.423	5.414	5.406	5.400	5.396	5.394	5.393	5.354	5.309	5.244	5.181	5.120	5.060	5.003	4.948	4.896	4.847	4.799	4.753	4.711	4.673	4.639	4.607	4.581	4.560	4.542	4.529	4.521	4.515	4.512	4.515	4.525	4.537	4.539	4.530	4.528	4.527	4.531	4.538	4.548	4.558	4.570	4.585	4.598	4.612	4.627	4.645	4.665	4.687	4.713	4.738	4.765	4.796	4.829	4.865	4.904	4.945	4.989	5.035	5.083	5.132	5.184	5.208	5.209	5.213	5.218	5.225	5.233	5.244	5.256	5.270	5.285	5.302	5.321	5.342	5.364	5.388	5.413	5.440	5.468	5.498	5.529	5.562	5.596	5.631	5.667	5.705	5.744	5.784	5.825	5.868	5.911	5.934	5.880	5.826	5.774	5.722	5.671	5.614	5.559	5.505	5.451	5.399	5.347	5.297	5.245	5.189	5.135	5.082	5.029	4.978	4.929	4.880	4.826	4.772	4.719	4.668	4.617	4.569	4.522	4.470	4.417	4.366	4.316	4.267	4.221	4.176	4.125	4.074	4.025	3.978	3.932	3.889	3.846	3.796	3.749	3.704	3.661	3.620	3.582	3.535	3.491	3.450	3.412	3.377	3.339	3.298	3.261	3.227	3.197	3.165	3.130	3.099	3.072	3.050	3.021	2.995	2.961	2.908	2.859	2.812	2.759	2.709	2.663	2.617	2.574	2.534	2.488	2.445	2.406	2.368	2.335	2.299	2.262	2.230	2.203	2.177	2.148	2.124	2.106	2.086	2.066	2.051	2.039	2.028	2.016	2.010	2.008	2.004	2.004	2.008	2.015	2.022	2.032	2.046	2.059	2.076	2.091	2.096	2.101	2.109	2.117	2.127	2.136	2.149	2.163	2.178	2.193	2.209	2.229	2.251	2.274	2.297	2.323	2.351	2.382	2.416	2.453	2.489	2.529	2.570	2.613	2.660	2.707	2.756	2.767	2.778	2.795	2.817	2.839	2.865	2.896	2.931	2.971	3.011	3.053	3.099	3.147	3.198	3.252	3.308	3.366	3.425	3.486	3.546	
5.643	5.616	5.590	5.565	5.542	5.521	5.501	5.483	5.467	5.452	5.439	5.428	5.419	5.411	5.405	5.401	5.399	5.398	5.358	5.313	5.249	5.186	5.125	5.066	5.008	4.954	4.902	4.853	4.805	4.759	4.717	4.679	4.644	4.612	4.586	4.565	4.548	4.534	4.524	4.519	4.516	4.519	4.526	4.518	4.506	4.497	4.494	4.496	4.499	4.506	4.519	4.530	4.544	4.558	4.573	4.587	4.602	4.619	4.640	4.662	4.685	4.710	4.737	4.769	4.802	4.837	4.877	4.919	4.963	5.010	5.059	5.109	5.161	5.185	5.186	5.189	5.194	5.201	5.210	5.220	5.232	5.246	5.262	5.279	5.298	5.319	5.341	5.365	5.390	5.417	5.445	5.475	5.506	5.538	5.572	5.608	5.644	5.682	5.721	5.761	5.802	5.845	5.888	5.924	5.870	5.817	5.764	5.712	5.660	5.603	5.548	5.493	5.440	5.387	5.335	5.285	5.231	5.176	5.121	5.068	5.015	4.964	4.914	4.865	4.809	4.755	4.702	4.650	4.600	4.551	4.503	4.451	4.397	4.345	4.295	4.246	4.199	4.153	4.102	4.050	4.000	3.952	3.906	3.862	3.817	3.767	3.719	3.673	3.629	3.588	3.547	3.500	3.455	3.413	3.374	3.338	3.298	3.256	3.217	3.182	3.151	3.117	3.081	3.048	3.020	2.997	2.965	2.938	2.916	2.872	2.822	2.769	2.716	2.667	2.620	2.574	2.531	2.485	2.439	2.396	2.357	2.319	2.283	2.245	2.208	2.176	2.149	2.118	2.088	2.064	2.047	2.022	2.003	1.988	1.976	1.963	1.950	1.944	1.941	1.937	1.937	1.941	1.948	1.956	1.966	1.980	1.993	2.009	2.025	2.029	2.034	2.043	2.051	2.061	2.070	2.083	2.097	2.112	2.126	2.142	2.162	2.184	2.209	2.233	2.259	2.287	2.318	2.352	2.388	2.425	2.464	2.506	2.549	2.595	2.644	2.694	2.701	2.713	2.731	2.755	2.778	2.805	2.838	2.875	2.916	2.959	3.003	3.050	3.100	3.153	3.208	3.265	3.324	3.385	3.448	3.509	
5.639	5.612	5.586	5.561	5.538	5.517	5.497	5.479	5.463	5.448	5.435	5.424	5.415	5.407	5.401	5.397	5.395	5.394	5.358	5.318	5.257	5.195	5.134	5.075	5.018	4.964	4.913	4.864	4.815	4.770	4.728	4.690	4.655	4.623	4.597	4.576	4.559	4.544	4.533	4.527	4.524	4.520	4.500	4.485	4.473	4.464	4.461	4.464	4.470	4.479	4.492	4.504	4.518	4.533	4.550	4.565	4.578	4.596	4.617	4.640	4.662	4.686	4.714	4.745	4.777	4.814	4.854	4.897	4.942	4.989	5.037	5.087	5.140	5.164	5.166	5.169	5.174	5.181	5.189	5.200	5.212	5.226	5.241	5.259	5.278	5.298	5.320	5.344	5.369	5.396	5.424	5.454	5.485	5.518	5.552	5.587	5.623	5.661	5.700	5.740	5.782	5.824	5.868	5.912	5.862	5.808	5.756	5.704	5.650	5.594	5.538	5.483	5.430	5.377	5.325	5.275	5.220	5.164	5.109	5.056	5.003	4.951	4.901	4.851	4.795	4.741	4.687	4.635	4.585	4.535	4.488	4.433	4.380	4.327	4.276	4.227	4.180	4.134	4.080	4.028	3.978	3.930	3.883	3.839	3.792	3.741	3.692	3.645	3.601	3.559	3.516	3.468	3.422	3.379	3.340	3.303	3.260	3.217	3.177	3.141	3.109	3.072	3.034	3.001	2.972	2.946	2.913	2.884	2.861	2.838	2.785	2.730	2.677	2.627	2.581	2.535	2.486	2.439	2.394	2.351	2.312	2.274	2.232	2.193	2.156	2.124	2.096	2.061	2.031	2.008	1.987	1.962	1.942	1.927	1.914	1.899	1.887	1.881	1.876	1.872	1.873	1.876	1.883	1.892	1.902	1.916	1.929	1.945	1.961	1.965	1.970	1.979	1.987	1.997	2.006	2.019	2.033	2.048	2.062	2.078	2.099	2.120	2.145	2.171	2.197	2.225	2.256	2.290	2.326	2.363	2.402	2.444	2.487	2.533	2.582	2.631	2.638	2.650	2.669	2.695	2.719	2.748	2.782	2.821	2.864	2.909	2.955	3.004	3.055	3.110	3.167	3.226	3.286	3.349	3.413	3.475	
5.601	5.573	5.547	5.523	5.500	5.479	5.459	5.441	5.425	5.410	5.397	5.386	5.376	5.369	5.363	5.359	5.356	5.356	5.321	5.287	5.255	5.207	5.147	5.089	5.033	4.979	4.928	4.879	4.831	4.785	4.743	4.705	4.671	4.640	4.613	4.591	4.573	4.558	4.547	4.539	4.516	4.489	4.468	4.453	4.441	4.436	4.433	4.436	4.443	4.453	4.467	4.479	4.493	4.508	4.526	4.544	4.558	4.576	4.598	4.620	4.640	4.665	4.693	4.724	4.758	4.795	4.836	4.879	4.924	4.971	5.019	5.070	5.123	5.147	5.149	5.152	5.157	5.164	5.173	5.183	5.195	5.209	5.225	5.242	5.261	5.281	5.304	5.327	5.353	5.379	5.408	5.437	5.469	5.501	5.535	5.570	5.607	5.645	5.684	5.724	5.765	5.807	5.851	5.895	5.856	5.802	5.749	5.697	5.643	5.586	5.530	5.475	5.422	5.369	5.317	5.266	5.210	5.154	5.099	5.045	4.993	4.941	4.891	4.839	4.783	4.728	4.675	4.623	4.572	4.522	4.474	4.418	4.364	4.312	4.260	4.211	4.163	4.116	4.062	4.009	3.959	3.910	3.863	3.818	3.769	3.717	3.668	3.621	3.576	3.534	3.488	3.439	3.393	3.349	3.308	3.271	3.226	3.181	3.141	3.104	3.071	3.031	2.992	2.957	2.927	2.899	2.864	2.834	2.810	2.789	2.750	2.694	2.642	2.592	2.545	2.494	2.444	2.398	2.352	2.309	2.270	2.226	2.184	2.145	2.109	2.076	2.042	2.008	1.978	1.954	1.929	1.904	1.884	1.870	1.853	1.838	1.826	1.820	1.815	1.810	1.811	1.815	1.821	1.830	1.841	1.855	1.868	1.884	1.900	1.903	1.908	1.917	1.925	1.935	1.945	1.957	1.972	1.986	2.001	2.017	2.037	2.059	2.083	2.109	2.138	2.166	2.197	2.231	2.267	2.304	2.343	2.385	2.428	2.474	2.523	2.569	2.577	2.590	2.611	2.637	2.664	2.694	2.730	2.771	2.816	2.863	2.910	2.961	3.014	3.070	3.129	3.189	3.251	3.315	3.380	3.445	
5.563	5.536	5.510	5.485	5.462	5.441	5.421	5.403	5.387	5.372	5.359	5.348	5.339	5.331	5.325	5.321	5.319	5.318	5.283	5.249	5.217	5.190	5.160	5.107	5.052	4.999	4.948	4.898	4.849	4.804	4.762	4.724	4.691	4.661	4.633	4.610	4.591	4.574	4.551	4.517	4.488	4.460	4.439	4.424	4.411	4.406	4.405	4.410	4.419	4.430	4.443	4.455	4.469	4.484	4.502	4.525	4.543	4.562	4.583	4.605	4.625	4.650	4.677	4.706	4.741	4.780	4.821	4.864	4.909	4.956	5.005	5.056	5.110	5.135	5.136	5.140	5.145	5.151	5.160	5.171	5.183	5.197	5.212	5.229	5.248	5.269	5.291	5.315	5.340	5.367	5.395	5.425	5.456	5.489	5.522	5.558	5.594	5.632	5.671	5.711	5.752	5.795	5.838	5.883	5.851	5.797	5.744	5.692	5.637	5.580	5.524	5.469	5.415	5.362	5.310	5.259	5.202	5.146	5.091	5.037	4.984	4.933	4.882	4.829	4.773	4.718	4.664	4.612	4.561	4.511	4.461	4.406	4.351	4.299	4.247	4.197	4.149	4.100	4.046	3.993	3.942	3.893	3.845	3.800	3.749	3.697	3.647	3.600	3.554	3.511	3.464	3.414	3.367	3.322	3.281	3.243	3.195	3.150	3.108	3.070	3.036	2.994	2.953	2.917	2.886	2.855	2.819	2.788	2.762	2.739	2.710	2.663	2.610	2.560	2.509	2.456	2.407	2.360	2.315	2.272	2.227	2.182	2.140	2.102	2.065	2.031	1.993	1.958	1.929	1.905	1.875	1.850	1.830	1.815	1.796	1.781	1.769	1.763	1.756	1.752	1.752	1.756	1.763	1.772	1.783	1.797	1.810	1.826	1.842	1.844	1.849	1.859	1.867	1.877	1.887	1.899	1.914	1.928	1.943	1.959	1.979	2.001	2.025	2.051	2.079	2.110	2.141	2.175	2.212	2.248	2.288	2.329	2.372	2.419	2.468	2.512	2.519	2.534	2.555	2.584	2.612	2.644	2.682	2.724	2.771	2.821	2.870	2.922	2.977	3.034	3.094	3.156	3.220	3.285	3.351	3.417	
5.528	5.501	5.475	5.450	5.427	5.406	5.386	5.368	5.352	5.337	5.324	5.313	5.304	5.296	5.290	5.286	5.284	5.283	5.248	5.213	5.181	5.153	5.126	5.102	5.070	5.020	4.969	4.920	4.872	4.827	4.786	4.749	4.717	4.685	4.657	4.633	4.600	4.561	4.523	4.489	4.460	4.433	4.412	4.396	4.384	4.379	4.380	4.385	4.396	4.408	4.421	4.434	4.447	4.462	4.481	4.503	4.528	4.550	4.570	4.592	4.614	4.638	4.663	4.693	4.728	4.768	4.809	4.853	4.898	4.946	4.996	5.048	5.102	5.126	5.128	5.131	5.136	5.143	5.152	5.162	5.174	5.188	5.204	5.221	5.240	5.260	5.283	5.306	5.332	5.358	5.387	5.416	5.448	5.480	5.514	5.549	5.586	5.624	5.663	5.703	5.744	5.786	5.830	5.874	5.848	5.794	5.741	5.689	5.632	5.575	5.520	5.465	5.411	5.358	5.306	5.254	5.196	5.140	5.085	5.031	4.978	4.926	4.876	4.822	4.765	4.710	4.656	4.604	4.552	4.503	4.451	4.396	4.341	4.288	4.236	4.186	4.138	4.088	4.033	3.980	3.928	3.879	3.831	3.785	3.733	3.680	3.630	3.582	3.536	3.492	3.443	3.393	3.345	3.300	3.258	3.217	3.168	3.122	3.080	3.041	3.006	2.961	2.919	2.882	2.850	2.816	2.778	2.746	2.719	2.694	2.663	2.636	2.583	2.531	2.476	2.424	2.374	2.327	2.282	2.235	2.189	2.143	2.102	2.063	2.026	1.986	1.948	1.914	1.884	1.856	1.825	1.800	1.781	1.762	1.743	1.728	1.715	1.709	1.701	1.697	1.697	1.701	1.708	1.718	1.729	1.742	1.756	1.772	1.788	1.789	1.794	1.804	1.813	1.823	1.833	1.845	1.860	1.874	1.889	1.905	1.925	1.947	1.971	1.997	2.025	2.057	2.090	2.124	2.160	2.197	2.236	2.278	2.321	2.367	2.416	2.458	2.466	2.481	2.504	2.534	2.564	2.598	2.638	2.682	2.731	2.782	2.833	2.887	2.943	3.003	3.064	3.127	3.192	3.258	3.325	3.393	
5.496	5.469	5.443	5.418	5.395	5.374	5.354	5.336	5.320	5.305	5.292	5.281	5.272	5.264	5.258	5.254	5.252	5.251	5.216	5.180	5.148	5.118	5.091	5.067	5.044	5.023	4.993	4.946	4.899	4.855	4.815	4.778	4.743	4.706	4.661	4.615	4.571	4.531	4.495	4.461	4.433	4.407	4.385	4.370	4.358	4.354	4.357	4.363	4.374	4.388	4.400	4.414	4.428	4.444	4.465	4.487	4.512	4.537	4.561	4.582	4.605	4.629	4.656	4.686	4.721	4.760	4.801	4.844	4.891	4.940	4.990	5.042	5.096	5.121	5.123	5.126	5.131	5.138	5.147	5.157	5.169	5.183	5.199	5.216	5.235	5.255	5.277	5.301	5.326	5.353	5.382	5.411	5.442	5.475	5.509	5.544	5.581	5.618	5.657	5.698	5.739	5.781	5.825	5.869	5.846	5.792	5.739	5.687	5.630	5.573	5.517	5.462	5.408	5.355	5.303	5.250	5.192	5.136	5.081	5.027	4.974	4.922	4.871	4.816	4.760	4.704	4.650	4.598	4.546	4.496	4.444	4.388	4.333	4.280	4.228	4.178	4.129	4.078	4.023	3.969	3.917	3.868	3.820	3.774	3.720	3.667	3.616	3.567	3.521	3.477	3.426	3.375	3.326	3.281	3.238	3.196	3.146	3.099	3.056	3.016	2.979	2.933	2.890	2.852	2.819	2.782	2.743	2.709	2.682	2.653	2.622	2.597	2.560	2.504	2.448	2.396	2.346	2.300	2.250	2.201	2.155	2.110	2.068	2.029	1.987	1.947	1.909	1.874	1.845	1.812	1.781	1.755	1.736	1.714	1.695	1.680	1.667	1.661	1.651	1.647	1.648	1.651	1.658	1.669	1.679	1.693	1.707	1.723	1.738	1.739	1.744	1.754	1.763	1.774	1.784	1.796	1.811	1.825	1.840	1.856	1.876	1.898	1.922	1.948	1.976	2.008	2.042	2.077	2.114	2.150	2.190	2.231	2.274	2.321	2.370	2.409	2.417	2.434	2.458	2.490	2.521	2.557	2.598	2.645	2.695	2.749	2.801	2.856	2.914	2.975	3.037	3.102	3.168	3.235	3.303	3.372	
5.467	5.440	5.414	5.390	5.367	5.345	5.326	5.308	5.291	5.277	5.264	5.252	5.243	5.235	5.229	5.225	5.223	5.222	5.187	5.151	5.117	5.086	5.059	5.035	5.012	4.991	4.974	4.959	4.928	4.885	4.842	4.787	4.734	4.682	4.632	4.586	4.542	4.501	4.465	4.431	4.402	4.380	4.360	4.347	4.336	4.332	4.336	4.344	4.355	4.370	4.384	4.398	4.413	4.431	4.451	4.474	4.498	4.522	4.546	4.571	4.595	4.622	4.652	4.683	4.717	4.756	4.796	4.839	4.886	4.935	4.986	5.039	5.093	5.117	5.118	5.121	5.127	5.133	5.142	5.152	5.165	5.178	5.194	5.211	5.230	5.251	5.273	5.297	5.322	5.349	5.377	5.407	5.438	5.470	5.504	5.540	5.576	5.614	5.653	5.693	5.734	5.777	5.820	5.865	5.844	5.791	5.738	5.686	5.629	5.572	5.516	5.461	5.407	5.354	5.302	5.248	5.190	5.134	5.079	5.025	4.972	4.920	4.869	4.813	4.756	4.701	4.647	4.594	4.543	4.493	4.439	4.383	4.328	4.274	4.223	4.172	4.124	4.070	4.015	3.962	3.910	3.860	3.811	3.765	3.710	3.656	3.605	3.556	3.510	3.466	3.413	3.361	3.312	3.266	3.223	3.179	3.128	3.081	3.037	2.996	2.957	2.910	2.866	2.827	2.793	2.754	2.714	2.679	2.650	2.619	2.586	2.560	2.539	2.481	2.426	2.373	2.324	2.274	2.222	2.173	2.127	2.082	2.040	1.997	1.954	1.914	1.876	1.841	1.809	1.773	1.742	1.717	1.697	1.672	1.652	1.637	1.625	1.618	1.607	1.603	1.604	1.607	1.614	1.626	1.636	1.650	1.663	1.680	1.694	1.695	1.700	1.710	1.719	1.730	1.740	1.753	1.767	1.782	1.797	1.813	1.833	1.855	1.879	1.905	1.933	1.965	1.999	2.036	2.072	2.110	2.149	2.191	2.234	2.280	2.329	2.366	2.374	2.392	2.418	2.451	2.484	2.522	2.565	2.613	2.665	2.721	2.774	2.831	2.890	2.952	3.015	3.081	3.147	3.215	3.285	3.355	
5.442	5.415	5.389	5.364	5.342	5.320	5.301	5.283	5.266	5.252	5.239	5.227	5.218	5.210	5.204	5.200	5.198	5.197	5.161	5.124	5.089	5.057	5.030	5.006	4.985	4.963	4.945	4.931	4.917	4.879	4.821	4.765	4.711	4.659	4.608	4.561	4.518	4.477	4.441	4.406	4.377	4.354	4.337	4.324	4.317	4.313	4.317	4.325	4.338	4.355	4.371	4.386	4.402	4.420	4.441	4.464	4.487	4.509	4.532	4.557	4.583	4.610	4.641	4.676	4.714	4.753	4.795	4.838	4.884	4.932	4.982	5.034	5.085	5.108	5.109	5.112	5.117	5.124	5.133	5.143	5.156	5.169	5.185	5.202	5.221	5.242	5.264	5.288	5.313	5.340	5.368	5.398	5.429	5.461	5.495	5.531	5.567	5.605	5.644	5.684	5.725	5.768	5.811	5.856	5.841	5.788	5.735	5.683	5.626	5.569	5.513	5.458	5.404	5.351	5.298	5.246	5.189	5.133	5.078	5.023	4.970	4.918	4.868	4.811	4.755	4.700	4.645	4.593	4.541	4.491	4.436	4.380	4.325	4.272	4.220	4.169	4.121	4.066	4.011	3.957	3.905	3.855	3.807	3.758	3.703	3.650	3.598	3.549	3.502	3.457	3.403	3.352	3.302	3.256	3.212	3.166	3.115	3.067	3.023	2.982	2.940	2.892	2.848	2.808	2.773	2.732	2.690	2.655	2.625	2.591	2.557	2.530	2.511	2.465	2.409	2.357	2.307	2.253	2.201	2.152	2.106	2.061	2.017	1.971	1.927	1.887	1.849	1.814	1.778	1.742	1.711	1.686	1.662	1.637	1.618	1.603	1.590	1.582	1.571	1.567	1.567	1.571	1.578	1.590	1.600	1.614	1.627	1.644	1.657	1.659	1.664	1.674	1.683	1.694	1.704	1.717	1.731	1.746	1.761	1.777	1.797	1.819	1.843	1.869	1.897	1.929	1.963	2.000	2.036	2.076	2.116	2.157	2.200	2.247	2.296	2.330	2.339	2.357	2.384	2.419	2.454	2.493	2.537	2.587	2.640	2.698	2.753	2.810	2.871	2.933	2.998	3.064	3.131	3.200	3.270	3.341	
5.418	5.391	5.365	5.340	5.318	5.296	5.277	5.259	5.242	5.228	5.215	5.203	5.194	5.186	5.180	5.176	5.174	5.173	5.137	5.100	5.065	5.033	5.005	4.981	4.960	4.939	4.921	4.905	4.890	4.859	4.800	4.743	4.690	4.639	4.588	4.541	4.496	4.455	4.419	4.385	4.356	4.331	4.314	4.303	4.295	4.294	4.300	4.309	4.322	4.340	4.358	4.375	4.393	4.412	4.432	4.454	4.475	4.497	4.520	4.546	4.571	4.600	4.631	4.667	4.705	4.746	4.788	4.833	4.880	4.926	4.975	5.024	5.075	5.098	5.100	5.103	5.108	5.115	5.124	5.134	5.146	5.160	5.176	5.193	5.212	5.232	5.254	5.278	5.303	5.330	5.358	5.388	5.419	5.452	5.486	5.521	5.558	5.595	5.634	5.675	5.716	5.758	5.802	5.846	5.842	5.788	5.736	5.682	5.624	5.567	5.511	5.456	5.402	5.349	5.297	5.243	5.186	5.130	5.074	5.020	4.967	4.915	4.864	4.808	4.752	4.697	4.642	4.590	4.538	4.488	4.435	4.379	4.324	4.270	4.218	4.168	4.119	4.065	4.009	3.955	3.903	3.853	3.805	3.755	3.700	3.646	3.595	3.546	3.499	3.452	3.398	3.346	3.297	3.250	3.206	3.158	3.107	3.059	3.014	2.973	2.929	2.880	2.836	2.795	2.760	2.716	2.674	2.638	2.607	2.571	2.536	2.508	2.488	2.454	2.399	2.346	2.293	2.238	2.186	2.138	2.091	2.045	1.998	1.952	1.908	1.869	1.830	1.794	1.755	1.719	1.688	1.663	1.636	1.611	1.591	1.576	1.564	1.554	1.543	1.539	1.539	1.543	1.550	1.562	1.573	1.586	1.600	1.616	1.629	1.631	1.636	1.646	1.655	1.666	1.677	1.689	1.704	1.718	1.733	1.749	1.769	1.791	1.815	1.841	1.869	1.901	1.936	1.972	2.009	2.049	2.090	2.132	2.175	2.221	2.270	2.303	2.312	2.331	2.359	2.395	2.431	2.471	2.517	2.567	2.622	2.680	2.737	2.795	2.856	2.920	2.985	3.052	3.120	3.189	3.260	3.331	
5.397	5.369	5.343	5.319	5.296	5.274	5.255	5.237	5.220	5.206	5.193	5.182	5.172	5.164	5.159	5.154	5.152	5.152	5.115	5.078	5.044	5.012	4.984	4.959	4.937	4.916	4.898	4.881	4.865	4.843	4.783	4.726	4.672	4.621	4.571	4.524	4.479	4.438	4.401	4.368	4.340	4.315	4.298	4.286	4.278	4.278	4.284	4.294	4.307	4.325	4.344	4.363	4.381	4.399	4.419	4.439	4.461	4.485	4.511	4.538	4.565	4.594	4.626	4.661	4.699	4.741	4.783	4.828	4.872	4.917	4.965	5.015	5.067	5.090	5.091	5.095	5.100	5.107	5.115	5.126	5.138	5.152	5.167	5.185	5.203	5.224	5.246	5.270	5.295	5.322	5.350	5.380	5.411	5.444	5.478	5.513	5.549	5.587	5.626	5.666	5.708	5.750	5.793	5.838	5.847	5.793	5.740	5.684	5.627	5.570	5.514	5.459	5.405	5.352	5.300	5.244	5.186	5.130	5.075	5.021	4.967	4.915	4.864	4.807	4.750	4.695	4.641	4.588	4.537	4.487	4.432	4.375	4.321	4.267	4.215	4.165	4.116	4.061	4.006	3.952	3.900	3.850	3.802	3.753	3.698	3.644	3.593	3.544	3.497	3.451	3.397	3.345	3.295	3.248	3.205	3.155	3.104	3.055	3.010	2.969	2.924	2.875	2.830	2.789	2.754	2.708	2.665	2.628	2.598	2.559	2.523	2.495	2.473	2.443	2.395	2.342	2.286	2.231	2.179	2.130	2.084	2.035	1.988	1.942	1.898	1.858	1.820	1.780	1.741	1.705	1.674	1.649	1.619	1.594	1.575	1.560	1.547	1.536	1.525	1.520	1.521	1.525	1.531	1.544	1.554	1.568	1.582	1.598	1.611	1.613	1.618	1.627	1.637	1.648	1.659	1.671	1.686	1.700	1.715	1.731	1.751	1.773	1.797	1.823	1.851	1.883	1.918	1.954	1.991	2.031	2.072	2.115	2.158	2.205	2.254	2.284	2.294	2.314	2.343	2.380	2.417	2.457	2.504	2.555	2.611	2.670	2.727	2.786	2.848	2.911	2.977	3.044	3.113	3.182	3.253	3.325	
5.377	5.350	5.324	5.299	5.276	5.255	5.235	5.217	5.201	5.186	5.173	5.162	5.153	5.145	5.139	5.135	5.133	5.132	5.097	5.060	5.026	4.996	4.967	4.941	4.917	4.896	4.878	4.859	4.843	4.826	4.772	4.714	4.658	4.605	4.555	4.509	4.466	4.424	4.387	4.353	4.326	4.302	4.285	4.275	4.270	4.269	4.274	4.283	4.296	4.314	4.333	4.351	4.370	4.387	4.406	4.427	4.449	4.475	4.503	4.532	4.562	4.590	4.624	4.659	4.697	4.738	4.781	4.823	4.867	4.913	4.959	5.009	5.060	5.083	5.084	5.088	5.093	5.100	5.108	5.119	5.131	5.145	5.160	5.177	5.196	5.217	5.239	5.263	5.288	5.315	5.343	5.373	5.404	5.437	5.470	5.506	5.542	5.580	5.619	5.659	5.700	5.743	5.786	5.831	5.852	5.798	5.745	5.690	5.632	5.575	5.519	5.464	5.410	5.357	5.305	5.248	5.190	5.134	5.079	5.025	4.972	4.920	4.867	4.809	4.753	4.697	4.643	4.590	4.539	4.489	4.432	4.376	4.321	4.268	4.216	4.165	4.116	4.060	4.005	3.951	3.899	3.849	3.800	3.750	3.695	3.642	3.590	3.541	3.494	3.447	3.393	3.341	3.291	3.245	3.201	3.152	3.101	3.052	3.007	2.966	2.921	2.872	2.827	2.787	2.751	2.705	2.663	2.626	2.595	2.555	2.519	2.491	2.468	2.437	2.390	2.337	2.282	2.228	2.176	2.127	2.080	2.032	1.985	1.939	1.895	1.855	1.816	1.776	1.737	1.701	1.670	1.644	1.613	1.588	1.568	1.554	1.541	1.528	1.517	1.513	1.514	1.517	1.524	1.537	1.547	1.561	1.574	1.590	1.604	1.605	1.610	1.620	1.629	1.640	1.651	1.664	1.678	1.693	1.707	1.723	1.743	1.765	1.790	1.815	1.844	1.875	1.910	1.946	1.983	2.023	2.065	2.108	2.152	2.198	2.247	2.277	2.286	2.306	2.336	2.373	2.411	2.452	2.498	2.550	2.606	2.665	2.723	2.783	2.844	2.908	2.974	3.041	3.110	3.180	3.251	3.322	
5.361	5.333	5.307	5.283	5.260	5.238	5.219	5.201	5.184	5.170	5.157	5.146	5.136	5.128	5.123	5.118	5.116	5.115	5.079	5.044	5.010	4.981	4.952	4.925	4.901	4.880	4.860	4.841	4.825	4.811	4.761	4.704	4.647	4.593	4.543	4.497	4.454	4.413	4.377	4.345	4.317	4.297	4.280	4.269	4.263	4.263	4.268	4.277	4.291	4.305	4.323	4.341	4.359	4.378	4.397	4.418	4.443	4.468	4.497	4.529	4.561	4.592	4.625	4.660	4.699	4.739	4.779	4.820	4.863	4.909	4.957	5.006	5.056	5.079	5.081	5.084	5.089	5.096	5.105	5.115	5.127	5.141	5.157	5.174	5.193	5.213	5.235	5.259	5.285	5.311	5.340	5.369	5.401	5.433	5.467	5.502	5.539	5.576	5.615	5.656	5.697	5.739	5.783	5.827	5.815	5.761	5.708	5.656	5.605	5.555	5.506	5.451	5.396	5.343	5.291	5.240	5.190	5.139	5.084	5.030	4.977	4.925	4.872	4.815	4.758	4.703	4.649	4.596	4.545	4.494	4.436	4.380	4.325	4.272	4.220	4.169	4.120	4.063	4.007	3.954	3.902	3.851	3.803	3.751	3.696	3.643	3.591	3.542	3.495	3.447	3.392	3.340	3.291	3.244	3.201	3.151	3.099	3.051	3.006	2.964	2.919	2.870	2.825	2.784	2.749	2.702	2.659	2.622	2.592	2.552	2.516	2.487	2.465	2.434	2.387	2.334	2.278	2.223	2.171	2.122	2.074	2.026	1.978	1.931	1.887	1.847	1.809	1.768	1.730	1.695	1.664	1.638	1.607	1.582	1.563	1.548	1.535	1.523	1.512	1.507	1.506	1.508	1.515	1.528	1.538	1.553	1.566	1.578	1.580	1.583	1.588	1.597	1.606	1.618	1.629	1.643	1.658	1.672	1.687	1.703	1.724	1.747	1.772	1.798	1.827	1.857	1.891	1.926	1.963	2.004	2.045	2.088	2.132	2.179	2.229	2.259	2.269	2.289	2.318	2.356	2.393	2.434	2.480	2.532	2.588	2.647	2.703	2.762	2.824	2.888	2.954	3.021	3.090	3.159	3.230	3.300	
5.347	5.319	5.293	5.269	5.246	5.225	5.205	5.187	5.171	5.156	5.143	5.132	5.122	5.115	5.109	5.105	5.102	5.102	5.065	5.030	4.997	4.967	4.939	4.912	4.887	4.865	4.845	4.826	4.810	4.797	4.754	4.696	4.641	4.587	4.536	4.490	4.447	4.407	4.371	4.340	4.313	4.292	4.275	4.266	4.261	4.261	4.265	4.274	4.285	4.299	4.315	4.332	4.352	4.372	4.393	4.415	4.439	4.466	4.495	4.527	4.561	4.595	4.629	4.664	4.702	4.741	4.780	4.821	4.863	4.908	4.955	5.004	5.056	5.079	5.080	5.083	5.089	5.095	5.104	5.114	5.127	5.140	5.156	5.173	5.192	5.213	5.235	5.259	5.284	5.311	5.339	5.369	5.400	5.432	5.466	5.502	5.538	5.576	5.615	5.655	5.696	5.739	5.782	5.827	5.777	5.723	5.670	5.618	5.567	5.517	5.468	5.413	5.358	5.305	5.253	5.202	5.152	5.104	5.050	4.996	4.943	4.891	4.840	4.791	4.743	4.690	4.636	4.584	4.532	4.482	4.433	4.385	4.330	4.277	4.225	4.175	4.125	4.068	4.013	3.959	3.907	3.857	3.809	3.756	3.701	3.647	3.596	3.547	3.500	3.450	3.396	3.344	3.294	3.247	3.204	3.153	3.101	3.053	3.008	2.966	2.920	2.871	2.826	2.785	2.749	2.702	2.659	2.622	2.591	2.551	2.515	2.487	2.463	2.432	2.388	2.335	2.278	2.223	2.171	2.121	2.074	2.024	1.976	1.929	1.884	1.844	1.805	1.764	1.727	1.693	1.662	1.636	1.605	1.579	1.560	1.544	1.533	1.519	1.509	1.503	1.499	1.499	1.505	1.518	1.529	1.543	1.542	1.541	1.543	1.548	1.554	1.563	1.573	1.585	1.597	1.611	1.625	1.639	1.655	1.673	1.692	1.715	1.741	1.767	1.795	1.825	1.858	1.894	1.932	1.973	2.016	2.059	2.104	2.151	2.200	2.231	2.241	2.261	2.290	2.327	2.365	2.405	2.452	2.504	2.560	2.619	2.675	2.734	2.796	2.860	2.926	2.993	3.062	3.131	3.202	3.272	
5.337	5.309	5.283	5.259	5.236	5.215	5.195	5.177	5.161	5.146	5.133	5.122	5.113	5.105	5.099	5.095	5.092	5.092	5.055	5.020	4.988	4.958	4.930	4.902	4.878	4.855	4.833	4.814	4.797	4.784	4.752	4.695	4.640	4.586	4.536	4.488	4.443	4.403	4.368	4.336	4.311	4.289	4.271	4.261	4.260	4.260	4.263	4.269	4.280	4.294	4.309	4.327	4.346	4.369	4.392	4.414	4.440	4.466	4.496	4.529	4.563	4.599	4.635	4.672	4.708	4.744	4.782	4.823	4.866	4.910	4.956	5.005	5.056	5.079	5.081	5.084	5.089	5.096	5.105	5.115	5.127	5.141	5.157	5.174	5.193	5.213	5.236	5.259	5.285	5.311	5.340	5.369	5.401	5.433	5.467	5.502	5.539	5.577	5.616	5.656	5.697	5.739	5.783	5.796	5.741	5.687	5.634	5.582	5.531	5.481	5.430	5.375	5.321	5.268	5.216	5.165	5.115	5.067	5.012	4.958	4.905	4.853	4.802	4.753	4.705	4.652	4.598	4.546	4.494	4.444	4.395	4.348	4.296	4.242	4.190	4.140	4.091	4.044	3.997	3.944	3.891	3.841	3.793	3.747	3.703	3.650	3.599	3.550	3.503	3.456	3.401	3.349	3.300	3.253	3.210	3.158	3.107	3.058	3.013	2.972	2.924	2.875	2.830	2.789	2.753	2.705	2.663	2.626	2.595	2.554	2.518	2.489	2.466	2.435	2.394	2.339	2.282	2.227	2.176	2.126	2.078	2.028	1.979	1.932	1.888	1.848	1.807	1.766	1.730	1.696	1.665	1.638	1.607	1.582	1.562	1.545	1.533	1.519	1.509	1.502	1.497	1.496	1.503	1.514	1.523	1.514	1.508	1.507	1.508	1.513	1.523	1.533	1.544	1.556	1.568	1.583	1.596	1.610	1.625	1.643	1.663	1.686	1.711	1.736	1.763	1.794	1.828	1.864	1.903	1.944	1.988	2.031	2.077	2.125	2.174	2.206	2.216	2.236	2.265	2.302	2.340	2.381	2.427	2.479	2.535	2.594	2.651	2.710	2.771	2.835	2.901	2.968	3.037	3.107	3.178	3.248	
5.330	5.303	5.277	5.252	5.230	5.208	5.189	5.171	5.154	5.140	5.127	5.115	5.106	5.098	5.092	5.088	5.086	5.085	5.049	5.014	4.982	4.952	4.923	4.896	4.871	4.847	4.825	4.805	4.787	4.773	4.753	4.697	4.640	4.586	4.537	4.489	4.445	4.404	4.367	4.337	4.312	4.291	4.274	4.264	4.260	4.259	4.262	4.269	4.278	4.291	4.306	4.324	4.344	4.367	4.392	4.418	4.443	4.471	4.501	4.533	4.566	4.602	4.639	4.676	4.713	4.750	4.788	4.827	4.870	4.914	4.961	5.010	5.060	5.082	5.084	5.087	5.092	5.099	5.108	5.118	5.130	5.144	5.160	5.177	5.196	5.216	5.239	5.262	5.288	5.314	5.343	5.372	5.404	5.436	5.470	5.505	5.542	5.580	5.618	5.659	5.700	5.742	5.786	5.763	5.708	5.655	5.602	5.550	5.499	5.449	5.396	5.341	5.287	5.234	5.181	5.130	5.081	5.032	4.976	4.922	4.869	4.817	4.766	4.717	4.669	4.615	4.561	4.508	4.457	4.407	4.358	4.311	4.258	4.204	4.152	4.102	4.053	4.006	3.959	3.906	3.854	3.803	3.755	3.709	3.665	3.612	3.561	3.511	3.464	3.420	3.377	3.325	3.275	3.229	3.185	3.145	3.097	3.049	3.004	2.962	2.925	2.879	2.834	2.794	2.758	2.711	2.668	2.631	2.601	2.560	2.524	2.495	2.471	2.440	2.405	2.348	2.291	2.237	2.185	2.136	2.087	2.037	1.988	1.940	1.897	1.857	1.815	1.774	1.737	1.702	1.672	1.644	1.613	1.588	1.569	1.552	1.539	1.526	1.513	1.505	1.502	1.501	1.507	1.502	1.492	1.481	1.474	1.474	1.477	1.481	1.492	1.504	1.517	1.528	1.542	1.556	1.572	1.586	1.600	1.618	1.638	1.661	1.684	1.709	1.736	1.768	1.801	1.836	1.877	1.919	1.962	2.005	2.052	2.101	2.151	2.183	2.193	2.213	2.242	2.279	2.317	2.357	2.404	2.456	2.512	2.571	2.628	2.687	2.749	2.812	2.878	2.946	3.014	3.084	3.155	3.225	
5.326	5.298	5.272	5.248	5.225	5.203	5.184	5.166	5.149	5.135	5.122	5.111	5.101	5.093	5.088	5.083	5.081	5.081	5.044	5.009	4.978	4.948	4.920	4.893	4.867	4.842	4.819	4.798	4.779	4.765	4.754	4.702	4.646	4.592	4.542	4.495	4.451	4.409	4.372	4.341	4.317	4.297	4.280	4.270	4.263	4.260	4.265	4.271	4.282	4.293	4.308	4.326	4.346	4.369	4.394	4.422	4.449	4.477	4.507	4.538	4.572	4.607	4.642	4.679	4.717	4.755	4.795	4.836	4.877	4.921	4.968	5.016	5.064	5.085	5.087	5.090	5.095	5.102	5.110	5.121	5.133	5.147	5.162	5.180	5.199	5.219	5.241	5.265	5.290	5.317	5.345	5.375	5.406	5.439	5.473	5.508	5.545	5.582	5.621	5.661	5.703	5.745	5.789	5.734	5.679	5.625	5.572	5.520	5.469	5.419	5.365	5.310	5.255	5.202	5.150	5.099	5.049	4.999	4.943	4.889	4.836	4.784	4.733	4.684	4.636	4.580	4.526	4.474	4.422	4.372	4.323	4.276	4.222	4.168	4.116	4.066	4.017	3.970	3.922	3.868	3.816	3.766	3.718	3.672	3.628	3.574	3.523	3.474	3.427	3.382	3.339	3.287	3.238	3.191	3.147	3.107	3.059	3.010	2.965	2.924	2.887	2.841	2.796	2.755	2.720	2.682	2.639	2.602	2.572	2.539	2.503	2.475	2.455	2.426	2.405	2.361	2.305	2.251	2.200	2.151	2.100	2.050	2.001	1.954	1.911	1.870	1.828	1.787	1.750	1.715	1.685	1.656	1.626	1.601	1.580	1.564	1.550	1.537	1.524	1.515	1.511	1.495	1.480	1.469	1.458	1.448	1.442	1.442	1.447	1.455	1.466	1.477	1.490	1.502	1.516	1.532	1.549	1.564	1.577	1.595	1.616	1.638	1.660	1.685	1.713	1.744	1.777	1.813	1.854	1.897	1.940	1.985	2.032	2.079	2.129	2.163	2.173	2.192	2.222	2.259	2.296	2.337	2.384	2.436	2.492	2.551	2.608	2.667	2.729	2.793	2.858	2.926	2.994	3.064	3.135	3.206	
5.322	5.295	5.269	5.244	5.221	5.200	5.180	5.162	5.146	5.131	5.118	5.107	5.098	5.090	5.084	5.080	5.078	5.077	5.042	5.008	4.977	4.948	4.919	4.892	4.866	4.839	4.815	4.793	4.776	4.761	4.751	4.710	4.654	4.601	4.551	4.503	4.460	4.418	4.382	4.352	4.325	4.305	4.290	4.276	4.270	4.269	4.271	4.279	4.289	4.302	4.316	4.332	4.352	4.375	4.401	4.428	4.457	4.486	4.515	4.546	4.578	4.611	4.647	4.685	4.723	4.762	4.802	4.843	4.886	4.931	4.977	5.024	5.069	5.088	5.090	5.093	5.098	5.105	5.114	5.124	5.136	5.150	5.166	5.183	5.202	5.223	5.245	5.268	5.294	5.321	5.349	5.379	5.410	5.442	5.476	5.511	5.548	5.586	5.625	5.665	5.706	5.749	5.763	5.708	5.653	5.599	5.546	5.494	5.443	5.393	5.337	5.282	5.228	5.175	5.122	5.071	5.022	4.969	4.914	4.859	4.806	4.754	4.704	4.654	4.604	4.549	4.495	4.442	4.391	4.341	4.292	4.244	4.189	4.135	4.083	4.033	3.984	3.937	3.888	3.834	3.782	3.732	3.683	3.637	3.592	3.538	3.487	3.438	3.391	3.347	3.302	3.250	3.201	3.154	3.110	3.070	3.022	2.973	2.928	2.887	2.850	2.803	2.758	2.717	2.682	2.644	2.601	2.564	2.534	2.501	2.465	2.437	2.417	2.388	2.367	2.355	2.323	2.270	2.219	2.170	2.118	2.068	2.019	1.972	1.927	1.887	1.845	1.803	1.766	1.734	1.704	1.674	1.644	1.617	1.596	1.579	1.564	1.551	1.536	1.509	1.483	1.463	1.449	1.439	1.427	1.418	1.414	1.414	1.420	1.428	1.440	1.451	1.465	1.477	1.491	1.506	1.525	1.542	1.557	1.575	1.597	1.619	1.639	1.665	1.693	1.724	1.757	1.795	1.836	1.879	1.923	1.967	2.014	2.062	2.112	2.147	2.156	2.176	2.205	2.243	2.280	2.321	2.368	2.420	2.475	2.535	2.592	2.651	2.713	2.777	2.842	2.910	2.978	3.048	3.119	3.191	
5.322	5.294	5.268	5.244	5.221	5.200	5.180	5.162	5.146	5.131	5.118	5.107	5.097	5.090	5.084	5.080	5.077	5.077	5.043	5.011	4.979	4.950	4.922	4.895	4.867	4.839	4.814	4.791	4.772	4.759	4.749	4.720	4.665	4.613	4.563	4.516	4.472	4.431	4.395	4.365	4.339	4.318	4.301	4.290	4.283	4.281	4.284	4.288	4.300	4.313	4.328	4.343	4.362	4.385	4.411	4.439	4.466	4.494	4.524	4.554	4.585	4.618	4.653	4.692	4.733	4.772	4.812	4.853	4.895	4.939	4.984	5.031	5.075	5.094	5.096	5.099	5.104	5.111	5.119	5.130	5.142	5.156	5.171	5.189	5.208	5.228	5.250	5.274	5.299	5.326	5.354	5.384	5.415	5.448	5.482	5.517	5.554	5.591	5.630	5.670	5.712	5.754	5.739	5.684	5.629	5.575	5.522	5.470	5.419	5.368	5.312	5.257	5.203	5.150	5.098	5.047	4.997	4.943	4.887	4.833	4.780	4.728	4.677	4.628	4.576	4.521	4.467	4.414	4.363	4.313	4.264	4.214	4.159	4.106	4.054	4.003	3.955	3.908	3.857	3.803	3.751	3.701	3.652	3.606	3.559	3.506	3.455	3.405	3.359	3.314	3.269	3.217	3.167	3.120	3.077	3.036	2.987	2.938	2.893	2.852	2.815	2.767	2.722	2.682	2.646	2.608	2.565	2.528	2.497	2.464	2.428	2.400	2.380	2.351	2.329	2.318	2.290	2.260	2.233	2.191	2.139	2.089	2.039	1.992	1.949	1.910	1.865	1.824	1.788	1.756	1.726	1.695	1.665	1.638	1.617	1.595	1.562	1.534	1.508	1.481	1.455	1.435	1.420	1.409	1.397	1.388	1.386	1.387	1.395	1.405	1.417	1.428	1.441	1.453	1.467	1.483	1.501	1.523	1.543	1.561	1.583	1.604	1.624	1.650	1.676	1.706	1.741	1.780	1.821	1.865	1.908	1.952	1.999	2.048	2.099	2.134	2.144	2.164	2.193	2.231	2.268	2.309	2.356	2.407	2.463	2.523	2.580	2.639	2.701	2.765	2.831	2.898	2.967	3.036	3.107	3.179	
5.325	5.298	5.272	5.247	5.224	5.203	5.183	5.165	5.149	5.134	5.121	5.110	5.101	5.093	5.087	5.083	5.081	5.080	5.047	5.014	4.983	4.955	4.926	4.900	4.870	4.841	4.815	4.793	4.774	4.759	4.749	4.736	4.682	4.629	4.578	4.532	4.489	4.449	4.414	4.382	4.357	4.336	4.319	4.306	4.300	4.299	4.302	4.306	4.316	4.330	4.344	4.360	4.378	4.400	4.426	4.452	4.479	4.506	4.534	4.564	4.595	4.630	4.666	4.704	4.744	4.785	4.825	4.865	4.907	4.949	4.993	5.039	5.083	5.102	5.104	5.107	5.112	5.119	5.128	5.138	5.150	5.164	5.180	5.197	5.216	5.237	5.259	5.282	5.308	5.335	5.363	5.393	5.424	5.456	5.490	5.525	5.562	5.600	5.639	5.679	5.720	5.763	5.717	5.661	5.606	5.553	5.500	5.448	5.397	5.344	5.288	5.233	5.179	5.126	5.074	5.023	4.973	4.919	4.863	4.809	4.756	4.704	4.653	4.604	4.552	4.496	4.442	4.390	4.338	4.288	4.239	4.188	4.133	4.080	4.028	3.977	3.929	3.882	3.829	3.775	3.723	3.673	3.625	3.578	3.530	3.477	3.425	3.376	3.329	3.285	3.238	3.186	3.137	3.090	3.046	3.006	2.955	2.907	2.862	2.820	2.783	2.735	2.690	2.649	2.614	2.574	2.532	2.495	2.464	2.430	2.394	2.366	2.346	2.317	2.295	2.283	2.256	2.225	2.197	2.170	2.145	2.112	2.064	2.018	1.975	1.934	1.890	1.850	1.815	1.782	1.750	1.718	1.679	1.643	1.605	1.568	1.535	1.507	1.481	1.454	1.428	1.408	1.392	1.382	1.370	1.361	1.360	1.362	1.371	1.383	1.394	1.406	1.419	1.432	1.445	1.461	1.481	1.503	1.528	1.549	1.570	1.592	1.614	1.638	1.664	1.694	1.729	1.768	1.810	1.854	1.897	1.942	1.990	2.040	2.091	2.126	2.136	2.156	2.185	2.223	2.260	2.301	2.348	2.400	2.455	2.515	2.572	2.632	2.693	2.757	2.823	2.890	2.959	3.029	3.100	3.171	
5.332	5.304	5.278	5.254	5.231	5.210	5.190	5.172	5.156	5.141	5.128	5.117	5.108	5.100	5.094	5.090	5.087	5.087	5.052	5.020	4.990	4.962	4.934	4.907	4.876	4.846	4.820	4.797	4.778	4.763	4.751	4.742	4.703	4.650	4.600	4.554	4.510	4.471	4.436	4.406	4.382	4.362	4.344	4.330	4.325	4.323	4.324	4.331	4.338	4.349	4.364	4.382	4.400	4.419	4.443	4.470	4.496	4.522	4.549	4.579	4.611	4.645	4.681	4.719	4.759	4.801	4.839	4.878	4.919	4.961	5.004	5.048	5.092	5.112	5.114	5.117	5.122	5.129	5.137	5.148	5.160	5.174	5.189	5.207	5.226	5.246	5.268	5.292	5.317	5.344	5.372	5.402	5.433	5.466	5.500	5.535	5.571	5.609	5.648	5.688	5.730	5.753	5.697	5.641	5.586	5.533	5.480	5.428	5.377	5.323	5.267	5.212	5.158	5.105	5.053	5.002	4.952	4.896	4.841	4.786	4.733	4.681	4.631	4.581	4.528	4.473	4.419	4.366	4.314	4.264	4.216	4.164	4.109	4.056	4.004	3.953	3.905	3.858	3.804	3.751	3.699	3.648	3.600	3.554	3.505	3.451	3.400	3.351	3.304	3.259	3.211	3.159	3.110	3.063	3.019	2.978	2.927	2.879	2.834	2.792	2.754	2.705	2.660	2.620	2.584	2.544	2.501	2.464	2.434	2.400	2.364	2.335	2.315	2.285	2.264	2.252	2.225	2.192	2.163	2.136	2.110	2.084	2.060	2.038	2.005	1.961	1.912	1.866	1.822	1.774	1.729	1.687	1.649	1.613	1.574	1.539	1.506	1.479	1.454	1.427	1.402	1.382	1.367	1.356	1.344	1.335	1.336	1.341	1.350	1.362	1.373	1.386	1.399	1.413	1.427	1.443	1.464	1.487	1.512	1.537	1.560	1.582	1.605	1.629	1.657	1.687	1.722	1.761	1.802	1.846	1.889	1.935	1.984	2.034	2.086	2.121	2.131	2.151	2.180	2.218	2.255	2.296	2.343	2.395	2.450	2.510	2.568	2.627	2.689	2.752	2.818	2.886	2.954	3.024	3.095	3.167	
5.341	5.313	5.287	5.263	5.240	5.218	5.199	5.181	5.164	5.150	5.137	5.126	5.116	5.108	5.102	5.098	5.096	5.095	5.061	5.029	4.999	4.970	4.943	4.915	4.884	4.853	4.827	4.805	4.785	4.769	4.756	4.747	4.727	4.676	4.626	4.580	4.536	4.496	4.462	4.434	4.412	4.390	4.373	4.361	4.354	4.352	4.353	4.359	4.367	4.375	4.389	4.407	4.425	4.444	4.466	4.491	4.516	4.542	4.568	4.596	4.629	4.663	4.699	4.738	4.779	4.820	4.858	4.895	4.934	4.974	5.018	5.062	5.105	5.125	5.127	5.130	5.135	5.142	5.151	5.161	5.173	5.187	5.203	5.220	5.239	5.259	5.282	5.305	5.331	5.357	5.386	5.415	5.447	5.479	5.513	5.548	5.585	5.623	5.662	5.702	5.743	5.736	5.679	5.624	5.569	5.515	5.462	5.410	5.359	5.304	5.248	5.193	5.139	5.086	5.034	4.983	4.932	4.876	4.821	4.766	4.713	4.661	4.611	4.561	4.507	4.451	4.397	4.345	4.293	4.243	4.194	4.141	4.086	4.033	3.981	3.931	3.882	3.835	3.781	3.727	3.675	3.625	3.576	3.530	3.481	3.427	3.376	3.327	3.280	3.236	3.187	3.135	3.085	3.039	2.995	2.954	2.902	2.854	2.809	2.767	2.729	2.680	2.635	2.594	2.559	2.518	2.475	2.438	2.407	2.372	2.336	2.308	2.288	2.258	2.236	2.224	2.195	2.161	2.131	2.105	2.079	2.052	2.029	2.007	1.986	1.938	1.887	1.840	1.797	1.748	1.703	1.661	1.622	1.586	1.546	1.510	1.477	1.449	1.424	1.397	1.375	1.357	1.345	1.334	1.322	1.314	1.314	1.321	1.331	1.343	1.355	1.370	1.383	1.398	1.413	1.430	1.451	1.474	1.498	1.522	1.546	1.570	1.595	1.622	1.652	1.684	1.718	1.757	1.798	1.841	1.884	1.931	1.980	2.030	2.083	2.117	2.126	2.146	2.175	2.213	2.250	2.291	2.338	2.390	2.446	2.505	2.562	2.622	2.683	2.747	2.813	2.880	2.949	3.019	3.090	3.161	
5.350	5.322	5.296	5.272	5.249	5.228	5.208	5.190	5.174	5.159	5.146	5.135	5.125	5.118	5.112	5.108	5.105	5.105	5.070	5.038	5.007	4.979	4.952	4.925	4.893	4.863	4.837	4.814	4.794	4.777	4.764	4.755	4.745	4.704	4.655	4.609	4.566	4.528	4.495	4.468	4.445	4.422	4.407	4.394	4.387	4.384	4.386	4.391	4.398	4.407	4.419	4.435	4.453	4.472	4.493	4.514	4.538	4.564	4.591	4.619	4.651	4.686	4.723	4.762	4.802	4.841	4.877	4.912	4.950	4.991	5.034	5.078	5.123	5.142	5.144	5.147	5.152	5.159	5.168	5.178	5.190	5.204	5.220	5.237	5.256	5.277	5.299	5.322	5.348	5.375	5.403	5.433	5.464	5.496	5.530	5.565	5.602	5.640	5.679	5.719	5.760	5.721	5.665	5.609	5.555	5.501	5.448	5.396	5.345	5.288	5.232	5.177	5.123	5.070	5.018	4.967	4.915	4.858	4.803	4.749	4.696	4.644	4.593	4.543	4.488	4.432	4.378	4.326	4.274	4.224	4.175	4.121	4.066	4.013	3.961	3.911	3.862	3.815	3.760	3.706	3.654	3.604	3.555	3.509	3.458	3.405	3.354	3.304	3.257	3.213	3.164	3.112	3.062	3.015	2.972	2.930	2.878	2.830	2.785	2.744	2.705	2.656	2.611	2.570	2.535	2.493	2.451	2.414	2.383	2.348	2.312	2.283	2.263	2.233	2.211	2.199	2.169	2.135	2.104	2.077	2.051	2.024	2.001	1.980	1.959	1.917	1.867	1.820	1.775	1.727	1.681	1.638	1.600	1.563	1.523	1.487	1.454	1.426	1.400	1.372	1.350	1.334	1.323	1.311	1.301	1.295	1.295	1.302	1.312	1.324	1.337	1.354	1.371	1.385	1.402	1.420	1.441	1.464	1.487	1.509	1.532	1.557	1.583	1.610	1.641	1.676	1.714	1.754	1.796	1.840	1.883	1.929	1.977	2.027	2.077	2.107	2.117	2.137	2.166	2.204	2.241	2.282	2.329	2.380	2.436	2.495	2.553	2.612	2.674	2.738	2.804	2.871	2.940	3.009	3.080	3.152	
5.362	5.334	5.308	5.284	5.261	5.240	5.220	5.202	5.186	5.171	5.158	5.147	5.137	5.130	5.124	5.120	5.117	5.117	5.083	5.050	5.019	4.990	4.963	4.936	4.905	4.875	4.849	4.826	4.805	4.787	4.775	4.766	4.756	4.734	4.688	4.644	4.602	4.565	4.533	4.506	4.482	4.461	4.446	4.434	4.425	4.420	4.421	4.426	4.432	4.442	4.453	4.466	4.484	4.503	4.522	4.540	4.564	4.588	4.617	4.647	4.678	4.712	4.749	4.787	4.827	4.866	4.898	4.932	4.969	5.010	5.052	5.096	5.141	5.161	5.162	5.166	5.171	5.178	5.186	5.197	5.209	5.223	5.238	5.256	5.274	5.295	5.317	5.341	5.366	5.393	5.421	5.451	5.482	5.515	5.549	5.584	5.620	5.658	5.697	5.737	5.767	5.710	5.654	5.598	5.544	5.490	5.437	5.385	5.332	5.275	5.219	5.164	5.110	5.057	5.005	4.954	4.900	4.844	4.788	4.734	4.681	4.629	4.578	4.528	4.472	4.416	4.362	4.309	4.258	4.208	4.159	4.104	4.049	3.995	3.943	3.893	3.844	3.796	3.741	3.687	3.635	3.585	3.536	3.490	3.439	3.385	3.334	3.285	3.238	3.193	3.143	3.091	3.042	2.995	2.951	2.908	2.857	2.808	2.763	2.722	2.682	2.633	2.588	2.548	2.512	2.470	2.428	2.391	2.360	2.324	2.288	2.260	2.240	2.209	2.187	2.176	2.146	2.112	2.081	2.054	2.027	2.000	1.977	1.956	1.935	1.898	1.848	1.802	1.756	1.708	1.662	1.618	1.579	1.542	1.502	1.467	1.435	1.406	1.380	1.351	1.328	1.313	1.303	1.290	1.280	1.275	1.277	1.286	1.296	1.308	1.321	1.339	1.357	1.375	1.393	1.412	1.432	1.453	1.474	1.497	1.520	1.546	1.571	1.600	1.631	1.668	1.706	1.747	1.789	1.833	1.877	1.924	1.970	2.018	2.067	2.098	2.107	2.127	2.157	2.194	2.232	2.273	2.319	2.371	2.427	2.486	2.544	2.603	2.665	2.729	2.794	2.862	2.930	3.000	3.071	3.143	
5.376	5.348	5.322	5.298	5.275	5.253	5.234	5.216	5.199	5.185	5.172	5.161	5.151	5.143	5.137	5.133	5.131	5.130	5.096	5.062	5.031	5.004	4.976	4.949	4.919	4.889	4.863	4.840	4.820	4.803	4.790	4.779	4.770	4.762	4.723	4.681	4.642	4.606	4.574	4.545	4.522	4.503	4.487	4.476	4.466	4.461	4.461	4.465	4.472	4.481	4.489	4.501	4.519	4.536	4.555	4.573	4.595	4.618	4.645	4.678	4.709	4.741	4.778	4.817	4.856	4.890	4.921	4.956	4.992	5.032	5.074	5.117	5.162	5.182	5.183	5.187	5.192	5.199	5.207	5.218	5.230	5.244	5.259	5.276	5.295	5.316	5.338	5.362	5.387	5.414	5.442	5.472	5.503	5.536	5.569	5.605	5.641	5.679	5.718	5.758	5.760	5.703	5.647	5.591	5.536	5.483	5.430	5.378	5.323	5.266	5.210	5.155	5.101	5.048	4.996	4.945	4.889	4.832	4.777	4.723	4.670	4.618	4.567	4.515	4.459	4.403	4.349	4.296	4.245	4.195	4.145	4.089	4.034	3.981	3.929	3.878	3.830	3.780	3.725	3.671	3.619	3.569	3.521	3.474	3.422	3.368	3.317	3.267	3.221	3.176	3.125	3.073	3.023	2.977	2.933	2.889	2.838	2.789	2.744	2.703	2.662	2.613	2.568	2.528	2.492	2.450	2.407	2.370	2.340	2.304	2.268	2.239	2.219	2.188	2.166	2.155	2.126	2.093	2.062	2.034	2.007	1.980	1.956	1.933	1.913	1.883	1.833	1.787	1.740	1.692	1.647	1.604	1.565	1.527	1.487	1.451	1.418	1.391	1.364	1.336	1.313	1.297	1.286	1.273	1.264	1.259	1.263	1.270	1.282	1.293	1.307	1.324	1.344	1.363	1.380	1.398	1.419	1.439	1.461	1.485	1.511	1.539	1.566	1.595	1.627	1.662	1.701	1.742	1.785	1.829	1.873	1.916	1.962	2.009	2.058	2.090	2.099	2.119	2.149	2.186	2.224	2.264	2.311	2.363	2.419	2.478	2.536	2.595	2.657	2.721	2.786	2.854	2.922	2.992	3.063	3.135	
5.326	5.299	5.273	5.248	5.226	5.204	5.185	5.167	5.150	5.136	5.123	5.111	5.102	5.094	5.088	5.084	5.082	5.081	5.043	5.007	4.974	4.946	4.922	4.903	4.888	4.878	4.874	4.856	4.837	4.821	4.807	4.796	4.787	4.780	4.762	4.722	4.683	4.649	4.617	4.589	4.567	4.547	4.532	4.519	4.512	4.507	4.505	4.507	4.514	4.521	4.531	4.542	4.558	4.574	4.593	4.610	4.631	4.652	4.679	4.711	4.743	4.775	4.811	4.850	4.885	4.914	4.947	4.981	5.017	5.055	5.097	5.140	5.185	5.205	5.206	5.210	5.215	5.222	5.230	5.241	5.253	5.267	5.282	5.300	5.318	5.339	5.361	5.385	5.410	5.437	5.465	5.495	5.526	5.559	5.593	5.628	5.664	5.702	5.741	5.781	5.755	5.698	5.642	5.586	5.532	5.478	5.425	5.373	5.317	5.260	5.204	5.149	5.095	5.042	4.990	4.938	4.881	4.825	4.770	4.715	4.662	4.610	4.560	4.506	4.449	4.394	4.340	4.287	4.236	4.186	4.134	4.078	4.023	3.970	3.918	3.867	3.819	3.768	3.712	3.658	3.606	3.556	3.508	3.462	3.407	3.354	3.302	3.253	3.206	3.162	3.109	3.057	3.008	2.961	2.918	2.873	2.821	2.773	2.728	2.687	2.645	2.596	2.551	2.511	2.475	2.432	2.389	2.352	2.322	2.285	2.249	2.221	2.200	2.169	2.147	2.136	2.109	2.076	2.046	2.018	1.991	1.963	1.937	1.914	1.894	1.870	1.819	1.773	1.726	1.678	1.634	1.591	1.552	1.514	1.474	1.438	1.405	1.379	1.350	1.323	1.301	1.286	1.275	1.263	1.254	1.252	1.254	1.261	1.272	1.283	1.296	1.314	1.332	1.351	1.369	1.387	1.406	1.426	1.450	1.476	1.503	1.533	1.563	1.592	1.625	1.661	1.699	1.740	1.782	1.825	1.868	1.912	1.957	2.004	2.053	2.083	2.092	2.112	2.142	2.179	2.217	2.258	2.304	2.356	2.412	2.471	2.529	2.588	2.650	2.714	2.780	2.847	2.916	2.985	3.056	3.128	
5.266	5.239	5.213	5.188	5.166	5.144	5.125	5.107	5.090	5.076	5.063	5.051	5.042	5.034	5.028	5.024	5.022	5.021	4.981	4.943	4.909	4.880	4.855	4.834	4.819	4.808	4.803	4.804	4.810	4.820	4.821	4.816	4.806	4.798	4.794	4.764	4.727	4.694	4.663	4.636	4.614	4.595	4.579	4.567	4.560	4.555	4.552	4.553	4.558	4.566	4.576	4.587	4.600	4.617	4.636	4.652	4.671	4.692	4.718	4.749	4.781	4.814	4.848	4.881	4.910	4.940	4.973	5.008	5.044	5.082	5.123	5.165	5.209	5.229	5.231	5.234	5.239	5.246	5.255	5.265	5.277	5.291	5.307	5.324	5.343	5.363	5.385	5.409	5.434	5.461	5.490	5.519	5.550	5.583	5.617	5.652	5.689	5.726	5.765	5.806	5.751	5.694	5.638	5.582	5.528	5.474	5.421	5.369	5.312	5.255	5.200	5.144	5.090	5.037	4.985	4.933	4.876	4.820	4.765	4.710	4.657	4.605	4.555	4.500	4.443	4.388	4.334	4.281	4.230	4.180	4.127	4.071	4.016	3.962	3.910	3.860	3.811	3.758	3.703	3.649	3.597	3.547	3.499	3.452	3.397	3.343	3.292	3.243	3.196	3.151	3.097	3.045	2.996	2.949	2.906	2.860	2.808	2.760	2.715	2.673	2.631	2.582	2.537	2.497	2.461	2.417	2.374	2.337	2.307	2.270	2.234	2.205	2.184	2.153	2.131	2.120	2.094	2.061	2.032	2.003	1.977	1.948	1.922	1.899	1.877	1.858	1.812	1.766	1.717	1.668	1.624	1.583	1.544	1.504	1.464	1.430	1.399	1.373	1.343	1.317	1.297	1.282	1.271	1.258	1.248	1.246	1.248	1.255	1.267	1.277	1.291	1.305	1.322	1.341	1.359	1.378	1.397	1.418	1.443	1.469	1.498	1.530	1.562	1.594	1.626	1.662	1.701	1.741	1.781	1.821	1.865	1.908	1.953	2.001	2.051	2.080	2.089	2.109	2.138	2.176	2.214	2.255	2.301	2.353	2.409	2.468	2.526	2.586	2.647	2.711	2.777	2.844	2.913	2.983	3.053	3.125	
5.208	5.180	5.154	5.130	5.107	5.086	5.066	5.048	5.031	5.017	5.004	4.993	4.983	4.976	4.970	4.965	4.963	4.963	4.921	4.882	4.846	4.815	4.788	4.767	4.750	4.740	4.734	4.735	4.741	4.751	4.764	4.782	4.803	4.817	4.815	4.807	4.774	4.741	4.710	4.685	4.663	4.645	4.630	4.619	4.610	4.604	4.602	4.602	4.606	4.614	4.622	4.633	4.646	4.663	4.681	4.697	4.715	4.736	4.761	4.791	4.823	4.856	4.883	4.907	4.935	4.966	5.000	5.035	5.071	5.110	5.150	5.193	5.236	5.256	5.257	5.260	5.266	5.272	5.281	5.291	5.304	5.317	5.333	5.350	5.369	5.390	5.412	5.436	5.461	5.488	5.516	5.546	5.577	5.609	5.643	5.679	5.715	5.753	5.792	5.808	5.750	5.693	5.637	5.581	5.526	5.473	5.420	5.367	5.309	5.253	5.197	5.142	5.088	5.034	4.982	4.929	4.872	4.816	4.761	4.706	4.653	4.601	4.550	4.495	4.439	4.383	4.329	4.276	4.225	4.175	4.122	4.066	4.011	3.957	3.905	3.855	3.806	3.753	3.697	3.644	3.592	3.541	3.493	3.445	3.390	3.336	3.285	3.236	3.189	3.143	3.089	3.037	2.988	2.941	2.897	2.850	2.799	2.750	2.705	2.664	2.620	2.571	2.526	2.486	2.450	2.406	2.363	2.326	2.295	2.257	2.221	2.193	2.171	2.140	2.118	2.107	2.081	2.049	2.020	1.991	1.964	1.936	1.909	1.885	1.863	1.843	1.811	1.763	1.714	1.665	1.619	1.577	1.540	1.499	1.460	1.425	1.395	1.369	1.338	1.312	1.293	1.277	1.267	1.253	1.247	1.244	1.246	1.252	1.262	1.274	1.285	1.299	1.315	1.332	1.352	1.373	1.393	1.416	1.440	1.467	1.497	1.528	1.563	1.597	1.631	1.667	1.704	1.743	1.782	1.823	1.865	1.909	1.953	2.000	2.049	2.079	2.089	2.109	2.138	2.176	2.213	2.254	2.301	2.353	2.408	2.468	2.526	2.585	2.647	2.711	2.776	2.844	2.912	2.982	3.053	3.125	
5.150	5.123	5.097	5.073	5.050	5.028	5.009	4.991	4.974	4.960	4.947	4.935	4.926	4.918	4.912	4.908	4.906	4.905	4.863	4.822	4.785	4.752	4.724	4.702	4.684	4.673	4.667	4.667	4.670	4.678	4.691	4.710	4.734	4.764	4.798	4.833	4.824	4.791	4.761	4.736	4.715	4.696	4.683	4.672	4.664	4.656	4.654	4.654	4.656	4.664	4.672	4.684	4.694	4.710	4.727	4.744	4.762	4.783	4.808	4.836	4.868	4.895	4.914	4.937	4.964	4.995	5.028	5.063	5.099	5.138	5.179	5.221	5.263	5.282	5.284	5.287	5.292	5.299	5.308	5.318	5.330	5.344	5.360	5.377	5.396	5.416	5.438	5.462	5.487	5.514	5.543	5.572	5.603	5.636	5.670	5.705	5.742	5.779	5.818	5.810	5.752	5.695	5.639	5.583	5.529	5.475	5.422	5.367	5.310	5.253	5.197	5.142	5.088	5.035	4.983	4.928	4.871	4.814	4.759	4.705	4.652	4.600	4.549	4.492	4.436	4.380	4.326	4.274	4.222	4.172	4.118	4.062	4.007	3.953	3.901	3.851	3.802	3.748	3.693	3.639	3.587	3.537	3.488	3.440	3.385	3.331	3.280	3.231	3.184	3.138	3.084	3.032	2.982	2.936	2.892	2.844	2.792	2.744	2.699	2.658	2.613	2.564	2.519	2.479	2.443	2.398	2.355	2.318	2.287	2.248	2.212	2.184	2.162	2.131	2.109	2.097	2.073	2.042	2.012	1.984	1.956	1.928	1.901	1.877	1.854	1.833	1.811	1.763	1.714	1.666	1.618	1.576	1.539	1.496	1.458	1.423	1.393	1.366	1.336	1.311	1.290	1.273	1.263	1.249	1.244	1.243	1.244	1.249	1.257	1.269	1.280	1.294	1.309	1.327	1.347	1.369	1.392	1.416	1.441	1.468	1.498	1.530	1.565	1.601	1.637	1.674	1.710	1.746	1.784	1.825	1.868	1.911	1.956	2.001	2.050	2.080	2.090	2.110	2.139	2.177	2.214	2.255	2.302	2.354	2.409	2.469	2.527	2.586	2.648	2.712	2.778	2.845	2.914	2.984	3.054	3.126	
5.096	5.068	5.042	5.018	4.995	4.973	4.954	4.936	4.919	4.905	4.892	4.881	4.871	4.863	4.857	4.853	4.851	4.850	4.805	4.763	4.724	4.689	4.660	4.636	4.618	4.606	4.600	4.596	4.597	4.605	4.619	4.640	4.666	4.697	4.733	4.774	4.819	4.841	4.815	4.791	4.769	4.751	4.738	4.727	4.718	4.712	4.710	4.708	4.710	4.716	4.725	4.736	4.745	4.760	4.778	4.793	4.811	4.833	4.857	4.885	4.912	4.929	4.949	4.971	4.998	5.028	5.060	5.094	5.130	5.167	5.207	5.247	5.289	5.308	5.309	5.313	5.318	5.325	5.333	5.344	5.356	5.370	5.385	5.403	5.422	5.442	5.464	5.488	5.513	5.540	5.568	5.598	5.629	5.662	5.696	5.731	5.767	5.805	5.844	5.816	5.758	5.701	5.645	5.589	5.535	5.481	5.428	5.372	5.314	5.257	5.201	5.146	5.092	5.039	4.987	4.930	4.873	4.816	4.761	4.707	4.654	4.602	4.550	4.492	4.436	4.381	4.327	4.274	4.222	4.172	4.116	4.060	4.005	3.952	3.900	3.849	3.801	3.745	3.690	3.636	3.584	3.534	3.486	3.436	3.381	3.328	3.276	3.227	3.180	3.133	3.079	3.027	2.978	2.931	2.887	2.839	2.788	2.739	2.694	2.653	2.608	2.559	2.514	2.474	2.438	2.392	2.350	2.313	2.282	2.243	2.207	2.178	2.156	2.125	2.103	2.092	2.068	2.036	2.006	1.978	1.950	1.922	1.895	1.870	1.846	1.824	1.804	1.769	1.718	1.670	1.623	1.581	1.540	1.500	1.459	1.423	1.394	1.366	1.337	1.313	1.293	1.278	1.267	1.253	1.246	1.242	1.243	1.248	1.257	1.268	1.279	1.292	1.307	1.325	1.345	1.368	1.393	1.419	1.444	1.472	1.503	1.534	1.568	1.604	1.641	1.678	1.715	1.752	1.790	1.830	1.872	1.916	1.960	2.007	2.055	2.083	2.093	2.113	2.142	2.179	2.217	2.258	2.305	2.357	2.412	2.472	2.530	2.589	2.651	2.715	2.781	2.848	2.917	2.986	3.057	3.129	
5.042	5.015	4.989	4.965	4.942	4.920	4.901	4.883	4.866	4.852	4.839	4.827	4.818	4.810	4.804	4.800	4.798	4.797	4.750	4.705	4.663	4.627	4.596	4.571	4.551	4.537	4.529	4.524	4.525	4.534	4.549	4.571	4.599	4.632	4.670	4.713	4.760	4.811	4.855	4.847	4.826	4.809	4.795	4.784	4.775	4.770	4.767	4.765	4.767	4.772	4.781	4.791	4.800	4.814	4.831	4.846	4.863	4.884	4.909	4.934	4.951	4.968	4.987	5.009	5.035	5.064	5.095	5.128	5.162	5.198	5.236	5.274	5.315	5.334	5.336	5.339	5.344	5.351	5.360	5.370	5.382	5.396	5.412	5.429	5.448	5.468	5.491	5.514	5.540	5.566	5.595	5.624	5.656	5.688	5.722	5.757	5.794	5.832	5.871	5.824	5.767	5.710	5.653	5.598	5.543	5.489	5.436	5.379	5.321	5.265	5.209	5.154	5.099	5.046	4.994	4.936	4.879	4.822	4.767	4.713	4.660	4.608	4.554	4.496	4.440	4.385	4.331	4.278	4.226	4.176	4.118	4.062	4.007	3.954	3.902	3.852	3.803	3.746	3.690	3.637	3.585	3.534	3.486	3.435	3.380	3.327	3.275	3.226	3.179	3.131	3.077	3.025	2.976	2.929	2.885	2.836	2.785	2.736	2.691	2.650	2.605	2.556	2.510	2.470	2.435	2.388	2.345	2.308	2.278	2.238	2.202	2.174	2.151	2.120	2.099	2.087	2.064	2.033	2.004	1.976	1.948	1.919	1.892	1.866	1.841	1.819	1.798	1.776	1.726	1.676	1.630	1.588	1.549	1.507	1.466	1.431	1.401	1.372	1.343	1.319	1.300	1.285	1.273	1.259	1.250	1.245	1.246	1.252	1.260	1.272	1.283	1.294	1.310	1.328	1.347	1.370	1.396	1.423	1.451	1.479	1.509	1.540	1.574	1.608	1.644	1.681	1.719	1.757	1.797	1.838	1.879	1.924	1.967	2.014	2.062	2.086	2.096	2.115	2.145	2.182	2.220	2.261	2.308	2.359	2.415	2.474	2.533	2.592	2.654	2.718	2.784	2.851	2.920	2.989	3.060	3.132	
4.992	4.964	4.938	4.914	4.891	4.870	4.850	4.832	4.816	4.801	4.788	4.777	4.767	4.760	4.754	4.750	4.747	4.747	4.697	4.649	4.606	4.568	4.535	4.507	4.485	4.469	4.459	4.453	4.455	4.464	4.481	4.504	4.534	4.569	4.610	4.655	4.704	4.754	4.806	4.861	4.884	4.869	4.854	4.843	4.833	4.829	4.827	4.824	4.825	4.830	4.839	4.848	4.857	4.870	4.886	4.897	4.910	4.924	4.941	4.962	4.986	5.007	5.027	5.048	5.074	5.101	5.131	5.163	5.196	5.231	5.267	5.305	5.345	5.364	5.365	5.369	5.374	5.381	5.389	5.400	5.412	5.426	5.441	5.458	5.477	5.498	5.520	5.544	5.569	5.596	5.624	5.654	5.685	5.718	5.751	5.787	5.823	5.861	5.892	5.833	5.776	5.719	5.662	5.607	5.552	5.498	5.445	5.388	5.330	5.273	5.217	5.162	5.108	5.055	5.002	4.944	4.887	4.831	4.775	4.721	4.668	4.616	4.561	4.504	4.447	4.392	4.338	4.285	4.234	4.182	4.124	4.068	4.013	3.960	3.908	3.857	3.807	3.750	3.695	3.641	3.589	3.539	3.490	3.438	3.383	3.329	3.278	3.229	3.182	3.133	3.078	3.026	2.977	2.930	2.887	2.836	2.784	2.736	2.691	2.650	2.604	2.555	2.510	2.469	2.434	2.386	2.344	2.307	2.276	2.236	2.200	2.172	2.148	2.118	2.096	2.084	2.065	2.034	2.005	1.977	1.948	1.919	1.892	1.865	1.839	1.815	1.794	1.777	1.736	1.687	1.642	1.599	1.560	1.517	1.477	1.442	1.413	1.383	1.354	1.328	1.309	1.294	1.282	1.268	1.257	1.254	1.255	1.259	1.268	1.280	1.290	1.303	1.317	1.334	1.354	1.377	1.403	1.430	1.459	1.488	1.517	1.548	1.580	1.613	1.649	1.687	1.725	1.765	1.805	1.846	1.888	1.932	1.977	2.023	2.070	2.090	2.099	2.119	2.148	2.186	2.224	2.264	2.311	2.363	2.419	2.478	2.537	2.596	2.657	2.721	2.787	2.854	2.923	2.993	3.064	3.135	
4.945	4.917	4.891	4.867	4.844	4.823	4.803	4.785	4.769	4.754	4.741	4.730	4.720	4.713	4.707	4.703	4.700	4.700	4.648	4.598	4.552	4.511	4.476	4.445	4.420	4.403	4.391	4.385	4.387	4.397	4.415	4.440	4.472	4.510	4.553	4.598	4.645	4.697	4.751	4.809	4.869	4.914	4.911	4.902	4.895	4.890	4.888	4.886	4.886	4.890	4.895	4.897	4.901	4.909	4.917	4.927	4.938	4.953	4.970	4.989	5.013	5.039	5.065	5.088	5.113	5.141	5.169	5.199	5.231	5.265	5.300	5.338	5.378	5.396	5.398	5.401	5.406	5.413	5.422	5.432	5.444	5.458	5.473	5.491	5.510	5.530	5.552	5.576	5.601	5.628	5.656	5.686	5.717	5.750	5.784	5.819	5.856	5.893	5.903	5.845	5.787	5.730	5.674	5.618	5.564	5.510	5.456	5.398	5.340	5.283	5.227	5.172	5.118	5.065	5.011	4.953	4.896	4.840	4.784	4.730	4.677	4.625	4.570	4.512	4.456	4.401	4.347	4.294	4.242	4.190	4.133	4.077	4.022	3.968	3.916	3.866	3.814	3.758	3.702	3.649	3.596	3.546	3.498	3.444	3.389	3.336	3.284	3.235	3.188	3.138	3.083	3.031	2.982	2.935	2.892	2.840	2.788	2.740	2.695	2.654	2.606	2.557	2.512	2.472	2.435	2.388	2.345	2.308	2.278	2.237	2.201	2.172	2.149	2.118	2.096	2.084	2.067	2.037	2.008	1.979	1.950	1.922	1.895	1.867	1.839	1.815	1.792	1.774	1.750	1.701	1.656	1.614	1.574	1.531	1.492	1.457	1.427	1.398	1.368	1.343	1.322	1.307	1.294	1.281	1.271	1.267	1.268	1.271	1.278	1.290	1.301	1.315	1.330	1.345	1.364	1.387	1.413	1.441	1.468	1.496	1.526	1.556	1.587	1.621	1.656	1.695	1.735	1.775	1.815	1.855	1.898	1.941	1.985	2.030	2.077	2.095	2.105	2.125	2.154	2.192	2.230	2.270	2.317	2.369	2.425	2.484	2.543	2.602	2.664	2.728	2.793	2.861	2.929	2.999	3.070	3.142	
4.902	4.874	4.848	4.824	4.801	4.780	4.760	4.742	4.726	4.711	4.698	4.687	4.677	4.670	4.664	4.660	4.657	4.657	4.602	4.550	4.502	4.458	4.419	4.385	4.358	4.338	4.325	4.319	4.321	4.332	4.351	4.379	4.413	4.451	4.492	4.538	4.588	4.642	4.700	4.760	4.823	4.887	4.943	4.945	4.940	4.936	4.934	4.933	4.933	4.932	4.930	4.932	4.937	4.943	4.951	4.960	4.971	4.985	5.000	5.019	5.043	5.069	5.097	5.124	5.153	5.180	5.208	5.236	5.268	5.301	5.336	5.374	5.412	5.430	5.432	5.435	5.440	5.447	5.455	5.466	5.478	5.492	5.507	5.525	5.544	5.564	5.586	5.610	5.635	5.662	5.690	5.720	5.751	5.784	5.818	5.853	5.889	5.927	5.905	5.852	5.800	5.743	5.687	5.631	5.577	5.523	5.468	5.410	5.352	5.295	5.239	5.184	5.130	5.077	5.022	4.964	4.907	4.851	4.796	4.741	4.688	4.636	4.580	4.522	4.466	4.411	4.356	4.304	4.252	4.199	4.142	4.085	4.031	3.977	3.925	3.875	3.823	3.766	3.711	3.657	3.605	3.555	3.507	3.453	3.398	3.344	3.293	3.244	3.197	3.146	3.091	3.039	2.990	2.943	2.900	2.847	2.795	2.747	2.702	2.661	2.612	2.563	2.518	2.478	2.441	2.393	2.351	2.314	2.283	2.242	2.206	2.177	2.153	2.122	2.100	2.089	2.072	2.042	2.013	1.984	1.955	1.928	1.899	1.870	1.842	1.816	1.795	1.777	1.763	1.720	1.676	1.634	1.592	1.550	1.511	1.477	1.446	1.416	1.386	1.363	1.342	1.326	1.314	1.299	1.289	1.286	1.287	1.290	1.296	1.308	1.318	1.332	1.346	1.362	1.381	1.402	1.428	1.454	1.481	1.509	1.536	1.567	1.598	1.633	1.669	1.707	1.747	1.788	1.827	1.868	1.909	1.952	1.996	2.040	2.085	2.104	2.113	2.133	2.163	2.200	2.238	2.279	2.326	2.377	2.433	2.492	2.551	2.611	2.672	2.736	2.802	2.869	2.938	3.008	3.079	3.150	
4.862	4.834	4.808	4.784	4.761	4.740	4.720	4.702	4.686	4.671	4.658	4.647	4.637	4.630	4.624	4.620	4.617	4.617	4.561	4.507	4.456	4.408	4.365	4.328	4.298	4.274	4.259	4.253	4.256	4.269	4.289	4.316	4.351	4.389	4.432	4.481	4.535	4.592	4.652	4.715	4.779	4.846	4.912	4.974	4.980	4.976	4.975	4.974	4.973	4.970	4.967	4.968	4.974	4.979	4.986	4.994	5.006	5.020	5.035	5.053	5.076	5.102	5.130	5.157	5.185	5.215	5.245	5.275	5.306	5.339	5.374	5.411	5.449	5.466	5.468	5.471	5.476	5.483	5.492	5.502	5.514	5.528	5.544	5.561	5.580	5.600	5.622	5.646	5.671	5.698	5.727	5.756	5.788	5.820	5.854	5.889	5.926	5.899	5.846	5.793	5.741	5.690	5.640	5.592	5.544	5.492	5.439	5.387	5.336	5.286	5.238	5.190	5.138	5.085	5.033	4.977	4.920	4.864	4.808	4.754	4.701	4.649	4.592	4.534	4.478	4.423	4.369	4.316	4.264	4.210	4.153	4.097	4.042	3.988	3.936	3.886	3.833	3.776	3.721	3.667	3.615	3.565	3.517	3.462	3.407	3.353	3.302	3.253	3.206	3.154	3.100	3.048	2.999	2.952	2.908	2.856	2.804	2.756	2.711	2.669	2.621	2.572	2.527	2.486	2.449	2.402	2.359	2.322	2.291	2.249	2.213	2.185	2.160	2.129	2.108	2.096	2.079	2.050	2.021	1.991	1.963	1.935	1.905	1.877	1.847	1.821	1.800	1.781	1.766	1.745	1.700	1.657	1.616	1.573	1.534	1.500	1.473	1.440	1.412	1.389	1.369	1.352	1.340	1.323	1.314	1.312	1.310	1.314	1.321	1.330	1.341	1.352	1.366	1.385	1.403	1.422	1.446	1.473	1.498	1.525	1.552	1.582	1.614	1.648	1.684	1.722	1.762	1.804	1.843	1.882	1.922	1.964	2.007	2.051	2.095	2.114	2.123	2.143	2.172	2.210	2.248	2.289	2.336	2.387	2.443	2.502	2.561	2.621	2.682	2.746	2.812	2.879	2.948	3.018	3.089	3.160	
4.823	4.796	4.770	4.745	4.723	4.701	4.682	4.664	4.647	4.633	4.620	4.608	4.599	4.591	4.585	4.581	4.579	4.578	4.521	4.464	4.411	4.361	4.315	4.274	4.240	4.213	4.196	4.188	4.190	4.202	4.223	4.253	4.289	4.330	4.377	4.429	4.485	4.545	4.608	4.671	4.736	4.802	4.870	4.940	4.992	4.986	4.982	4.982	4.987	4.994	4.998	5.005	5.013	5.019	5.024	5.032	5.044	5.057	5.073	5.091	5.113	5.137	5.164	5.192	5.220	5.249	5.280	5.312	5.345	5.378	5.413	5.449	5.487	5.504	5.505	5.509	5.514	5.521	5.529	5.540	5.552	5.566	5.581	5.599	5.618	5.638	5.660	5.684	5.709	5.736	5.764	5.794	5.825	5.858	5.892	5.927	5.888	5.839	5.786	5.733	5.682	5.631	5.581	5.532	5.484	5.432	5.379	5.327	5.276	5.226	5.177	5.129	5.079	5.026	4.974	4.923	4.873	4.825	4.777	4.729	4.676	4.624	4.573	4.524	4.476	4.429	4.378	4.325	4.274	4.223	4.166	4.110	4.055	4.001	3.949	3.899	3.846	3.789	3.733	3.680	3.628	3.577	3.529	3.474	3.418	3.365	3.313	3.264	3.217	3.165	3.111	3.059	3.009	2.963	2.919	2.865	2.814	2.765	2.720	2.679	2.630	2.581	2.536	2.495	2.458	2.410	2.368	2.331	2.300	2.258	2.222	2.194	2.169	2.138	2.116	2.105	2.088	2.058	2.030	2.000	1.972	1.943	1.913	1.885	1.854	1.829	1.808	1.789	1.773	1.761	1.727	1.686	1.643	1.600	1.562	1.529	1.500	1.468	1.442	1.419	1.398	1.383	1.368	1.355	1.344	1.340	1.340	1.343	1.350	1.358	1.368	1.378	1.392	1.410	1.428	1.447	1.469	1.494	1.519	1.545	1.571	1.599	1.632	1.667	1.703	1.742	1.782	1.823	1.861	1.898	1.937	1.977	2.021	2.065	2.109	2.127	2.137	2.157	2.186	2.224	2.262	2.303	2.349	2.401	2.457	2.516	2.576	2.635	2.697	2.760	2.826	2.894	2.962	3.032	3.103	3.174	
4.790	4.762	4.736	4.712	4.689	4.668	4.648	4.630	4.614	4.599	4.586	4.575	4.565	4.558	4.552	4.548	4.545	4.545	4.484	4.424	4.368	4.315	4.268	4.224	4.186	4.156	4.136	4.125	4.125	4.137	4.160	4.192	4.229	4.274	4.325	4.380	4.439	4.499	4.561	4.627	4.694	4.763	4.833	4.905	4.946	4.937	4.933	4.933	4.937	4.944	4.956	4.973	4.995	5.020	5.047	5.072	5.084	5.097	5.112	5.131	5.151	5.175	5.201	5.228	5.256	5.284	5.315	5.347	5.382	5.417	5.452	5.489	5.526	5.543	5.544	5.547	5.553	5.559	5.568	5.578	5.591	5.604	5.620	5.637	5.656	5.677	5.699	5.723	5.748	5.775	5.803	5.833	5.864	5.896	5.930	5.880	5.831	5.781	5.728	5.675	5.623	5.572	5.523	5.474	5.426	5.373	5.320	5.268	5.217	5.167	5.118	5.070	5.019	4.966	4.914	4.863	4.813	4.765	4.717	4.668	4.615	4.563	4.512	4.463	4.415	4.368	4.320	4.267	4.215	4.165	4.117	4.070	4.024	3.975	3.923	3.872	3.824	3.777	3.732	3.684	3.632	3.582	3.534	3.487	3.432	3.378	3.327	3.278	3.231	3.178	3.123	3.071	3.022	2.975	2.932	2.877	2.826	2.778	2.732	2.691	2.642	2.593	2.548	2.507	2.469	2.421	2.379	2.342	2.311	2.268	2.232	2.204	2.179	2.148	2.126	2.115	2.098	2.067	2.039	2.009	1.981	1.953	1.924	1.895	1.865	1.839	1.818	1.797	1.781	1.769	1.755	1.719	1.674	1.632	1.596	1.565	1.533	1.502	1.477	1.453	1.432	1.417	1.402	1.389	1.378	1.373	1.372	1.376	1.382	1.390	1.400	1.411	1.422	1.439	1.456	1.476	1.496	1.517	1.541	1.567	1.594	1.623	1.655	1.690	1.727	1.765	1.806	1.845	1.880	1.916	1.953	1.994	2.037	2.081	2.125	2.145	2.154	2.174	2.204	2.241	2.279	2.320	2.367	2.419	2.474	2.534	2.593	2.652	2.714	2.778	2.844	2.911	2.980	3.050	3.120	3.192	
4.761	4.733	4.707	4.683	4.660	4.639	4.619	4.601	4.585	4.570	4.557	4.546	4.536	4.529	4.523	4.519	4.516	4.516	4.452	4.389	4.329	4.274	4.224	4.178	4.137	4.103	4.078	4.064	4.064	4.076	4.098	4.130	4.172	4.221	4.275	4.331	4.390	4.453	4.519	4.587	4.656	4.727	4.800	4.873	4.899	4.890	4.885	4.885	4.888	4.896	4.909	4.926	4.948	4.975	5.005	5.040	5.078	5.119	5.154	5.173	5.192	5.215	5.240	5.266	5.294	5.322	5.353	5.384	5.418	5.455	5.492	5.529	5.566	5.582	5.584	5.587	5.592	5.599	5.608	5.618	5.630	5.644	5.660	5.677	5.696	5.716	5.739	5.762	5.788	5.814	5.843	5.872	5.904	5.925	5.874	5.825	5.776	5.725	5.671	5.619	5.567	5.516	5.466	5.417	5.369	5.315	5.262	5.210	5.159	5.109	5.060	5.013	4.961	4.908	4.856	4.805	4.755	4.706	4.659	4.609	4.556	4.504	4.453	4.404	4.356	4.309	4.260	4.207	4.156	4.106	4.057	4.010	3.965	3.914	3.862	3.812	3.763	3.716	3.671	3.625	3.573	3.523	3.475	3.429	3.385	3.341	3.290	3.241	3.194	3.150	3.108	3.063	3.013	2.966	2.923	2.883	2.840	2.791	2.746	2.705	2.655	2.606	2.561	2.520	2.482	2.434	2.391	2.354	2.323	2.281	2.245	2.216	2.191	2.160	2.139	2.127	2.110	2.079	2.051	2.021	1.992	1.965	1.937	1.907	1.877	1.852	1.830	1.809	1.793	1.781	1.766	1.753	1.711	1.670	1.635	1.605	1.572	1.542	1.514	1.491	1.472	1.457	1.442	1.429	1.418	1.410	1.408	1.412	1.417	1.425	1.436	1.446	1.456	1.470	1.487	1.507	1.526	1.544	1.568	1.592	1.621	1.651	1.682	1.716	1.753	1.791	1.831	1.869	1.901	1.936	1.973	2.013	2.056	2.099	2.143	2.163	2.173	2.193	2.222	2.260	2.298	2.339	2.386	2.437	2.493	2.552	2.612	2.671	2.733	2.797	2.863	2.930	2.998	3.068	3.139	3.211	
4.737	4.710	4.684	4.659	4.636	4.615	4.595	4.577	4.561	4.546	4.533	4.522	4.513	4.505	4.499	4.495	4.493	4.492	4.426	4.361	4.298	4.240	4.184	4.134	4.089	4.052	4.024	4.008	4.004	4.014	4.037	4.073	4.118	4.169	4.225	4.283	4.347	4.413	4.481	4.552	4.624	4.697	4.771	4.846	4.854	4.844	4.839	4.840	4.843	4.851	4.865	4.883	4.905	4.933	4.964	5.000	5.039	5.081	5.127	5.175	5.223	5.256	5.280	5.306	5.333	5.363	5.393	5.425	5.458	5.494	5.531	5.570	5.606	5.623	5.625	5.628	5.633	5.640	5.649	5.659	5.671	5.685	5.701	5.718	5.737	5.757	5.780	5.803	5.829	5.855	5.884	5.913	5.923	5.872	5.821	5.771	5.723	5.670	5.617	5.564	5.512	5.462	5.412	5.363	5.313	5.260	5.207	5.155	5.104	5.054	5.005	4.957	4.904	4.851	4.799	4.748	4.698	4.650	4.602	4.551	4.498	4.446	4.396	4.346	4.298	4.251	4.201	4.149	4.097	4.047	3.999	3.952	3.906	3.855	3.803	3.753	3.704	3.657	3.612	3.566	3.514	3.463	3.415	3.369	3.325	3.281	3.229	3.180	3.133	3.089	3.048	3.002	2.953	2.906	2.862	2.822	2.782	2.733	2.688	2.647	2.610	2.571	2.525	2.485	2.449	2.418	2.375	2.338	2.307	2.278	2.242	2.214	2.194	2.168	2.146	2.134	2.103	2.073	2.046	2.021	1.998	1.972	1.947	1.921	1.892	1.867	1.845	1.826	1.809	1.797	1.782	1.771	1.750	1.711	1.677	1.645	1.614	1.582	1.554	1.533	1.514	1.500	1.483	1.471	1.460	1.452	1.450	1.451	1.457	1.465	1.474	1.483	1.493	1.505	1.523	1.540	1.559	1.577	1.599	1.622	1.649	1.682	1.713	1.746	1.782	1.821	1.861	1.893	1.925	1.959	1.996	2.035	2.078	2.121	2.165	2.185	2.194	2.214	2.243	2.281	2.319	2.360	2.407	2.458	2.514	2.573	2.633	2.693	2.754	2.818	2.884	2.951	3.020	3.090	3.161	3.232	
4.719	4.692	4.666	4.641	4.619	4.597	4.578	4.560	4.543	4.529	4.516	4.504	4.495	4.487	4.481	4.477	4.475	4.474	4.407	4.340	4.274	4.211	4.151	4.095	4.044	4.002	3.971	3.952	3.946	3.955	3.979	4.017	4.065	4.121	4.179	4.242	4.309	4.378	4.449	4.522	4.596	4.670	4.746	4.814	4.812	4.802	4.797	4.798	4.802	4.811	4.824	4.843	4.866	4.894	4.927	4.963	5.003	5.047	5.093	5.142	5.194	5.247	5.302	5.347	5.375	5.405	5.435	5.467	5.501	5.536	5.572	5.611	5.649	5.665	5.667	5.670	5.675	5.682	5.691	5.701	5.713	5.727	5.743	5.760	5.779	5.800	5.822	5.845	5.871	5.898	5.926	5.924	5.872	5.821	5.770	5.720	5.672	5.618	5.564	5.512	5.460	5.409	5.359	5.311	5.260	5.206	5.153	5.101	5.050	5.000	4.951	4.904	4.850	4.797	4.745	4.694	4.644	4.595	4.548	4.496	4.443	4.391	4.340	4.291	4.242	4.196	4.145	4.092	4.040	3.990	3.942	3.895	3.849	3.797	3.745	3.695	3.646	3.599	3.554	3.507	3.455	3.405	3.357	3.311	3.267	3.222	3.171	3.121	3.075	3.030	2.989	2.943	2.893	2.847	2.803	2.763	2.722	2.674	2.629	2.587	2.550	2.510	2.465	2.424	2.389	2.357	2.314	2.277	2.247	2.219	2.183	2.154	2.134	2.109	2.087	2.074	2.038	2.006	1.979	1.955	1.932	1.908	1.890	1.876	1.867	1.858	1.851	1.843	1.827	1.814	1.800	1.788	1.777	1.753	1.721	1.690	1.657	1.626	1.600	1.578	1.559	1.544	1.528	1.515	1.505	1.499	1.495	1.495	1.499	1.506	1.515	1.525	1.535	1.547	1.563	1.579	1.598	1.615	1.635	1.657	1.684	1.716	1.748	1.780	1.815	1.855	1.889	1.918	1.950	1.985	2.021	2.059	2.101	2.144	2.188	2.208	2.217	2.237	2.267	2.304	2.342	2.383	2.430	2.482	2.538	2.597	2.657	2.716	2.778	2.842	2.907	2.975	3.043	3.113	3.184	3.256	
4.705	4.678	4.652	4.627	4.604	4.583	4.563	4.545	4.529	4.514	4.501	4.490	4.481	4.473	4.467	4.463	4.461	4.460	4.390	4.320	4.252	4.187	4.124	4.062	4.005	3.956	3.917	3.894	3.888	3.896	3.922	3.965	4.018	4.076	4.139	4.205	4.275	4.347	4.420	4.495	4.569	4.644	4.719	4.782	4.774	4.764	4.759	4.760	4.764	4.773	4.787	4.807	4.831	4.860	4.893	4.931	4.971	5.015	5.062	5.111	5.163	5.217	5.274	5.332	5.392	5.448	5.479	5.511	5.544	5.579	5.615	5.653	5.693	5.709	5.711	5.714	5.719	5.726	5.735	5.745	5.757	5.771	5.787	5.804	5.823	5.844	5.866	5.889	5.915	5.942	5.930	5.877	5.825	5.773	5.723	5.673	5.622	5.568	5.515	5.462	5.411	5.360	5.310	5.261	5.209	5.155	5.102	5.050	4.999	4.949	4.900	4.851	4.797	4.744	4.692	4.641	4.591	4.543	4.495	4.442	4.389	4.337	4.286	4.237	4.189	4.142	4.090	4.037	3.986	3.936	3.887	3.840	3.795	3.742	3.690	3.639	3.591	3.544	3.499	3.451	3.399	3.348	3.300	3.254	3.210	3.165	3.113	3.064	3.017	2.973	2.931	2.885	2.835	2.789	2.745	2.705	2.663	2.615	2.570	2.529	2.492	2.451	2.406	2.366	2.330	2.298	2.255	2.218	2.187	2.159	2.123	2.095	2.075	2.049	2.028	2.011	1.975	1.942	1.913	1.888	1.865	1.841	1.821	1.807	1.797	1.788	1.780	1.778	1.781	1.789	1.800	1.807	1.797	1.788	1.767	1.734	1.703	1.672	1.647	1.626	1.608	1.592	1.577	1.563	1.553	1.547	1.543	1.542	1.545	1.552	1.560	1.571	1.581	1.591	1.605	1.622	1.641	1.657	1.675	1.697	1.723	1.754	1.786	1.819	1.853	1.884	1.913	1.944	1.977	2.012	2.048	2.086	2.127	2.169	2.213	2.232	2.242	2.262	2.291	2.328	2.367	2.408	2.455	2.506	2.562	2.621	2.681	2.741	2.802	2.866	2.932	2.999	3.068	3.138	3.209	3.280	
4.689	4.661	4.635	4.611	4.588	4.567	4.547	4.529	4.513	4.498	4.485	4.474	4.464	4.457	4.451	4.447	4.444	4.444	4.373	4.302	4.232	4.165	4.100	4.036	3.973	3.917	3.872	3.844	3.834	3.844	3.876	3.921	3.975	4.037	4.104	4.174	4.247	4.321	4.394	4.469	4.545	4.621	4.698	4.753	4.738	4.728	4.724	4.724	4.727	4.737	4.752	4.772	4.798	4.828	4.862	4.900	4.941	4.985	5.033	5.083	5.136	5.191	5.248	5.308	5.369	5.431	5.495	5.551	5.589	5.623	5.660	5.697	5.737	5.754	5.756	5.759	5.764	5.771	5.780	5.790	5.802	5.816	5.831	5.849	5.868	5.888	5.910	5.934	5.959	5.940	5.886	5.833	5.781	5.730	5.679	5.629	5.577	5.522	5.469	5.416	5.365	5.314	5.264	5.215	5.161	5.107	5.054	5.002	4.951	4.901	4.852	4.801	4.747	4.694	4.642	4.591	4.541	4.493	4.445	4.391	4.338	4.286	4.235	4.185	4.137	4.091	4.037	3.985	3.933	3.883	3.835	3.788	3.742	3.688	3.636	3.586	3.537	3.490	3.445	3.396	3.344	3.294	3.246	3.199	3.155	3.109	3.058	3.009	2.962	2.917	2.876	2.829	2.779	2.732	2.689	2.648	2.607	2.558	2.513	2.472	2.435	2.394	2.349	2.308	2.273	2.240	2.197	2.160	2.129	2.101	2.065	2.036	2.016	1.991	1.969	1.948	1.914	1.879	1.848	1.822	1.801	1.775	1.754	1.739	1.729	1.720	1.712	1.709	1.712	1.720	1.731	1.745	1.758	1.776	1.798	1.783	1.750	1.721	1.696	1.676	1.658	1.644	1.627	1.614	1.605	1.597	1.592	1.592	1.594	1.600	1.608	1.617	1.627	1.638	1.651	1.668	1.685	1.702	1.720	1.741	1.766	1.796	1.828	1.861	1.887	1.910	1.939	1.970	2.003	2.038	2.075	2.114	2.155	2.197	2.240	2.259	2.268	2.288	2.317	2.355	2.393	2.434	2.481	2.533	2.589	2.648	2.708	2.767	2.829	2.893	2.959	3.026	3.095	3.164	3.235	3.307	
4.659	4.631	4.605	4.581	4.558	4.537	4.517	4.499	4.483	4.468	4.455	4.444	4.434	4.427	4.421	4.417	4.414	4.414	4.355	4.285	4.214	4.145	4.076	4.009	3.944	3.886	3.839	3.801	3.783	3.797	3.836	3.883	3.943	4.009	4.079	4.150	4.223	4.297	4.372	4.449	4.526	4.603	4.682	4.721	4.705	4.695	4.691	4.691	4.695	4.705	4.720	4.741	4.767	4.798	4.833	4.873	4.914	4.959	5.008	5.059	5.113	5.169	5.227	5.287	5.348	5.412	5.476	5.542	5.609	5.667	5.706	5.744	5.782	5.799	5.801	5.804	5.809	5.816	5.825	5.835	5.847	5.861	5.877	5.894	5.913	5.933	5.955	5.979	5.954	5.900	5.846	5.793	5.741	5.690	5.639	5.589	5.535	5.481	5.427	5.375	5.323	5.272	5.222	5.171	5.116	5.063	5.010	4.958	4.907	4.857	4.808	4.755	4.701	4.648	4.596	4.545	4.495	4.446	4.397	4.342	4.289	4.237	4.187	4.137	4.089	4.042	3.987	3.935	3.883	3.833	3.784	3.737	3.690	3.637	3.585	3.534	3.486	3.439	3.394	3.344	3.292	3.241	3.193	3.147	3.103	3.056	3.005	2.955	2.908	2.864	2.823	2.775	2.725	2.678	2.635	2.594	2.552	2.503	2.458	2.417	2.380	2.338	2.293	2.253	2.217	2.184	2.141	2.104	2.074	2.044	2.008	1.980	1.960	1.934	1.912	1.887	1.854	1.818	1.786	1.759	1.736	1.711	1.689	1.673	1.662	1.654	1.645	1.642	1.643	1.648	1.658	1.671	1.685	1.704	1.729	1.759	1.793	1.772	1.749	1.727	1.710	1.696	1.680	1.668	1.659	1.650	1.645	1.645	1.645	1.650	1.658	1.667	1.677	1.689	1.700	1.715	1.733	1.749	1.767	1.789	1.813	1.842	1.873	1.899	1.918	1.941	1.969	1.999	2.032	2.067	2.103	2.142	2.184	2.225	2.267	2.285	2.295	2.315	2.344	2.382	2.420	2.461	2.508	2.559	2.615	2.674	2.735	2.794	2.856	2.920	2.985	3.053	3.121	3.191	3.262	3.334	
4.622	4.595	4.569	4.544	4.521	4.500	4.480	4.462	4.446	4.431	4.418	4.407	4.398	4.390	4.384	4.380	4.378	4.377	4.320	4.265	4.198	4.126	4.056	3.989	3.923	3.861	3.810	3.769	3.751	3.765	3.802	3.856	3.920	3.986	4.055	4.128	4.203	4.279	4.356	4.433	4.512	4.590	4.669	4.694	4.677	4.667	4.662	4.662	4.667	4.677	4.693	4.714	4.741	4.773	4.809	4.849	4.892	4.938	4.987	5.039	5.093	5.150	5.209	5.269	5.332	5.395	5.460	5.527	5.594	5.663	5.732	5.790	5.828	5.845	5.847	5.850	5.855	5.862	5.871	5.881	5.893	5.907	5.923	5.940	5.959	5.979	6.001	5.970	5.916	5.861	5.808	5.755	5.702	5.651	5.600	5.550	5.495	5.441	5.388	5.335	5.283	5.233	5.183	5.131	5.076	5.022	4.969	4.918	4.867	4.817	4.768	4.713	4.659	4.606	4.554	4.503	4.453	4.404	4.352	4.298	4.245	4.193	4.142	4.093	4.045	3.995	3.941	3.888	3.837	3.787	3.738	3.691	3.642	3.589	3.537	3.486	3.437	3.390	3.345	3.294	3.242	3.192	3.143	3.097	3.053	3.005	2.954	2.904	2.857	2.813	2.772	2.723	2.673	2.626	2.583	2.542	2.499	2.451	2.405	2.364	2.327	2.285	2.240	2.199	2.164	2.130	2.087	2.050	2.020	1.990	1.954	1.926	1.906	1.880	1.858	1.824	1.791	1.756	1.722	1.693	1.670	1.646	1.623	1.606	1.595	1.587	1.577	1.572	1.570	1.575	1.586	1.599	1.613	1.634	1.661	1.692	1.729	1.770	1.803	1.782	1.766	1.750	1.735	1.723	1.714	1.706	1.701	1.700	1.699	1.703	1.711	1.721	1.730	1.742	1.751	1.766	1.783	1.799	1.817	1.839	1.863	1.891	1.917	1.934	1.953	1.976	2.003	2.033	2.065	2.099	2.134	2.172	2.212	2.251	2.293	2.311	2.321	2.340	2.370	2.407	2.446	2.486	2.533	2.585	2.641	2.700	2.760	2.819	2.881	2.945	3.011	3.078	3.147	3.216	3.287	3.359	
4.592	4.565	4.539	4.515	4.492	4.470	4.451	4.433	4.416	4.402	4.389	4.377	4.368	4.360	4.354	4.350	4.348	4.347	4.288	4.231	4.178	4.115	4.045	3.976	3.907	3.845	3.790	3.743	3.722	3.730	3.772	3.831	3.894	3.963	4.036	4.111	4.187	4.265	4.343	4.422	4.502	4.581	4.660	4.671	4.655	4.643	4.636	4.636	4.642	4.654	4.671	4.693	4.721	4.753	4.790	4.830	4.875	4.921	4.971	5.023	5.078	5.136	5.195	5.256	5.319	5.383	5.448	5.515	5.583	5.652	5.721	5.791	5.863	5.888	5.889	5.893	5.898	5.905	5.913	5.924	5.936	5.950	5.965	5.983	6.002	6.022	5.989	5.937	5.881	5.827	5.773	5.720	5.668	5.617	5.566	5.513	5.458	5.404	5.350	5.298	5.246	5.195	5.145	5.092	5.037	4.983	4.930	4.879	4.828	4.778	4.728	4.673	4.619	4.566	4.514	4.463	4.413	4.364	4.312	4.258	4.204	4.152	4.102	4.052	4.004	3.953	3.899	3.846	3.794	3.744	3.696	3.649	3.598	3.544	3.492	3.442	3.393	3.346	3.301	3.248	3.196	3.146	3.097	3.051	3.007	2.957	2.906	2.856	2.810	2.765	2.724	2.673	2.624	2.577	2.534	2.493	2.449	2.400	2.355	2.314	2.277	2.234	2.189	2.148	2.113	2.078	2.035	1.998	1.968	1.938	1.902	1.873	1.854	1.827	1.805	1.765	1.730	1.696	1.660	1.630	1.605	1.582	1.557	1.539	1.526	1.517	1.508	1.500	1.498	1.503	1.515	1.528	1.543	1.565	1.594	1.627	1.666	1.709	1.751	1.798	1.824	1.808	1.793	1.780	1.770	1.763	1.760	1.757	1.756	1.759	1.767	1.777	1.785	1.796	1.805	1.819	1.837	1.852	1.869	1.890	1.915	1.939	1.956	1.972	1.992	2.014	2.040	2.069	2.100	2.133	2.166	2.203	2.240	2.279	2.320	2.338	2.347	2.367	2.396	2.434	2.472	2.513	2.560	2.612	2.667	2.727	2.787	2.846	2.908	2.972	3.038	3.105	3.174	3.243	3.314	3.386	
4.570	4.543	4.517	4.492	4.469	4.448	4.428	4.410	4.394	4.379	4.366	4.355	4.346	4.338	4.332	4.328	4.326	4.325	4.263	4.204	4.145	4.087	4.030	3.965	3.896	3.832	3.774	3.724	3.697	3.705	3.745	3.806	3.876	3.951	4.027	4.103	4.181	4.259	4.338	4.417	4.496	4.576	4.652	4.652	4.635	4.622	4.616	4.615	4.621	4.633	4.652	4.675	4.704	4.738	4.775	4.817	4.862	4.909	4.959	5.012	5.067	5.125	5.185	5.246	5.309	5.374	5.440	5.507	5.575	5.644	5.714	5.784	5.855	5.887	5.889	5.892	5.897	5.904	5.913	5.923	5.935	5.949	5.964	5.982	6.001	6.014	5.962	5.907	5.852	5.798	5.744	5.691	5.639	5.587	5.537	5.481	5.426	5.372	5.318	5.266	5.214	5.163	5.112	5.057	5.002	4.948	4.895	4.843	4.793	4.743	4.691	4.636	4.582	4.528	4.476	4.425	4.376	4.327	4.273	4.218	4.165	4.113	4.063	4.013	3.965	3.913	3.859	3.806	3.755	3.705	3.656	3.609	3.557	3.504	3.452	3.401	3.353	3.306	3.260	3.206	3.154	3.104	3.055	3.009	2.965	2.913	2.862	2.813	2.766	2.722	2.680	2.628	2.579	2.532	2.488	2.448	2.402	2.354	2.309	2.267	2.230	2.186	2.141	2.100	2.065	2.030	1.987	1.950	1.919	1.889	1.853	1.824	1.804	1.777	1.751	1.708	1.671	1.639	1.601	1.569	1.541	1.520	1.494	1.473	1.458	1.448	1.439	1.430	1.428	1.434	1.447	1.458	1.475	1.499	1.529	1.565	1.606	1.649	1.694	1.742	1.791	1.844	1.853	1.840	1.829	1.822	1.820	1.817	1.816	1.818	1.826	1.835	1.843	1.853	1.863	1.875	1.889	1.900	1.913	1.927	1.944	1.965	1.990	2.012	2.031	2.053	2.078	2.106	2.136	2.167	2.200	2.236	2.272	2.309	2.350	2.367	2.377	2.397	2.426	2.464	2.502	2.543	2.590	2.641	2.697	2.757	2.817	2.876	2.938	3.002	3.068	3.135	3.204	3.274	3.344	3.416	
4.554	4.526	4.500	4.476	4.453	4.431	4.412	4.394	4.377	4.363	4.350	4.339	4.329	4.321	4.316	4.311	4.309	4.308	4.244	4.181	4.119	4.057	4.000	3.946	3.888	3.826	3.766	3.716	3.675	3.684	3.724	3.789	3.863	3.939	4.016	4.094	4.172	4.251	4.331	4.411	4.491	4.571	4.644	4.636	4.621	4.608	4.601	4.601	4.606	4.619	4.637	4.661	4.691	4.726	4.765	4.808	4.854	4.902	4.952	5.005	5.061	5.119	5.179	5.241	5.304	5.369	5.435	5.502	5.570	5.639	5.709	5.780	5.851	5.883	5.884	5.888	5.893	5.900	5.908	5.919	5.931	5.945	5.960	5.978	5.996	5.993	5.939	5.883	5.828	5.773	5.720	5.667	5.614	5.563	5.509	5.454	5.399	5.344	5.291	5.238	5.187	5.136	5.082	5.027	4.972	4.918	4.866	4.814	4.763	4.713	4.658	4.603	4.549	4.496	4.444	4.393	4.343	4.292	4.237	4.183	4.130	4.078	4.027	3.978	3.930	3.875	3.821	3.768	3.717	3.667	3.618	3.571	3.518	3.465	3.413	3.362	3.313	3.267	3.220	3.166	3.114	3.064	3.016	2.969	2.926	2.873	2.822	2.773	2.726	2.681	2.639	2.587	2.537	2.491	2.447	2.407	2.359	2.311	2.266	2.225	2.188	2.142	2.097	2.057	2.021	1.985	1.942	1.905	1.874	1.843	1.807	1.778	1.759	1.731	1.700	1.655	1.615	1.580	1.546	1.510	1.479	1.455	1.431	1.408	1.391	1.380	1.372	1.363	1.360	1.366	1.380	1.391	1.410	1.435	1.468	1.506	1.549	1.591	1.636	1.683	1.734	1.789	1.847	1.896	1.889	1.884	1.881	1.878	1.878	1.879	1.882	1.884	1.887	1.893	1.900	1.909	1.920	1.930	1.942	1.956	1.973	1.993	2.016	2.043	2.069	2.093	2.118	2.145	2.174	2.203	2.235	2.269	2.305	2.343	2.383	2.400	2.409	2.429	2.459	2.496	2.535	2.576	2.622	2.674	2.730	2.789	2.850	2.909	2.971	3.035	3.100	3.168	3.236	3.306	3.377	3.449	
4.543	4.516	4.490	4.465	4.442	4.421	4.401	4.383	4.367	4.352	4.339	4.328	4.319	4.311	4.305	4.301	4.299	4.298	4.232	4.166	4.100	4.034	3.974	3.920	3.868	3.812	3.759	3.707	3.671	3.680	3.728	3.791	3.861	3.935	4.012	4.091	4.170	4.249	4.329	4.409	4.489	4.569	4.641	4.625	4.609	4.599	4.592	4.592	4.598	4.611	4.629	4.654	4.684	4.719	4.758	4.802	4.849	4.899	4.950	5.003	5.059	5.117	5.177	5.239	5.302	5.367	5.433	5.500	5.569	5.638	5.708	5.779	5.850	5.882	5.883	5.886	5.892	5.898	5.907	5.917	5.930	5.943	5.959	5.976	5.995	5.977	5.920	5.864	5.809	5.755	5.701	5.648	5.596	5.544	5.487	5.432	5.377	5.322	5.269	5.216	5.165	5.114	5.057	5.002	4.947	4.893	4.840	4.789	4.738	4.686	4.630	4.575	4.521	4.468	4.416	4.365	4.315	4.262	4.207	4.153	4.100	4.048	3.997	3.947	3.898	3.843	3.788	3.736	3.684	3.634	3.585	3.538	3.483	3.429	3.377	3.327	3.278	3.231	3.183	3.129	3.077	3.026	2.978	2.932	2.888	2.834	2.783	2.734	2.687	2.642	2.599	2.547	2.498	2.451	2.408	2.367	2.320	2.271	2.226	2.185	2.148	2.102	2.057	2.016	1.981	1.944	1.901	1.864	1.833	1.801	1.765	1.737	1.717	1.689	1.649	1.605	1.562	1.523	1.491	1.453	1.420	1.393	1.371	1.345	1.326	1.314	1.306	1.296	1.294	1.301	1.315	1.327	1.347	1.374	1.409	1.447	1.488	1.530	1.576	1.626	1.680	1.737	1.797	1.860	1.925	1.927	1.924	1.922	1.921	1.921	1.919	1.919	1.922	1.928	1.935	1.943	1.953	1.963	1.975	1.989	2.004	2.023	2.047	2.074	2.101	2.129	2.158	2.185	2.213	2.241	2.273	2.306	2.341	2.378	2.417	2.434	2.444	2.463	2.493	2.530	2.569	2.610	2.656	2.708	2.764	2.823	2.884	2.943	3.005	3.069	3.135	3.202	3.271	3.340	3.411	3.483	
4.542	4.514	4.488	4.464	4.441	4.420	4.400	4.382	4.366	4.351	4.338	4.327	4.317	4.310	4.304	4.300	4.297	4.297	4.230	4.162	4.092	4.025	3.963	3.904	3.849	3.801	3.749	3.705	3.687	3.699	3.748	3.809	3.877	3.949	4.024	4.100	4.178	4.256	4.335	4.415	4.494	4.574	4.639	4.617	4.601	4.591	4.586	4.586	4.593	4.606	4.625	4.650	4.681	4.716	4.756	4.800	4.847	4.898	4.950	5.005	5.061	5.119	5.179	5.241	5.304	5.369	5.435	5.502	5.570	5.640	5.709	5.780	5.852	5.883	5.885	5.888	5.893	5.900	5.909	5.919	5.931	5.945	5.961	5.978	5.997	5.962	5.906	5.850	5.795	5.741	5.687	5.634	5.582	5.528	5.472	5.416	5.361	5.307	5.254	5.201	5.149	5.094	5.038	4.982	4.928	4.874	4.821	4.769	4.718	4.664	4.608	4.553	4.498	4.445	4.393	4.342	4.292	4.237	4.181	4.127	4.074	4.022	3.971	3.922	3.870	3.815	3.761	3.708	3.656	3.606	3.558	3.507	3.453	3.399	3.347	3.297	3.248	3.201	3.150	3.096	3.044	2.994	2.946	2.900	2.853	2.800	2.748	2.699	2.652	2.608	2.563	2.511	2.461	2.415	2.371	2.331	2.282	2.233	2.188	2.147	2.110	2.063	2.018	1.977	1.942	1.904	1.862	1.825	1.794	1.762	1.726	1.697	1.677	1.644	1.599	1.559	1.512	1.470	1.434	1.400	1.363	1.333	1.310	1.285	1.262	1.248	1.242	1.230	1.229	1.237	1.251	1.263	1.283	1.312	1.346	1.385	1.427	1.471	1.519	1.573	1.630	1.690	1.752	1.817	1.883	1.949	1.965	1.963	1.962	1.961	1.957	1.956	1.960	1.965	1.971	1.978	1.988	1.998	2.010	2.024	2.039	2.058	2.081	2.107	2.134	2.161	2.190	2.220	2.250	2.279	2.310	2.344	2.379	2.416	2.454	2.470	2.480	2.500	2.529	2.567	2.605	2.646	2.693	2.745	2.800	2.860	2.921	2.980	3.042	3.106	3.171	3.239	3.307	3.377	3.448	3.520	
4.549	4.522	4.496	4.471	4.449	4.427	4.408	4.390	4.373	4.359	4.346	4.334	4.325	4.317	4.311	4.307	4.305	4.304	4.236	4.164	4.093	4.024	3.959	3.897	3.842	3.795	3.753	3.726	3.714	3.731	3.780	3.838	3.902	3.972	4.046	4.121	4.196	4.273	4.350	4.428	4.507	4.585	4.637	4.615	4.599	4.589	4.584	4.584	4.590	4.603	4.623	4.648	4.678	4.714	4.754	4.798	4.846	4.897	4.951	5.007	5.064	5.124	5.184	5.247	5.310	5.375	5.440	5.507	5.575	5.644	5.714	5.785	5.856	5.888	5.889	5.892	5.898	5.904	5.913	5.923	5.936	5.949	5.965	5.982	5.995	5.943	5.890	5.834	5.779	5.724	5.671	5.618	5.565	5.513	5.456	5.401	5.346	5.291	5.238	5.185	5.134	5.080	5.024	4.969	4.914	4.860	4.807	4.755	4.704	4.647	4.591	4.536	4.482	4.429	4.377	4.326	4.273	4.217	4.162	4.107	4.054	4.002	3.952	3.902	3.847	3.792	3.738	3.685	3.634	3.583	3.535	3.482	3.427	3.374	3.322	3.271	3.223	3.176	3.123	3.069	3.017	2.966	2.918	2.872	2.824	2.770	2.719	2.670	2.623	2.578	2.531	2.479	2.430	2.383	2.340	2.299	2.249	2.200	2.155	2.114	2.077	2.028	1.983	1.943	1.907	1.868	1.826	1.789	1.758	1.725	1.689	1.660	1.640	1.598	1.551	1.508	1.465	1.420	1.380	1.347	1.310	1.275	1.250	1.227	1.201	1.185	1.180	1.167	1.164	1.170	1.185	1.196	1.218	1.249	1.285	1.326	1.368	1.415	1.467	1.523	1.583	1.645	1.709	1.773	1.840	1.908	1.961	1.959	1.962	1.968	1.975	1.984	1.996	2.005	2.010	2.016	2.026	2.036	2.048	2.061	2.077	2.096	2.117	2.142	2.169	2.196	2.224	2.254	2.284	2.317	2.350	2.383	2.418	2.454	2.492	2.508	2.518	2.538	2.567	2.604	2.643	2.684	2.731	2.782	2.838	2.898	2.959	3.018	3.080	3.144	3.209	3.277	3.345	3.415	3.486	3.558	
4.562	4.535	4.509	4.484	4.462	4.440	4.421	4.403	4.386	4.372	4.359	4.347	4.338	4.330	4.324	4.320	4.318	4.317	4.246	4.173	4.102	4.035	3.970	3.908	3.856	3.818	3.781	3.762	3.758	3.774	3.817	3.876	3.939	4.005	4.074	4.146	4.220	4.296	4.372	4.449	4.526	4.603	4.638	4.618	4.602	4.593	4.587	4.587	4.594	4.607	4.626	4.651	4.681	4.717	4.757	4.801	4.849	4.900	4.954	5.010	5.069	5.129	5.191	5.253	5.318	5.383	5.449	5.516	5.584	5.653	5.722	5.792	5.863	5.895	5.896	5.900	5.905	5.912	5.920	5.931	5.943	5.957	5.972	5.990	5.957	5.905	5.854	5.804	5.751	5.697	5.643	5.590	5.538	5.487	5.436	5.384	5.329	5.275	5.222	5.169	5.117	5.064	5.008	4.952	4.897	4.844	4.791	4.739	4.688	4.632	4.576	4.521	4.467	4.414	4.362	4.311	4.259	4.203	4.148	4.094	4.041	3.989	3.938	3.887	3.831	3.775	3.721	3.668	3.617	3.567	3.518	3.462	3.407	3.354	3.302	3.252	3.203	3.155	3.100	3.046	2.994	2.944	2.896	2.850	2.799	2.746	2.694	2.645	2.598	2.554	2.505	2.453	2.403	2.357	2.313	2.272	2.220	2.172	2.127	2.086	2.048	1.999	1.954	1.913	1.878	1.837	1.795	1.758	1.727	1.693	1.657	1.628	1.609	1.556	1.506	1.461	1.420	1.374	1.331	1.294	1.260	1.223	1.193	1.173	1.145	1.125	1.116	1.106	1.099	1.106	1.120	1.132	1.155	1.187	1.225	1.268	1.312	1.363	1.418	1.477	1.536	1.599	1.664	1.731	1.800	1.871	1.913	1.911	1.912	1.917	1.927	1.940	1.952	1.969	1.991	2.017	2.046	2.076	2.089	2.101	2.117	2.136	2.156	2.179	2.206	2.233	2.261	2.289	2.320	2.352	2.386	2.422	2.458	2.494	2.531	2.547	2.557	2.576	2.606	2.643	2.682	2.723	2.770	2.821	2.877	2.936	2.997	3.057	3.118	3.182	3.248	3.315	3.384	3.454	3.525	3.596	
4.579	4.552	4.526	4.501	4.478	4.457	4.437	4.419	4.403	4.388	4.375	4.364	4.355	4.347	4.341	4.337	4.335	4.334	4.263	4.192	4.124	4.059	3.996	3.938	3.892	3.858	3.830	3.814	3.817	3.830	3.865	3.916	3.978	4.043	4.110	4.180	4.250	4.323	4.397	4.472	4.549	4.625	4.644	4.624	4.609	4.601	4.597	4.597	4.603	4.616	4.636	4.660	4.690	4.726	4.765	4.809	4.857	4.907	4.961	5.017	5.075	5.136	5.198	5.262	5.326	5.392	5.458	5.526	5.594	5.663	5.733	5.803	5.874	5.905	5.906	5.910	5.915	5.922	5.930	5.941	5.953	5.967	5.982	5.976	5.924	5.872	5.821	5.769	5.714	5.660	5.606	5.553	5.501	5.449	5.399	5.347	5.292	5.238	5.185	5.132	5.080	5.030	4.980	4.928	4.873	4.819	4.766	4.714	4.664	4.614	4.560	4.505	4.451	4.398	4.346	4.295	4.243	4.187	4.131	4.077	4.024	3.972	3.921	3.872	3.816	3.761	3.706	3.654	3.602	3.552	3.503	3.449	3.394	3.340	3.288	3.238	3.189	3.140	3.084	3.030	2.978	2.928	2.880	2.834	2.780	2.727	2.675	2.626	2.579	2.535	2.484	2.432	2.382	2.336	2.292	2.249	2.197	2.149	2.104	2.063	2.023	1.974	1.929	1.888	1.853	1.811	1.769	1.732	1.701	1.666	1.630	1.601	1.567	1.520	1.466	1.416	1.373	1.330	1.284	1.245	1.213	1.175	1.140	1.116	1.091	1.067	1.056	1.046	1.039	1.044	1.059	1.071	1.094	1.126	1.169	1.210	1.259	1.313	1.369	1.428	1.491	1.557	1.624	1.694	1.765	1.838	1.865	1.863	1.864	1.869	1.880	1.892	1.905	1.923	1.945	1.972	2.003	2.037	2.076	2.117	2.154	2.177	2.197	2.220	2.245	2.271	2.298	2.327	2.358	2.389	2.424	2.460	2.497	2.534	2.571	2.587	2.596	2.616	2.646	2.683	2.722	2.763	2.809	2.861	2.917	2.976	3.037	3.097	3.158	3.222	3.288	3.355	3.424	3.494	3.565	3.636	
4.603	4.575	4.549	4.525	4.502	4.481	4.461	4.443	4.427	4.412	4.399	4.388	4.378	4.371	4.365	4.360	4.358	4.358	4.289	4.221	4.156	4.094	4.035	3.983	3.942	3.910	3.886	3.874	3.883	3.898	3.925	3.968	4.023	4.084	4.150	4.217	4.286	4.357	4.429	4.501	4.576	4.650	4.656	4.636	4.621	4.613	4.610	4.611	4.618	4.632	4.651	4.675	4.705	4.740	4.779	4.822	4.869	4.920	4.973	5.028	5.086	5.146	5.208	5.272	5.337	5.403	5.470	5.537	5.606	5.675	5.745	5.815	5.886	5.917	5.919	5.922	5.927	5.934	5.943	5.953	5.965	5.979	5.995	5.950	5.898	5.846	5.795	5.739	5.684	5.629	5.575	5.522	5.470	5.419	5.368	5.313	5.258	5.204	5.150	5.098	5.046	4.995	4.945	4.890	4.835	4.781	4.729	4.677	4.626	4.576	4.525	4.470	4.416	4.363	4.311	4.260	4.210	4.161	4.108	4.054	4.001	3.949	3.898	3.849	3.800	3.744	3.690	3.638	3.586	3.536	3.487	3.432	3.377	3.324	3.272	3.221	3.173	3.124	3.069	3.015	2.963	2.913	2.865	2.818	2.766	2.713	2.661	2.612	2.565	2.521	2.469	2.417	2.368	2.321	2.277	2.232	2.180	2.132	2.087	2.046	2.004	1.955	1.910	1.869	1.834	1.791	1.748	1.711	1.681	1.644	1.608	1.580	1.530	1.477	1.431	1.376	1.326	1.286	1.240	1.196	1.161	1.126	1.089	1.063	1.040	1.014	1.000	0.993	0.981	0.984	0.999	1.009	1.033	1.069	1.112	1.156	1.207	1.263	1.321	1.385	1.451	1.519	1.590	1.662	1.735	1.810	1.819	1.817	1.820	1.825	1.836	1.848	1.861	1.880	1.903	1.930	1.962	1.998	2.037	2.080	2.122	2.168	2.216	2.261	2.285	2.311	2.338	2.368	2.398	2.430	2.464	2.500	2.537	2.575	2.612	2.628	2.637	2.657	2.687	2.724	2.763	2.804	2.850	2.902	2.958	3.017	3.079	3.138	3.200	3.263	3.329	3.396	3.465	3.535	3.606	3.677	
4.604	4.576	4.550	4.526	4.503	4.482	4.462	4.444	4.428	4.413	4.400	4.389	4.379	4.372	4.366	4.362	4.359	4.359	4.290	4.222	4.157	4.095	4.036	3.984	3.944	3.912	3.888	3.876	3.884	3.900	3.927	3.970	4.024	4.086	4.152	4.218	4.288	4.358	4.430	4.503	4.577	4.651	4.657	4.637	4.622	4.614	4.610	4.612	4.619	4.633	4.652	4.676	4.706	4.741	4.780	4.823	4.870	4.920	4.973	5.029	5.087	5.147	5.209	5.272	5.337	5.404	5.470	5.538	5.606	5.675	5.745	5.816	5.887	5.918	5.920	5.923	5.928	5.935	5.944	5.954	5.966	5.980	5.984	5.931	5.879	5.827	5.772	5.716	5.661	5.606	5.552	5.499	5.447	5.396	5.341	5.285	5.230	5.176	5.123	5.070	5.018	4.968	4.914	4.858	4.804	4.750	4.697	4.645	4.594	4.544	4.490	4.435	4.381	4.328	4.276	4.225	4.175	4.126	4.070	4.016	3.963	3.911	3.860	3.811	3.763	3.710	3.656	3.603	3.552	3.502	3.453	3.406	3.354	3.301	3.249	3.198	3.149	3.103	3.053	2.999	2.947	2.897	2.849	2.802	2.750	2.696	2.645	2.596	2.549	2.505	2.453	2.401	2.352	2.305	2.261	2.217	2.166	2.117	2.072	2.031	1.990	1.941	1.896	1.855	1.820	1.777	1.734	1.697	1.667	1.629	1.593	1.554	1.500	1.441	1.388	1.342	1.286	1.238	1.201	1.150	1.109	1.081	1.038	1.008	0.989	0.959	0.943	0.937	0.924	0.924	0.941	0.950	0.975	1.013	1.056	1.103	1.159	1.218	1.280	1.347	1.416	1.487	1.560	1.634	1.709	1.784	1.778	1.776	1.779	1.784	1.795	1.807	1.821	1.840	1.864	1.892	1.925	1.962	2.002	2.045	2.088	2.135	2.183	2.234	2.287	2.343	2.381	2.410	2.441	2.473	2.506	2.541	2.577	2.616	2.654	2.670	2.680	2.700	2.729	2.766	2.805	2.846	2.893	2.945	3.000	3.060	3.121	3.180	3.242	3.306	3.372	3.439	3.508	3.577	3.648	3.720	
4.606	4.578	4.552	4.528	4.505	4.484	4.464	4.446	4.430	4.415	4.402	4.391	4.382	4.374	4.368	4.364	4.361	4.361	4.292	4.224	4.160	4.097	4.038	3.987	3.946	3.914	3.890	3.878	3.887	3.902	3.929	3.972	4.027	4.088	4.154	4.221	4.290	4.361	4.432	4.505	4.579	4.654	4.659	4.639	4.624	4.616	4.613	4.614	4.622	4.635	4.654	4.678	4.708	4.743	4.782	4.825	4.872	4.923	4.976	5.031	5.089	5.149	5.211	5.275	5.340	5.406	5.473	5.540	5.609	5.678	5.748	5.818	5.889	5.920	5.922	5.925	5.930	5.937	5.946	5.956	5.968	5.982	5.970	5.917	5.864	5.811	5.755	5.699	5.644	5.589	5.535	5.482	5.430	5.378	5.321	5.266	5.211	5.156	5.103	5.050	4.999	4.946	4.890	4.834	4.780	4.726	4.673	4.621	4.570	4.518	4.462	4.407	4.353	4.300	4.248	4.197	4.147	4.094	4.039	3.984	3.931	3.879	3.828	3.779	3.730	3.675	3.621	3.568	3.516	3.466	3.418	3.371	3.316	3.263	3.211	3.160	3.111	3.064	3.017	2.963	2.911	2.861	2.813	2.766	2.723	2.670	2.619	2.569	2.523	2.478	2.434	2.382	2.333	2.286	2.242	2.201	2.150	2.101	2.056	2.015	1.974	1.925	1.880	1.839	1.804	1.760	1.718	1.681	1.650	1.613	1.577	1.522	1.471	1.411	1.352	1.303	1.254	1.198	1.154	1.112	1.063	1.028	0.993	0.954	0.935	0.905	0.885	0.881	0.867	0.866	0.883	0.891	0.919	0.963	1.005	1.057	1.115	1.177	1.243	1.313	1.385	1.459	1.533	1.608	1.682	1.748	1.740	1.738	1.741	1.747	1.759	1.770	1.785	1.804	1.829	1.858	1.892	1.929	1.970	2.013	2.057	2.103	2.152	2.204	2.258	2.314	2.372	2.432	2.484	2.516	2.549	2.584	2.621	2.658	2.698	2.714	2.724	2.744	2.773	2.811	2.849	2.890	2.937	2.989	3.045	3.104	3.165	3.225	3.286	3.350	3.416	3.483	3.552	3.622	3.693	3.764	
4.610	4.582	4.556	4.532	4.509	4.488	4.468	4.450	4.434	4.419	4.406	4.395	4.386	4.378	4.372	4.368	4.366	4.365	4.296	4.228	4.164	4.101	4.042	3.991	3.950	3.918	3.894	3.882	3.891	3.906	3.933	3.976	4.031	4.092	4.158	4.225	4.294	4.365	4.436	4.509	4.583	4.658	4.664	4.643	4.629	4.620	4.617	4.618	4.626	4.639	4.658	4.683	4.712	4.747	4.786	4.830	4.877	4.927	4.980	5.036	5.093	5.154	5.215	5.279	5.344	5.410	5.477	5.544	5.613	5.682	5.752	5.822	5.893	5.925	5.926	5.929	5.934	5.941	5.950	5.960	5.972	5.986	5.964	5.910	5.857	5.800	5.743	5.687	5.632	5.578	5.524	5.471	5.419	5.363	5.306	5.250	5.195	5.141	5.088	5.035	4.983	4.929	4.872	4.817	4.762	4.708	4.656	4.604	4.553	4.497	4.441	4.386	4.332	4.279	4.227	4.176	4.125	4.069	4.014	3.960	3.906	3.854	3.804	3.754	3.702	3.646	3.592	3.539	3.488	3.438	3.389	3.339	3.284	3.231	3.179	3.128	3.080	3.033	2.982	2.928	2.876	2.826	2.778	2.732	2.686	2.633	2.581	2.532	2.485	2.441	2.397	2.345	2.295	2.249	2.205	2.165	2.117	2.068	2.023	1.982	1.945	1.899	1.854	1.813	1.778	1.740	1.697	1.660	1.629	1.596	1.555	1.492	1.440	1.383	1.322	1.271	1.224	1.166	1.120	1.081	1.028	0.988	0.957	0.913	0.885	0.862	0.835	0.828	0.814	0.813	0.829	0.840	0.874	0.917	0.961	1.014	1.076	1.143	1.213	1.286	1.359	1.433	1.508	1.583	1.660	1.712	1.705	1.703	1.704	1.711	1.723	1.734	1.749	1.770	1.796	1.826	1.861	1.899	1.940	1.983	2.027	2.074	2.124	2.177	2.232	2.289	2.348	2.409	2.472	2.535	2.594	2.629	2.666	2.703	2.742	2.759	2.769	2.788	2.818	2.855	2.894	2.935	2.982	3.033	3.089	3.148	3.210	3.269	3.331	3.395	3.461	3.528	3.597	3.666	3.737	3.809	
4.615	4.588	4.562	4.537	4.515	4.493	4.474	4.456	4.439	4.425	4.412	4.401	4.391	4.384	4.378	4.374	4.371	4.371	4.302	4.234	4.169	4.107	4.048	3.997	3.956	3.924	3.900	3.888	3.897	3.912	3.939	3.982	4.036	4.098	4.164	4.230	4.300	4.371	4.442	4.515	4.589	4.664	4.669	4.649	4.634	4.626	4.623	4.624	4.631	4.645	4.664	4.688	4.718	4.753	4.792	4.835	4.882	4.933	4.986	5.041	5.099	5.159	5.221	5.285	5.350	5.416	5.483	5.550	5.619	5.688	5.757	5.828	5.899	5.930	5.932	5.935	5.940	5.947	5.956	5.966	5.978	5.992	5.967	5.912	5.854	5.797	5.741	5.685	5.630	5.575	5.522	5.469	5.412	5.355	5.298	5.243	5.188	5.133	5.080	5.027	4.973	4.916	4.860	4.804	4.750	4.696	4.643	4.591	4.538	4.482	4.426	4.371	4.317	4.263	4.211	4.160	4.108	4.051	3.996	3.942	3.889	3.837	3.786	3.737	3.681	3.625	3.571	3.518	3.467	3.417	3.368	3.314	3.260	3.206	3.154	3.104	3.055	3.008	2.954	2.900	2.848	2.798	2.750	2.704	2.655	2.602	2.550	2.501	2.454	2.410	2.363	2.311	2.262	2.215	2.171	2.131	2.081	2.032	1.987	1.946	1.909	1.861	1.816	1.776	1.740	1.702	1.659	1.622	1.592	1.559	1.523	1.474	1.419	1.363	1.300	1.245	1.201	1.140	1.090	1.049	0.998	0.955	0.922	0.882	0.845	0.829	0.793	0.780	0.767	0.764	0.779	0.795	0.834	0.877	0.924	0.982	1.049	1.118	1.189	1.262	1.336	1.411	1.488	1.565	1.643	1.680	1.672	1.670	1.672	1.679	1.691	1.702	1.718	1.739	1.765	1.797	1.832	1.872	1.914	1.957	2.002	2.050	2.101	2.154	2.210	2.268	2.328	2.389	2.452	2.517	2.582	2.649	2.712	2.749	2.788	2.804	2.814	2.834	2.863	2.900	2.939	2.980	3.027	3.079	3.134	3.194	3.255	3.314	3.376	3.440	3.506	3.573	3.642	3.712	3.782	3.854	
4.622	4.595	4.569	4.545	4.522	4.501	4.481	4.463	4.447	4.432	4.420	4.408	4.399	4.391	4.385	4.381	4.379	4.378	4.310	4.242	4.177	4.115	4.056	4.004	3.963	3.932	3.908	3.895	3.904	3.919	3.947	3.990	4.044	4.106	4.171	4.238	4.307	4.378	4.450	4.522	4.596	4.671	4.677	4.657	4.642	4.634	4.630	4.632	4.639	4.653	4.672	4.696	4.726	4.761	4.800	4.843	4.890	4.940	4.993	5.049	5.107	5.167	5.229	5.292	5.357	5.423	5.490	5.558	5.626	5.695	5.765	5.836	5.907	5.938	5.939	5.943	5.948	5.955	5.963	5.974	5.986	5.999	5.977	5.919	5.861	5.804	5.747	5.692	5.636	5.582	5.528	5.471	5.413	5.356	5.300	5.244	5.189	5.135	5.082	5.027	4.969	4.912	4.856	4.801	4.746	4.692	4.639	4.587	4.530	4.473	4.417	4.362	4.308	4.255	4.203	4.152	4.095	4.038	3.983	3.929	3.876	3.824	3.773	3.721	3.665	3.610	3.556	3.503	3.451	3.401	3.353	3.297	3.242	3.189	3.137	3.086	3.037	2.989	2.934	2.880	2.828	2.778	2.730	2.683	2.632	2.578	2.527	2.478	2.431	2.386	2.337	2.285	2.235	2.189	2.145	2.104	2.052	2.004	1.959	1.917	1.879	1.830	1.785	1.745	1.709	1.669	1.627	1.590	1.559	1.525	1.489	1.460	1.401	1.348	1.284	1.227	1.176	1.122	1.069	1.021	0.978	0.927	0.892	0.854	0.814	0.801	0.762	0.752	0.736	0.735	0.749	0.763	0.801	0.843	0.897	0.960	1.025	1.095	1.167	1.242	1.318	1.395	1.473	1.551	1.630	1.652	1.644	1.642	1.644	1.652	1.665	1.675	1.692	1.713	1.740	1.772	1.808	1.849	1.892	1.935	1.981	2.029	2.081	2.135	2.192	2.250	2.311	2.373	2.437	2.502	2.568	2.635	2.703	2.772	2.834	2.850	2.860	2.880	2.909	2.946	2.985	3.026	3.073	3.125	3.180	3.240	3.302	3.361	3.422	3.486	3.552	3.619	3.688	3.758	3.829	3.900	
4.631	4.604	4.578	4.554	4.531	4.510	4.490	4.472	4.456	4.442	4.429	4.418	4.408	4.401	4.395	4.391	4.388	4.388	4.319	4.251	4.187	4.124	4.065	4.014	3.973	3.941	3.917	3.905	3.914	3.929	3.956	3.999	4.054	4.115	4.181	4.247	4.317	4.388	4.459	4.532	4.606	4.681	4.686	4.666	4.651	4.643	4.640	4.641	4.648	4.662	4.681	4.705	4.735	4.770	4.809	4.852	4.899	4.950	5.003	5.058	5.116	5.176	5.238	5.302	5.367	5.433	5.500	5.567	5.636	5.705	5.774	5.845	5.916	5.947	5.949	5.952	5.957	5.964	5.973	5.983	5.995	6.009	5.990	5.931	5.874	5.817	5.760	5.704	5.649	5.595	5.540	5.482	5.424	5.367	5.310	5.255	5.200	5.145	5.091	5.033	4.975	4.918	4.862	4.806	4.752	4.698	4.645	4.588	4.530	4.473	4.417	4.362	4.308	4.255	4.203	4.147	4.090	4.034	3.979	3.924	3.871	3.819	3.769	3.712	3.656	3.601	3.547	3.494	3.442	3.392	3.340	3.284	3.229	3.176	3.124	3.073	3.024	2.974	2.918	2.865	2.813	2.762	2.714	2.668	2.615	2.561	2.510	2.461	2.414	2.369	2.318	2.266	2.216	2.170	2.126	2.082	2.031	1.982	1.937	1.896	1.856	1.807	1.762	1.721	1.686	1.644	1.601	1.564	1.533	1.498	1.462	1.433	1.390	1.336	1.272	1.213	1.159	1.109	1.051	1.002	0.962	0.906	0.871	0.834	0.791	0.773	0.737	0.720	0.711	0.701	0.719	0.728	0.772	0.813	0.871	0.933	1.003	1.076	1.151	1.228	1.305	1.384	1.462	1.542	1.621	1.629	1.620	1.616	1.619	1.627	1.640	1.652	1.670	1.692	1.720	1.753	1.790	1.831	1.874	1.918	1.964	2.014	2.066	2.121	2.178	2.237	2.298	2.360	2.425	2.490	2.556	2.624	2.693	2.762	2.833	2.890	2.899	2.919	2.949	2.986	3.024	3.065	3.112	3.163	3.219	3.278	3.338	3.397	3.459	3.523	3.588	3.656	3.724	3.794	3.865	3.937	
4.641	4.614	4.589	4.564	4.542	4.521	4.501	4.483	4.467	4.453	4.440	4.429	4.419	4.412	4.406	4.402	4.400	4.399	4.330	4.262	4.198	4.135	4.076	4.025	3.984	3.952	3.928	3.916	3.925	3.940	3.967	4.010	4.065	4.126	4.192	4.259	4.328	4.399	4.470	4.543	4.617	4.692	4.698	4.677	4.663	4.654	4.651	4.652	4.660	4.673	4.692	4.717	4.746	4.781	4.820	4.864	4.911	4.961	5.014	5.070	5.127	5.188	5.249	5.313	5.378	5.444	5.511	5.578	5.647	5.716	5.786	5.856	5.927	5.959	5.960	5.963	5.968	5.975	5.984	5.994	6.006	6.020	6.006	5.948	5.890	5.833	5.776	5.720	5.665	5.611	5.553	5.495	5.437	5.380	5.324	5.268	5.213	5.159	5.104	5.045	4.987	4.930	4.874	4.819	4.764	4.710	4.656	4.597	4.540	4.483	4.427	4.372	4.318	4.265	4.211	4.152	4.095	4.039	3.984	3.929	3.876	3.824	3.770	3.713	3.656	3.601	3.547	3.494	3.443	3.392	3.336	3.280	3.225	3.171	3.119	3.069	3.020	2.965	2.910	2.856	2.804	2.754	2.706	2.658	2.603	2.549	2.498	2.449	2.402	2.357	2.303	2.251	2.202	2.155	2.111	2.066	2.015	1.966	1.921	1.880	1.838	1.789	1.744	1.704	1.668	1.625	1.583	1.546	1.515	1.478	1.442	1.414	1.382	1.327	1.266	1.205	1.152	1.102	1.042	0.993	0.952	0.896	0.853	0.821	0.775	0.748	0.719	0.694	0.689	0.675	0.694	0.704	0.745	0.787	0.846	0.916	0.991	1.068	1.144	1.221	1.300	1.378	1.457	1.537	1.616	1.610	1.600	1.596	1.599	1.608	1.620	1.632	1.651	1.675	1.704	1.738	1.776	1.817	1.861	1.906	1.953	2.002	2.055	2.110	2.168	2.227	2.288	2.351	2.416	2.482	2.548	2.616	2.685	2.755	2.826	2.887	2.897	2.917	2.946	2.983	3.021	3.062	3.109	3.160	3.216	3.275	3.333	3.393	3.454	3.518	3.584	3.651	3.720	3.790	3.861	3.932	
4.654	4.626	4.601	4.577	4.554	4.533	4.514	4.496	4.480	4.465	4.453	4.441	4.432	4.425	4.419	4.415	4.412	4.412	4.343	4.275	4.211	4.148	4.089	4.038	3.997	3.965	3.941	3.929	3.938	3.953	3.980	4.023	4.078	4.139	4.205	4.271	4.341	4.412	4.483	4.556	4.630	4.705	4.710	4.690	4.675	4.667	4.664	4.665	4.672	4.686	4.705	4.729	4.759	4.794	4.833	4.876	4.923	4.974	5.027	5.082	5.140	5.200	5.262	5.326	5.391	5.457	5.524	5.591	5.660	5.729	5.798	5.869	5.940	5.971	5.973	5.976	5.981	5.988	5.996	6.007	6.019	6.032	6.026	5.970	5.913	5.856	5.799	5.743	5.688	5.631	5.572	5.514	5.456	5.399	5.342	5.287	5.232	5.178	5.119	5.060	5.003	4.946	4.889	4.834	4.779	4.725	4.669	4.611	4.553	4.496	4.440	4.385	4.331	4.278	4.223	4.165	4.107	4.051	3.996	3.942	3.889	3.837	3.780	3.722	3.666	3.610	3.556	3.503	3.452	3.398	3.341	3.285	3.230	3.177	3.125	3.074	3.023	2.966	2.911	2.857	2.805	2.755	2.707	2.655	2.600	2.546	2.495	2.446	2.399	2.351	2.297	2.245	2.196	2.149	2.105	2.057	2.005	1.957	1.912	1.870	1.826	1.777	1.732	1.692	1.656	1.611	1.569	1.532	1.501	1.463	1.427	1.399	1.356	1.304	1.251	1.196	1.144	1.090	1.035	0.983	0.943	0.889	0.841	0.814	0.765	0.729	0.709	0.675	0.677	0.655	0.673	0.684	0.726	0.768	0.831	0.904	0.980	1.056	1.134	1.213	1.292	1.371	1.451	1.531	1.609	1.596	1.586	1.583	1.585	1.594	1.606	1.619	1.637	1.662	1.692	1.726	1.766	1.809	1.852	1.898	1.946	1.996	2.049	2.104	2.162	2.222	2.283	2.346	2.411	2.477	2.544	2.612	2.681	2.751	2.822	2.883	2.893	2.913	2.942	2.980	3.017	3.058	3.105	3.157	3.212	3.272	3.330	3.389	3.451	3.515	3.580	3.648	3.716	3.786	3.857	3.929	
4.667	4.640	4.615	4.591	4.568	4.547	4.528	4.510	4.494	4.480	4.467	4.456	4.447	4.439	4.433	4.429	4.427	4.426	4.358	4.290	4.225	4.163	4.104	4.052	4.011	3.980	3.956	3.943	3.952	3.967	3.995	4.038	4.092	4.154	4.219	4.286	4.355	4.426	4.498	4.570	4.644	4.719	4.725	4.705	4.690	4.682	4.678	4.680	4.687	4.701	4.720	4.744	4.774	4.809	4.848	4.891	4.938	4.988	5.041	5.097	5.155	5.215	5.277	5.340	5.405	5.471	5.538	5.606	5.674	5.743	5.813	5.884	5.955	5.986	5.987	5.991	5.996	6.002	6.011	6.021	6.033	6.047	6.026	5.973	5.916	5.859	5.803	5.747	5.692	5.637	5.584	5.531	5.473	5.416	5.360	5.304	5.249	5.195	5.141	5.082	5.025	4.968	4.911	4.856	4.801	4.746	4.687	4.629	4.571	4.514	4.458	4.403	4.349	4.296	4.238	4.179	4.122	4.066	4.011	3.956	3.903	3.851	3.793	3.735	3.679	3.624	3.569	3.517	3.465	3.411	3.353	3.297	3.242	3.189	3.137	3.086	3.033	2.976	2.921	2.867	2.815	2.765	2.717	2.661	2.606	2.553	2.501	2.452	2.405	2.354	2.300	2.248	2.198	2.152	2.108	2.056	2.005	1.956	1.911	1.870	1.823	1.774	1.729	1.689	1.653	1.606	1.563	1.526	1.496	1.456	1.420	1.391	1.343	1.287	1.236	1.180	1.127	1.078	1.025	0.979	0.933	0.881	0.840	0.806	0.758	0.738	0.701	0.679	0.669	0.656	0.672	0.682	0.728	0.773	0.835	0.903	0.977	1.054	1.132	1.211	1.290	1.370	1.450	1.530	1.599	1.586	1.578	1.574	1.577	1.587	1.598	1.611	1.630	1.655	1.685	1.720	1.759	1.803	1.846	1.893	1.943	1.994	2.047	2.103	2.161	2.220	2.282	2.345	2.410	2.476	2.543	2.611	2.680	2.750	2.821	2.882	2.892	2.912	2.941	2.979	3.016	3.057	3.104	3.156	3.212	3.271	3.329	3.388	3.450	3.514	3.580	3.647	3.716	3.785	3.856	3.928	
4.683	4.656	4.630	4.606	4.584	4.563	4.544	4.526	4.510	4.496	4.483	4.472	4.463	4.455	4.450	4.446	4.443	4.443	4.374	4.306	4.241	4.179	4.120	4.068	4.028	3.996	3.972	3.960	3.969	3.984	4.011	4.054	4.108	4.170	4.236	4.302	4.372	4.442	4.514	4.587	4.661	4.736	4.741	4.721	4.706	4.698	4.694	4.696	4.703	4.717	4.736	4.760	4.790	4.825	4.864	4.907	4.954	5.004	5.058	5.113	5.171	5.231	5.293	5.357	5.422	5.488	5.555	5.622	5.690	5.760	5.829	5.900	5.971	6.002	6.004	6.007	6.012	6.019	6.027	6.037	6.049	6.063	6.029	5.975	5.918	5.861	5.804	5.748	5.693	5.639	5.585	5.532	5.474	5.417	5.361	5.305	5.250	5.196	5.142	5.089	5.032	4.975	4.918	4.863	4.808	4.754	4.702	4.648	4.591	4.534	4.478	4.423	4.369	4.316	4.259	4.201	4.144	4.087	4.032	3.978	3.925	3.869	3.810	3.753	3.697	3.641	3.587	3.534	3.483	3.426	3.368	3.312	3.257	3.204	3.152	3.101	3.046	2.990	2.934	2.881	2.828	2.778	2.730	2.674	2.619	2.565	2.514	2.465	2.418	2.365	2.311	2.259	2.210	2.163	2.119	2.065	2.013	1.965	1.920	1.879	1.829	1.780	1.735	1.695	1.657	1.610	1.567	1.530	1.499	1.458	1.422	1.393	1.338	1.281	1.234	1.172	1.117	1.070	1.024	0.971	0.926	0.881	0.850	0.800	0.768	0.742	0.708	0.695	0.680	0.673	0.688	0.703	0.748	0.795	0.855	0.922	0.993	1.067	1.143	1.220	1.299	1.377	1.457	1.536	1.592	1.579	1.572	1.569	1.572	1.582	1.593	1.606	1.626	1.651	1.682	1.717	1.757	1.801	1.845	1.892	1.942	1.995	2.049	2.105	2.163	2.223	2.284	2.348	2.412	2.478	2.545	2.613	2.682	2.752	2.823	2.884	2.894	2.914	2.943	2.980	3.018	3.059	3.106	3.158	3.213	3.273	3.331	3.390	3.452	3.516	3.582	3.649	3.718	3.787	3.858	3.930	
4.699	4.673	4.647	4.623	4.601	4.580	4.561	4.544	4.528	4.513	4.501	4.490	4.481	4.473	4.468	4.463	4.461	4.461	4.392	4.324	4.259	4.197	4.138	4.086	4.046	4.014	3.990	3.978	3.986	4.002	4.029	4.072	4.126	4.188	4.254	4.320	4.390	4.460	4.532	4.605	4.679	4.754	4.759	4.739	4.724	4.716	4.712	4.714	4.721	4.735	4.754	4.778	4.808	4.843	4.882	4.925	4.972	5.022	5.075	5.131	5.189	5.249	5.311	5.375	5.439	5.506	5.573	5.640	5.708	5.777	5.847	5.918	5.989	6.020	6.022	6.025	6.030	6.037	6.045	6.055	6.067	6.080	6.032	5.978	5.920	5.863	5.807	5.751	5.696	5.642	5.588	5.534	5.476	5.419	5.363	5.307	5.252	5.198	5.145	5.091	5.033	4.976	4.920	4.864	4.810	4.756	4.703	4.649	4.592	4.535	4.479	4.424	4.370	4.317	4.265	4.210	4.152	4.096	4.041	3.987	3.934	3.882	3.831	3.773	3.717	3.662	3.608	3.555	3.503	3.447	3.390	3.334	3.279	3.225	3.173	3.123	3.065	3.008	2.953	2.899	2.847	2.797	2.747	2.690	2.635	2.581	2.530	2.480	2.434	2.379	2.325	2.273	2.223	2.177	2.132	2.078	2.027	1.978	1.933	1.892	1.842	1.793	1.748	1.707	1.669	1.622	1.579	1.542	1.511	1.469	1.433	1.404	1.351	1.297	1.242	1.179	1.127	1.085	1.027	0.980	0.938	0.897	0.854	0.815	0.795	0.755	0.735	0.724	0.707	0.706	0.718	0.736	0.782	0.828	0.886	0.948	1.017	1.090	1.165	1.241	1.317	1.394	1.471	1.550	1.591	1.577	1.570	1.567	1.570	1.580	1.591	1.604	1.624	1.649	1.680	1.715	1.756	1.800	1.843	1.891	1.941	1.995	2.051	2.108	2.168	2.228	2.290	2.354	2.418	2.484	2.551	2.619	2.687	2.757	2.828	2.889	2.898	2.918	2.948	2.985	3.023	3.064	3.111	3.162	3.218	3.277	3.336	3.395	3.457	3.521	3.587	3.654	3.723	3.793	3.863	3.935	
4.718	4.691	4.666	4.642	4.620	4.599	4.580	4.563	4.547	4.533	4.520	4.509	4.500	4.493	4.487	4.483	4.481	4.480	4.411	4.344	4.279	4.217	4.158	4.106	4.065	4.033	4.010	3.997	4.006	4.021	4.049	4.092	4.146	4.207	4.273	4.340	4.409	4.480	4.552	4.624	4.698	4.773	4.779	4.758	4.744	4.736	4.732	4.733	4.741	4.754	4.774	4.798	4.828	4.862	4.902	4.945	4.992	5.042	5.095	5.151	5.209	5.269	5.331	5.394	5.459	5.525	5.592	5.660	5.728	5.797	5.867	5.937	6.008	6.040	6.041	6.044	6.049	6.056	6.064	6.074	6.086	6.090	6.036	5.982	5.924	5.867	5.811	5.755	5.700	5.646	5.592	5.538	5.480	5.423	5.367	5.311	5.256	5.202	5.149	5.094	5.036	4.979	4.923	4.868	4.813	4.759	4.706	4.652	4.594	4.537	4.481	4.426	4.372	4.319	4.267	4.212	4.154	4.098	4.043	3.989	3.936	3.884	3.832	3.774	3.718	3.663	3.609	3.556	3.504	3.454	3.398	3.342	3.287	3.234	3.182	3.131	3.083	3.027	2.971	2.918	2.866	2.815	2.767	2.712	2.657	2.604	2.552	2.503	2.455	2.399	2.345	2.293	2.243	2.196	2.150	2.095	2.044	1.996	1.951	1.909	1.858	1.809	1.764	1.723	1.684	1.636	1.593	1.556	1.525	1.482	1.446	1.418	1.382	1.329	1.265	1.206	1.159	1.106	1.051	1.009	0.968	0.921	0.885	0.854	0.823	0.790	0.776	0.760	0.747	0.752	0.763	0.780	0.823	0.866	0.924	0.986	1.052	1.120	1.191	1.265	1.340	1.416	1.493	1.570	1.594	1.582	1.574	1.571	1.574	1.584	1.595	1.608	1.627	1.653	1.683	1.719	1.759	1.803	1.847	1.894	1.945	1.998	2.054	2.113	2.173	2.235	2.297	2.361	2.427	2.493	2.560	2.627	2.696	2.765	2.836	2.896	2.906	2.926	2.955	2.993	3.031	3.071	3.118	3.170	3.226	3.285	3.344	3.403	3.465	3.529	3.595	3.662	3.730	3.800	3.871	3.943	
4.738	4.711	4.686	4.663	4.640	4.620	4.601	4.584	4.568	4.554	4.541	4.530	4.521	4.514	4.508	4.504	4.502	4.501	4.433	4.365	4.300	4.238	4.179	4.127	4.086	4.055	4.031	4.019	4.027	4.042	4.070	4.113	4.167	4.229	4.294	4.361	4.430	4.501	4.573	4.645	4.719	4.794	4.800	4.780	4.765	4.757	4.753	4.755	4.762	4.776	4.795	4.819	4.849	4.884	4.923	4.966	5.013	5.063	5.116	5.172	5.230	5.290	5.352	5.415	5.480	5.546	5.613	5.681	5.749	5.818	5.888	5.959	6.030	6.061	6.062	6.066	6.071	6.077	6.085	6.095	6.107	6.096	6.042	5.987	5.930	5.873	5.816	5.761	5.706	5.651	5.598	5.543	5.485	5.428	5.372	5.316	5.261	5.207	5.154	5.099	5.041	4.984	4.928	4.872	4.818	4.764	4.711	4.656	4.598	4.542	4.486	4.431	4.377	4.324	4.272	4.215	4.158	4.102	4.047	3.993	3.940	3.888	3.835	3.778	3.721	3.666	3.612	3.559	3.508	3.458	3.401	3.345	3.290	3.236	3.184	3.134	3.085	3.028	2.973	2.919	2.867	2.817	2.769	2.718	2.662	2.609	2.557	2.508	2.461	2.413	2.359	2.307	2.257	2.211	2.167	2.117	2.066	2.017	1.972	1.931	1.880	1.831	1.786	1.745	1.704	1.656	1.614	1.577	1.544	1.501	1.465	1.437	1.410	1.362	1.302	1.249	1.200	1.142	1.092	1.055	1.005	0.964	0.932	0.899	0.867	0.841	0.832	0.810	0.805	0.813	0.823	0.837	0.872	0.917	0.966	1.025	1.090	1.157	1.226	1.296	1.368	1.442	1.517	1.593	1.601	1.589	1.584	1.581	1.585	1.594	1.605	1.618	1.637	1.662	1.693	1.728	1.768	1.812	1.855	1.902	1.953	2.006	2.062	2.120	2.180	2.242	2.306	2.370	2.436	2.502	2.570	2.638	2.707	2.776	2.846	2.907	2.916	2.936	2.965	3.003	3.041	3.082	3.129	3.180	3.236	3.295	3.354	3.414	3.475	3.539	3.605	3.672	3.741	3.811	3.882	3.953	
4.759	4.733	4.708	4.684	4.662	4.642	4.623	4.606	4.590	4.576	4.564	4.553	4.544	4.537	4.531	4.527	4.525	4.524	4.456	4.388	4.323	4.261	4.202	4.150	4.109	4.077	4.054	4.041	4.050	4.065	4.093	4.136	4.190	4.251	4.317	4.384	4.453	4.524	4.596	4.668	4.742	4.817	4.823	4.802	4.788	4.780	4.776	4.777	4.785	4.799	4.818	4.842	4.872	4.907	4.946	4.989	5.036	5.086	5.139	5.195	5.253	5.313	5.375	5.438	5.503	5.569	5.636	5.704	5.772	5.841	5.911	5.981	6.052	6.084	6.085	6.088	6.093	6.100	6.108	6.118	6.130	6.103	6.049	5.994	5.936	5.879	5.823	5.767	5.712	5.658	5.605	5.549	5.491	5.434	5.378	5.322	5.268	5.214	5.161	5.104	5.047	4.990	4.934	4.879	4.824	4.771	4.718	4.662	4.604	4.548	4.492	4.437	4.383	4.330	4.278	4.221	4.164	4.108	4.052	3.998	3.946	3.894	3.840	3.783	3.727	3.671	3.618	3.565	3.514	3.463	3.405	3.349	3.295	3.241	3.190	3.139	3.089	3.033	2.977	2.924	2.872	2.822	2.774	2.721	2.666	2.613	2.561	2.512	2.466	2.416	2.362	2.310	2.261	2.214	2.170	2.119	2.068	2.019	1.974	1.933	1.886	1.837	1.792	1.752	1.716	1.668	1.626	1.589	1.558	1.518	1.482	1.453	1.424	1.371	1.312	1.260	1.219	1.163	1.116	1.081	1.037	0.999	0.968	0.942	0.911	0.888	0.881	0.863	0.861	0.875	0.885	0.900	0.928	0.972	1.015	1.067	1.128	1.194	1.260	1.329	1.400	1.471	1.544	1.618	1.612	1.601	1.595	1.594	1.598	1.608	1.619	1.633	1.652	1.677	1.707	1.742	1.781	1.824	1.868	1.914	1.964	2.017	2.072	2.130	2.190	2.252	2.315	2.380	2.446	2.512	2.580	2.648	2.717	2.787	2.857	2.918	2.928	2.948	2.977	3.015	3.052	3.093	3.140	3.192	3.247	3.307	3.365	3.424	3.486	3.550	3.616	3.683	3.751	3.821	3.892	3.964	
4.782	4.756	4.731	4.708	4.686	4.666	4.647	4.630	4.614	4.600	4.588	4.577	4.568	4.561	4.555	4.551	4.549	4.549	4.480	4.412	4.347	4.285	4.226	4.174	4.134	4.102	4.078	4.066	4.075	4.090	4.117	4.160	4.214	4.276	4.342	4.408	4.478	4.548	4.620	4.693	4.767	4.842	4.847	4.827	4.812	4.804	4.801	4.802	4.809	4.823	4.842	4.866	4.896	4.931	4.970	5.013	5.060	5.110	5.164	5.219	5.277	5.337	5.399	5.463	5.528	5.594	5.661	5.728	5.796	5.866	5.935	6.006	6.077	6.108	6.110	6.113	6.118	6.124	6.132	6.142	6.154	6.111	6.057	6.001	5.944	5.887	5.831	5.775	5.720	5.666	5.613	5.556	5.499	5.442	5.386	5.330	5.276	5.222	5.169	5.112	5.054	4.998	4.942	4.887	4.832	4.779	4.726	4.669	4.612	4.555	4.500	4.445	4.391	4.338	4.286	4.228	4.171	4.115	4.060	4.006	3.954	3.902	3.847	3.790	3.734	3.679	3.625	3.573	3.522	3.470	3.413	3.357	3.302	3.249	3.197	3.147	3.096	3.040	2.985	2.931	2.880	2.830	2.782	2.728	2.673	2.620	2.569	2.520	2.474	2.423	2.369	2.317	2.268	2.222	2.178	2.126	2.075	2.026	1.982	1.941	1.892	1.844	1.799	1.759	1.722	1.674	1.632	1.595	1.565	1.523	1.487	1.459	1.433	1.379	1.320	1.268	1.226	1.170	1.123	1.088	1.043	1.005	0.975	0.947	0.916	0.893	0.886	0.867	0.865	0.879	0.889	0.904	0.932	0.976	1.018	1.071	1.132	1.198	1.264	1.333	1.404	1.475	1.548	1.622	1.617	1.605	1.600	1.598	1.602	1.613	1.623	1.637	1.656	1.681	1.711	1.746	1.785	1.828	1.872	1.918	1.968	2.021	2.076	2.134	2.194	2.256	2.319	2.384	2.450	2.516	2.584	2.652	2.721	2.791	2.861	2.922	2.932	2.952	2.981	3.018	3.056	3.096	3.143	3.195	3.250	3.309	3.368	3.427	3.488	3.552	3.618	3.685	3.754	3.823	3.894	3.966	
4.807	4.781	4.756	4.733	4.711	4.691	4.672	4.655	4.640	4.626	4.614	4.603	4.594	4.587	4.581	4.577	4.575	4.575	4.506	4.438	4.373	4.311	4.252	4.200	4.160	4.128	4.104	4.092	4.100	4.116	4.143	4.186	4.240	4.302	4.368	4.434	4.504	4.574	4.646	4.719	4.793	4.867	4.873	4.853	4.838	4.830	4.826	4.828	4.835	4.849	4.868	4.892	4.922	4.957	4.996	5.039	5.086	5.136	5.189	5.245	5.303	5.363	5.425	5.489	5.553	5.620	5.687	5.754	5.822	5.891	5.961	6.032	6.103	6.134	6.136	6.139	6.144	6.150	6.158	6.168	6.175	6.120	6.067	6.010	5.953	5.896	5.840	5.784	5.730	5.676	5.622	5.565	5.508	5.451	5.395	5.340	5.285	5.231	5.178	5.121	5.064	5.007	4.951	4.896	4.842	4.788	4.736	4.678	4.621	4.564	4.509	4.454	4.401	4.348	4.295	4.237	4.180	4.125	4.070	4.016	3.964	3.912	3.857	3.800	3.744	3.689	3.635	3.583	3.532	3.479	3.422	3.367	3.312	3.259	3.208	3.158	3.106	3.050	2.995	2.942	2.890	2.841	2.793	2.738	2.684	2.631	2.580	2.532	2.485	2.433	2.380	2.328	2.280	2.234	2.190	2.137	2.086	2.039	1.994	1.954	1.904	1.856	1.812	1.772	1.734	1.687	1.645	1.609	1.578	1.537	1.502	1.474	1.447	1.394	1.335	1.283	1.241	1.186	1.139	1.103	1.058	1.021	0.990	0.962	0.932	0.909	0.902	0.883	0.881	0.894	0.903	0.918	0.947	0.990	1.032	1.085	1.146	1.211	1.278	1.347	1.417	1.489	1.561	1.635	1.632	1.620	1.615	1.613	1.618	1.628	1.638	1.652	1.671	1.695	1.725	1.760	1.800	1.843	1.886	1.932	1.982	2.035	2.090	2.148	2.208	2.269	2.332	2.397	2.463	2.530	2.598	2.666	2.735	2.804	2.875	2.937	2.946	2.965	2.994	3.031	3.068	3.108	3.154	3.205	3.260	3.318	3.377	3.435	3.497	3.560	3.625	3.692	3.760	3.830	3.900	3.971	
4.833	4.807	4.782	4.759	4.737	4.717	4.699	4.682	4.667	4.653	4.641	4.630	4.621	4.614	4.609	4.605	4.603	4.602	4.533	4.465	4.401	4.339	4.279	4.228	4.187	4.155	4.131	4.119	4.128	4.143	4.171	4.214	4.268	4.329	4.395	4.462	4.531	4.602	4.673	4.746	4.820	4.895	4.901	4.880	4.866	4.857	4.854	4.855	4.863	4.876	4.895	4.920	4.949	4.984	5.023	5.067	5.114	5.164	5.217	5.273	5.331	5.391	5.453	5.516	5.581	5.647	5.714	5.782	5.850	5.919	5.989	6.059	6.130	6.162	6.163	6.166	6.171	6.177	6.185	6.195	6.185	6.131	6.077	6.020	5.963	5.906	5.850	5.795	5.740	5.686	5.633	5.575	5.518	5.461	5.405	5.350	5.296	5.242	5.189	5.131	5.074	5.018	4.962	4.907	4.853	4.800	4.747	4.689	4.632	4.575	4.520	4.466	4.412	4.360	4.306	4.248	4.192	4.136	4.081	4.028	3.975	3.924	3.868	3.811	3.755	3.701	3.648	3.595	3.545	3.491	3.434	3.379	3.325	3.272	3.221	3.172	3.118	3.062	3.008	2.955	2.904	2.855	2.807	2.752	2.697	2.645	2.595	2.546	2.501	2.448	2.395	2.344	2.295	2.250	2.206	2.153	2.103	2.056	2.012	1.972	1.922	1.874	1.831	1.792	1.753	1.707	1.666	1.631	1.599	1.559	1.524	1.498	1.468	1.416	1.357	1.305	1.265	1.209	1.162	1.127	1.083	1.045	1.015	0.988	0.958	0.935	0.928	0.908	0.906	0.918	0.928	0.943	0.971	1.014	1.055	1.108	1.169	1.234	1.301	1.370	1.440	1.512	1.584	1.658	1.658	1.646	1.640	1.639	1.643	1.654	1.662	1.676	1.695	1.720	1.750	1.785	1.824	1.866	1.909	1.955	2.005	2.058	2.113	2.171	2.231	2.292	2.355	2.420	2.486	2.553	2.621	2.689	2.758	2.827	2.898	2.961	2.970	2.989	3.016	3.052	3.088	3.127	3.172	3.222	3.276	3.334	3.392	3.450	3.510	3.573	3.637	3.703	3.771	3.840	3.910	3.981	
4.860	4.834	4.810	4.787	4.765	4.746	4.727	4.710	4.695	4.681	4.669	4.659	4.650	4.643	4.638	4.634	4.632	4.631	4.562	4.494	4.430	4.368	4.308	4.257	4.216	4.184	4.160	4.148	4.157	4.172	4.199	4.242	4.297	4.358	4.424	4.491	4.560	4.631	4.702	4.775	4.849	4.924	4.930	4.909	4.895	4.886	4.883	4.884	4.892	4.905	4.924	4.949	4.978	5.013	5.052	5.096	5.143	5.193	5.246	5.302	5.360	5.420	5.481	5.545	5.610	5.676	5.743	5.810	5.879	5.948	6.018	6.088	6.159	6.191	6.192	6.195	6.200	6.206	6.214	6.224	6.197	6.143	6.089	6.031	5.974	5.918	5.862	5.807	5.752	5.698	5.645	5.587	5.530	5.473	5.417	5.362	5.308	5.255	5.201	5.143	5.086	5.030	4.974	4.919	4.865	4.812	4.759	4.701	4.644	4.588	4.533	4.479	4.425	4.373	4.318	4.261	4.205	4.149	4.095	4.042	3.989	3.938	3.881	3.825	3.769	3.715	3.662	3.610	3.560	3.505	3.449	3.394	3.340	3.288	3.237	3.187	3.134	3.078	3.024	2.971	2.921	2.872	2.824	2.768	2.714	2.662	2.613	2.565	2.520	2.466	2.413	2.363	2.315	2.270	2.225	2.173	2.124	2.077	2.035	1.994	1.944	1.898	1.855	1.817	1.777	1.733	1.693	1.659	1.627	1.588	1.555	1.529	1.494	1.445	1.385	1.334	1.293	1.240	1.193	1.158	1.116	1.078	1.048	1.022	0.992	0.969	0.962	0.942	0.940	0.951	0.961	0.976	1.004	1.045	1.086	1.139	1.200	1.266	1.332	1.401	1.472	1.543	1.616	1.690	1.692	1.680	1.675	1.673	1.677	1.688	1.696	1.709	1.729	1.753	1.783	1.818	1.858	1.897	1.940	1.986	2.036	2.089	2.144	2.202	2.262	2.324	2.387	2.452	2.518	2.584	2.652	2.720	2.789	2.859	2.929	2.995	3.003	3.021	3.047	3.081	3.117	3.154	3.198	3.246	3.299	3.355	3.413	3.469	3.529	3.590	3.654	3.720	3.787	3.855	3.924	3.994	
4.888	4.863	4.839	4.816	4.795	4.775	4.757	4.740	4.725	4.711	4.699	4.689	4.680	4.673	4.668	4.664	4.662	4.661	4.593	4.525	4.460	4.398	4.339	4.287	4.246	4.214	4.191	4.178	4.187	4.202	4.230	4.273	4.327	4.389	4.454	4.521	4.590	4.661	4.733	4.805	4.879	4.954	4.960	4.939	4.925	4.917	4.913	4.914	4.922	4.936	4.955	4.979	5.009	5.044	5.083	5.126	5.173	5.223	5.276	5.332	5.390	5.450	5.512	5.575	5.640	5.706	5.773	5.841	5.909	5.978	6.048	6.119	6.189	6.221	6.222	6.225	6.230	6.236	6.244	6.254	6.209	6.155	6.101	6.044	5.987	5.930	5.875	5.820	5.765	5.712	5.657	5.600	5.543	5.486	5.431	5.376	5.322	5.268	5.214	5.156	5.099	5.043	4.988	4.933	4.880	4.827	4.772	4.715	4.658	4.602	4.547	4.493	4.440	4.388	4.333	4.276	4.220	4.164	4.110	4.057	4.005	3.954	3.897	3.840	3.785	3.731	3.678	3.627	3.577	3.521	3.466	3.411	3.357	3.305	3.255	3.206	3.151	3.096	3.042	2.990	2.940	2.892	2.843	2.788	2.735	2.683	2.634	2.587	2.541	2.487	2.435	2.386	2.339	2.295	2.249	2.198	2.149	2.104	2.062	2.021	1.972	1.926	1.885	1.848	1.808	1.765	1.726	1.693	1.661	1.623	1.592	1.567	1.526	1.479	1.420	1.368	1.327	1.277	1.230	1.195	1.156	1.118	1.087	1.063	1.033	1.010	1.003	0.984	0.982	0.992	1.002	1.017	1.045	1.084	1.125	1.178	1.239	1.304	1.371	1.440	1.510	1.582	1.654	1.728	1.734	1.722	1.717	1.715	1.719	1.729	1.737	1.750	1.770	1.794	1.824	1.859	1.897	1.936	1.978	2.025	2.075	2.128	2.183	2.241	2.300	2.362	2.425	2.490	2.556	2.623	2.691	2.759	2.828	2.897	2.968	3.036	3.044	3.060	3.085	3.118	3.152	3.188	3.230	3.276	3.328	3.382	3.439	3.494	3.552	3.613	3.676	3.740	3.806	3.873	3.942	4.012	
4.918	4.893	4.869	4.847	4.825	4.806	4.788	4.771	4.756	4.743	4.731	4.721	4.712	4.705	4.700	4.696	4.694	4.693	4.624	4.556	4.492	4.430	4.370	4.319	4.278	4.246	4.222	4.210	4.219	4.234	4.262	4.305	4.359	4.420	4.486	4.553	4.622	4.693	4.764	4.837	4.911	4.986	4.992	4.971	4.957	4.948	4.945	4.946	4.954	4.967	4.986	5.011	5.041	5.075	5.114	5.158	5.205	5.255	5.308	5.364	5.422	5.482	5.544	5.607	5.672	5.738	5.805	5.873	5.941	6.010	6.080	6.150	6.221	6.253	6.254	6.257	6.262	6.268	6.276	6.278	6.223	6.169	6.115	6.057	6.000	5.944	5.889	5.834	5.780	5.726	5.671	5.614	5.557	5.501	5.445	5.391	5.337	5.283	5.229	5.171	5.114	5.058	5.003	4.949	4.895	4.843	4.788	4.730	4.674	4.618	4.564	4.510	4.457	4.405	4.349	4.292	4.236	4.181	4.128	4.075	4.023	3.971	3.914	3.858	3.803	3.750	3.697	3.646	3.596	3.540	3.484	3.430	3.377	3.326	3.275	3.227	3.171	3.117	3.064	3.012	2.962	2.914	2.865	2.810	2.758	2.707	2.658	2.612	2.565	2.512	2.461	2.412	2.366	2.323	2.276	2.226	2.179	2.134	2.093	2.052	2.004	1.960	1.920	1.884	1.843	1.802	1.765	1.733	1.701	1.665	1.635	1.612	1.562	1.518	1.459	1.407	1.367	1.320	1.273	1.238	1.201	1.163	1.133	1.110	1.081	1.058	1.051	1.033	1.031	1.040	1.049	1.064	1.093	1.128	1.170	1.223	1.284	1.349	1.416	1.485	1.555	1.627	1.699	1.773	1.782	1.771	1.765	1.763	1.768	1.776	1.784	1.798	1.817	1.841	1.871	1.906	1.942	1.981	2.023	2.070	2.120	2.172	2.228	2.286	2.345	2.407	2.470	2.535	2.601	2.668	2.735	2.804	2.873	2.942	3.013	3.083	3.090	3.106	3.130	3.160	3.193	3.227	3.267	3.312	3.362	3.415	3.470	3.524	3.581	3.640	3.702	3.765	3.830	3.896	3.964	4.032	
4.950	4.925	4.901	4.878	4.858	4.838	4.820	4.804	4.789	4.776	4.764	4.754	4.745	4.738	4.733	4.729	4.727	4.726	4.657	4.590	4.525	4.463	4.404	4.352	4.311	4.279	4.255	4.243	4.252	4.267	4.295	4.338	4.392	4.453	4.519	4.586	4.655	4.726	4.798	4.870	4.944	5.019	5.025	5.004	4.990	4.982	4.978	4.979	4.987	5.000	5.019	5.044	5.074	5.108	5.148	5.191	5.238	5.288	5.341	5.397	5.455	5.515	5.577	5.640	5.705	5.771	5.838	5.906	5.974	6.043	6.113	6.183	6.254	6.286	6.287	6.290	6.295	6.301	6.309	6.292	6.238	6.185	6.129	6.072	6.015	5.959	5.904	5.849	5.795	5.742	5.686	5.629	5.572	5.516	5.461	5.407	5.353	5.300	5.244	5.187	5.131	5.075	5.020	4.966	4.913	4.860	4.804	4.747	4.691	4.636	4.581	4.528	4.475	4.424	4.367	4.310	4.255	4.200	4.147	4.094	4.043	3.990	3.933	3.878	3.823	3.770	3.718	3.667	3.617	3.561	3.506	3.452	3.399	3.348	3.298	3.250	3.194	3.140	3.087	3.036	2.987	2.940	2.890	2.836	2.784	2.734	2.686	2.640	2.593	2.541	2.490	2.442	2.397	2.355	2.308	2.258	2.212	2.169	2.129	2.087	2.040	1.998	1.959	1.924	1.884	1.843	1.808	1.778	1.745	1.711	1.683	1.657	1.603	1.559	1.503	1.452	1.411	1.367	1.321	1.285	1.252	1.214	1.184	1.161	1.134	1.111	1.104	1.086	1.084	1.092	1.102	1.117	1.145	1.179	1.220	1.273	1.334	1.399	1.466	1.535	1.605	1.676	1.748	1.820	1.836	1.824	1.819	1.817	1.821	1.829	1.836	1.850	1.869	1.894	1.924	1.958	1.992	2.031	2.073	2.120	2.170	2.223	2.278	2.336	2.395	2.457	2.520	2.585	2.651	2.718	2.786	2.854	2.923	2.992	3.063	3.134	3.142	3.157	3.179	3.208	3.239	3.272	3.310	3.353	3.401	3.452	3.506	3.558	3.614	3.671	3.731	3.793	3.857	3.922	3.989	4.057	
4.982	4.957	4.934	4.912	4.891	4.872	4.854	4.838	4.823	4.810	4.798	4.788	4.779	4.772	4.767	4.763	4.761	4.761	4.692	4.624	4.559	4.497	4.438	4.386	4.346	4.314	4.290	4.278	4.287	4.302	4.329	4.372	4.426	4.488	4.554	4.620	4.690	4.760	4.832	4.905	4.979	5.054	5.059	5.039	5.024	5.016	5.012	5.014	5.021	5.035	5.054	5.078	5.108	5.143	5.182	5.225	5.272	5.322	5.376	5.431	5.489	5.549	5.611	5.675	5.740	5.806	5.873	5.940	6.008	6.078	6.147	6.218	6.289	6.320	6.322	6.325	6.329	6.335	6.343	6.308	6.254	6.201	6.145	6.088	6.031	5.976	5.920	5.866	5.812	5.759	5.703	5.646	5.589	5.533	5.478	5.424	5.371	5.318	5.262	5.205	5.148	5.093	5.038	4.984	4.931	4.879	4.823	4.766	4.710	4.655	4.601	4.547	4.495	4.444	4.386	4.330	4.275	4.221	4.167	4.115	4.064	4.011	3.955	3.899	3.845	3.792	3.741	3.690	3.640	3.584	3.529	3.476	3.423	3.373	3.324	3.274	3.219	3.166	3.114	3.063	3.015	2.968	2.917	2.864	2.813	2.763	2.716	2.671	2.624	2.572	2.523	2.476	2.431	2.390	2.342	2.294	2.249	2.207	2.168	2.126	2.081	2.039	2.002	1.968	1.928	1.889	1.856	1.827	1.795	1.762	1.735	1.701	1.647	1.603	1.551	1.500	1.459	1.419	1.372	1.337	1.307	1.269	1.239	1.216	1.191	1.168	1.161	1.144	1.142	1.149	1.159	1.174	1.202	1.233	1.275	1.327	1.388	1.454	1.520	1.588	1.657	1.728	1.799	1.872	1.893	1.882	1.876	1.875	1.879	1.885	1.893	1.907	1.926	1.951	1.981	2.012	2.047	2.085	2.128	2.174	2.224	2.277	2.332	2.390	2.450	2.512	2.575	2.640	2.706	2.773	2.840	2.908	2.976	3.045	3.115	3.185	3.199	3.212	3.233	3.260	3.290	3.321	3.358	3.399	3.444	3.493	3.546	3.597	3.650	3.707	3.765	3.826	3.888	3.952	4.018	4.084	
5.016	4.992	4.968	4.946	4.926	4.906	4.889	4.873	4.858	4.845	4.833	4.823	4.815	4.808	4.803	4.799	4.797	4.796	4.728	4.660	4.595	4.533	4.474	4.422	4.381	4.350	4.326	4.314	4.322	4.337	4.365	4.408	4.462	4.524	4.589	4.656	4.725	4.796	4.868	4.940	5.014	5.089	5.095	5.075	5.060	5.052	5.048	5.050	5.057	5.071	5.090	5.114	5.144	5.179	5.218	5.261	5.308	5.358	5.411	5.467	5.525	5.585	5.647	5.710	5.775	5.841	5.908	5.976	6.044	6.113	6.183	6.254	6.325	6.356	6.357	6.360	6.365	6.371	6.379	6.326	6.272	6.218	6.162	6.105	6.049	5.993	5.938	5.884	5.830	5.777	5.720	5.664	5.607	5.552	5.497	5.443	5.390	5.337	5.280	5.224	5.168	5.112	5.058	5.004	4.951	4.899	4.842	4.786	4.730	4.675	4.622	4.569	4.517	4.464	4.408	4.352	4.297	4.243	4.190	4.138	4.088	4.033	3.978	3.923	3.869	3.817	3.765	3.715	3.664	3.609	3.555	3.502	3.450	3.400	3.351	3.301	3.247	3.194	3.142	3.093	3.045	2.998	2.947	2.895	2.844	2.796	2.749	2.705	2.657	2.606	2.558	2.512	2.469	2.428	2.380	2.333	2.289	2.248	2.210	2.168	2.125	2.085	2.048	2.016	1.976	1.939	1.907	1.879	1.847	1.817	1.791	1.749	1.695	1.651	1.603	1.551	1.511	1.475	1.428	1.392	1.365	1.327	1.297	1.274	1.251	1.228	1.221	1.205	1.203	1.209	1.219	1.234	1.262	1.291	1.333	1.386	1.446	1.510	1.576	1.643	1.712	1.783	1.854	1.927	1.955	1.943	1.937	1.936	1.940	1.946	1.954	1.967	1.986	2.011	2.041	2.071	2.105	2.143	2.186	2.233	2.282	2.335	2.391	2.448	2.508	2.570	2.633	2.697	2.762	2.828	2.895	2.963	3.031	3.100	3.170	3.240	3.258	3.271	3.291	3.317	3.345	3.374	3.409	3.448	3.492	3.539	3.590	3.639	3.691	3.746	3.803	3.862	3.923	3.985	4.050	4.115	
5.052	5.027	5.004	4.982	4.961	4.943	4.925	4.909	4.895	4.882	4.870	4.860	4.852	4.845	4.840	4.836	4.834	4.834	4.765	4.697	4.632	4.570	4.511	4.459	4.418	4.387	4.363	4.351	4.359	4.374	4.402	4.445	4.499	4.561	4.626	4.693	4.762	4.833	4.905	4.978	5.052	5.126	5.132	5.112	5.097	5.089	5.085	5.087	5.094	5.108	5.127	5.151	5.181	5.216	5.255	5.298	5.345	5.395	5.448	5.504	5.562	5.622	5.684	5.747	5.812	5.879	5.945	6.013	6.081	6.150	6.220	6.291	6.362	6.393	6.394	6.397	6.402	6.408	6.398	6.344	6.290	6.237	6.180	6.123	6.067	6.012	5.957	5.903	5.849	5.797	5.739	5.683	5.627	5.571	5.517	5.463	5.410	5.358	5.300	5.244	5.188	5.133	5.079	5.025	4.973	4.921	4.864	4.807	4.752	4.698	4.644	4.591	4.540	4.487	4.431	4.375	4.320	4.267	4.214	4.163	4.113	4.058	4.003	3.948	3.895	3.843	3.792	3.742	3.691	3.636	3.582	3.530	3.479	3.429	3.381	3.330	3.277	3.224	3.174	3.124	3.077	3.031	2.980	2.928	2.878	2.831	2.785	2.741	2.693	2.644	2.596	2.551	2.509	2.469	2.421	2.375	2.333	2.293	2.256	2.214	2.172	2.133	2.098	2.067	2.027	1.992	1.961	1.935	1.903	1.874	1.850	1.800	1.746	1.702	1.658	1.606	1.566	1.533	1.486	1.451	1.423	1.389	1.359	1.336	1.314	1.291	1.284	1.269	1.267	1.272	1.282	1.297	1.325	1.352	1.394	1.447	1.507	1.569	1.634	1.701	1.770	1.841	1.912	1.985	2.018	2.007	2.001	2.000	2.004	2.009	2.017	2.030	2.050	2.074	2.103	2.132	2.166	2.205	2.247	2.294	2.344	2.396	2.452	2.509	2.569	2.630	2.692	2.755	2.820	2.886	2.953	3.021	3.089	3.158	3.228	3.298	3.321	3.333	3.352	3.376	3.402	3.430	3.463	3.501	3.543	3.588	3.637	3.685	3.735	3.788	3.844	3.901	3.961	4.022	4.085	4.149	
5.088	5.063	5.040	5.019	4.999	4.980	4.962	4.947	4.932	4.919	4.908	4.898	4.890	4.883	4.878	4.874	4.872	4.872	4.803	4.735	4.671	4.608	4.549	4.498	4.457	4.425	4.401	4.389	4.398	4.413	4.440	4.483	4.538	4.599	4.665	4.731	4.801	4.872	4.943	5.016	5.090	5.164	5.170	5.150	5.135	5.127	5.124	5.125	5.132	5.146	5.165	5.189	5.219	5.254	5.293	5.336	5.383	5.434	5.487	5.542	5.600	5.660	5.722	5.786	5.851	5.917	5.984	6.051	6.120	6.189	6.258	6.329	6.400	6.431	6.433	6.436	6.440	6.446	6.417	6.363	6.310	6.256	6.199	6.143	6.087	6.032	5.977	5.923	5.870	5.817	5.760	5.703	5.647	5.592	5.538	5.484	5.431	5.379	5.322	5.265	5.210	5.155	5.101	5.048	4.996	4.943	4.886	4.830	4.775	4.721	4.668	4.616	4.564	4.511	4.455	4.400	4.346	4.292	4.240	4.189	4.139	4.084	4.029	3.975	3.922	3.871	3.820	3.771	3.719	3.665	3.612	3.560	3.509	3.460	3.413	3.362	3.309	3.257	3.207	3.158	3.112	3.067	3.015	2.964	2.915	2.868	2.823	2.781	2.732	2.684	2.637	2.593	2.552	2.512	2.465	2.420	2.379	2.340	2.304	2.262	2.222	2.184	2.151	2.120	2.082	2.048	2.018	1.993	1.962	1.935	1.909	1.853	1.799	1.756	1.716	1.664	1.623	1.591	1.547	1.512	1.484	1.453	1.422	1.399	1.380	1.357	1.350	1.335	1.333	1.338	1.348	1.363	1.390	1.416	1.458	1.510	1.568	1.630	1.695	1.762	1.831	1.902	1.973	2.046	2.085	2.073	2.067	2.066	2.070	2.074	2.082	2.096	2.115	2.140	2.166	2.195	2.229	2.268	2.311	2.357	2.407	2.460	2.515	2.573	2.631	2.691	2.753	2.816	2.881	2.947	3.014	3.082	3.150	3.219	3.289	3.359	3.386	3.398	3.415	3.438	3.463	3.489	3.521	3.557	3.596	3.640	3.687	3.733	3.782	3.834	3.887	3.943	4.001	4.061	4.123	4.185	
5.125	5.101	5.078	5.057	5.037	5.018	5.001	4.985	4.971	4.958	4.947	4.937	4.929	4.923	4.917	4.914	4.912	4.911	4.843	4.775	4.710	4.648	4.589	4.537	4.496	4.464	4.441	4.428	4.437	4.452	4.480	4.523	4.577	4.638	4.704	4.771	4.840	4.911	4.983	5.055	5.129	5.202	5.210	5.189	5.175	5.167	5.163	5.164	5.172	5.186	5.205	5.229	5.259	5.293	5.333	5.376	5.423	5.473	5.526	5.582	5.640	5.700	5.762	5.825	5.890	5.956	6.023	6.091	6.159	6.228	6.298	6.368	6.439	6.471	6.472	6.475	6.479	6.485	6.437	6.383	6.330	6.276	6.220	6.163	6.108	6.053	5.998	5.944	5.891	5.838	5.781	5.725	5.669	5.614	5.560	5.507	5.454	5.401	5.344	5.288	5.233	5.179	5.125	5.072	5.020	4.967	4.910	4.855	4.800	4.746	4.694	4.642	4.591	4.537	4.481	4.426	4.372	4.320	4.268	4.217	4.168	4.112	4.058	4.004	3.952	3.901	3.851	3.802	3.750	3.696	3.643	3.592	3.542	3.493	3.447	3.395	3.343	3.292	3.242	3.195	3.149	3.104	3.052	3.002	2.954	2.908	2.864	2.822	2.773	2.726	2.681	2.638	2.597	2.557	2.511	2.468	2.428	2.390	2.356	2.314	2.274	2.238	2.206	2.175	2.139	2.106	2.078	2.054	2.024	1.997	1.961	1.910	1.856	1.812	1.775	1.724	1.683	1.651	1.611	1.575	1.547	1.518	1.488	1.465	1.447	1.424	1.417	1.403	1.401	1.405	1.415	1.430	1.456	1.482	1.523	1.576	1.632	1.693	1.758	1.825	1.894	1.965	2.037	2.109	2.153	2.141	2.135	2.134	2.138	2.142	2.150	2.163	2.182	2.207	2.232	2.261	2.295	2.334	2.377	2.423	2.473	2.526	2.581	2.636	2.694	2.754	2.816	2.880	2.944	3.010	3.077	3.145	3.213	3.282	3.352	3.422	3.453	3.464	3.480	3.502	3.526	3.551	3.581	3.615	3.653	3.695	3.740	3.785	3.832	3.882	3.934	3.988	4.045	4.103	4.163	4.225	
5.164	5.140	5.117	5.096	5.076	5.058	5.041	5.025	5.011	4.999	4.987	4.978	4.970	4.963	4.958	4.954	4.952	4.952	4.883	4.815	4.751	4.688	4.629	4.578	4.537	4.505	4.481	4.469	4.478	4.493	4.520	4.563	4.618	4.679	4.745	4.812	4.881	4.952	5.023	5.096	5.168	5.242	5.251	5.230	5.216	5.207	5.204	5.205	5.213	5.226	5.245	5.270	5.299	5.334	5.373	5.417	5.464	5.514	5.567	5.623	5.680	5.741	5.802	5.866	5.931	5.997	6.064	6.131	6.200	6.269	6.339	6.409	6.480	6.511	6.513	6.516	6.520	6.513	6.459	6.405	6.352	6.298	6.241	6.185	6.129	6.075	6.020	5.967	5.914	5.860	5.803	5.748	5.692	5.638	5.584	5.531	5.478	5.425	5.368	5.312	5.258	5.203	5.150	5.098	5.046	4.992	4.936	4.881	4.827	4.773	4.721	4.669	4.618	4.564	4.509	4.454	4.401	4.349	4.297	4.247	4.197	4.142	4.088	4.035	3.983	3.932	3.883	3.835	3.782	3.729	3.677	3.626	3.576	3.529	3.482	3.431	3.379	3.329	3.280	3.233	3.188	3.142	3.091	3.042	2.995	2.950	2.907	2.866	2.817	2.771	2.726	2.684	2.645	2.605	2.560	2.518	2.479	2.442	2.408	2.367	2.329	2.295	2.264	2.233	2.198	2.167	2.140	2.116	2.087	2.060	2.015	1.968	1.914	1.870	1.837	1.786	1.745	1.713	1.676	1.640	1.612	1.586	1.556	1.533	1.516	1.493	1.486	1.473	1.471	1.474	1.484	1.499	1.524	1.549	1.591	1.643	1.697	1.758	1.824	1.890	1.959	2.030	2.102	2.174	2.222	2.210	2.205	2.203	2.208	2.211	2.219	2.232	2.251	2.276	2.299	2.329	2.363	2.401	2.444	2.491	2.540	2.593	2.646	2.702	2.760	2.820	2.881	2.945	3.010	3.076	3.143	3.210	3.278	3.347	3.417	3.488	3.522	3.532	3.547	3.568	3.591	3.615	3.643	3.675	3.712	3.752	3.795	3.839	3.885	3.933	3.983	4.036	4.091	4.148	4.206	4.267	
5.204	5.180	5.158	5.137	5.117	5.099	5.082	5.066	5.052	5.040	5.029	5.019	5.011	5.005	5.000	4.996	4.994	4.994	4.925	4.857	4.792	4.730	4.671	4.619	4.579	4.547	4.523	4.511	4.520	4.535	4.562	4.605	4.659	4.721	4.787	4.853	4.923	4.994	5.065	5.137	5.209	5.282	5.292	5.272	5.257	5.249	5.246	5.247	5.254	5.268	5.287	5.311	5.341	5.376	5.415	5.458	5.505	5.555	5.609	5.664	5.722	5.782	5.844	5.908	5.973	6.039	6.106	6.173	6.241	6.311	6.380	6.451	6.522	6.553	6.555	6.557	6.562	6.535	6.481	6.427	6.374	6.320	6.263	6.208	6.152	6.098	6.044	5.991	5.938	5.884	5.827	5.772	5.717	5.662	5.609	5.556	5.504	5.449	5.393	5.338	5.283	5.229	5.176	5.124	5.073	5.019	4.963	4.908	4.854	4.801	4.749	4.698	4.647	4.593	4.538	4.484	4.431	4.379	4.328	4.278	4.228	4.173	4.120	4.067	4.016	3.966	3.917	3.869	3.816	3.763	3.712	3.662	3.613	3.566	3.520	3.468	3.417	3.367	3.319	3.273	3.229	3.183	3.133	3.085	3.039	2.994	2.952	2.910	2.863	2.817	2.774	2.733	2.695	2.655	2.611	2.570	2.532	2.497	2.463	2.423	2.386	2.353	2.323	2.292	2.259	2.229	2.203	2.180	2.152	2.116	2.072	2.028	1.974	1.931	1.897	1.850	1.809	1.777	1.742	1.707	1.679	1.655	1.625	1.602	1.587	1.564	1.557	1.543	1.541	1.545	1.554	1.569	1.593	1.618	1.660	1.710	1.764	1.825	1.890	1.957	2.026	2.097	2.169	2.241	2.293	2.281	2.276	2.274	2.279	2.281	2.289	2.303	2.322	2.345	2.368	2.397	2.432	2.470	2.513	2.560	2.609	2.660	2.713	2.768	2.826	2.886	2.948	3.011	3.076	3.142	3.209	3.277	3.345	3.414	3.484	3.554	3.592	3.602	3.616	3.635	3.657	3.680	3.707	3.738	3.773	3.811	3.853	3.896	3.939	3.986	4.035	4.086	4.140	4.195	4.252	4.311	
5.245	5.221	5.199	5.178	5.159	5.141	5.124	5.109	5.095	5.082	5.071	5.062	5.054	5.048	5.043	5.039	5.037	5.037	4.968	4.900	4.835	4.773	4.714	4.662	4.622	4.590	4.566	4.554	4.562	4.578	4.605	4.648	4.702	4.764	4.830	4.896	4.966	5.036	5.108	5.179	5.251	5.324	5.335	5.315	5.300	5.292	5.288	5.290	5.297	5.311	5.330	5.354	5.384	5.419	5.458	5.501	5.548	5.598	5.651	5.707	5.765	5.825	5.887	5.950	6.015	6.082	6.148	6.216	6.284	6.353	6.423	6.494	6.565	6.596	6.597	6.600	6.604	6.558	6.504	6.451	6.398	6.343	6.287	6.231	6.176	6.122	6.068	6.015	5.963	5.908	5.852	5.797	5.742	5.688	5.635	5.582	5.530	5.476	5.420	5.365	5.310	5.257	5.204	5.152	5.101	5.047	4.991	4.937	4.883	4.831	4.779	4.728	4.678	4.623	4.568	4.515	4.462	4.411	4.360	4.311	4.260	4.206	4.153	4.101	4.050	4.001	3.952	3.905	3.851	3.799	3.749	3.699	3.651	3.604	3.559	3.507	3.457	3.408	3.361	3.315	3.271	3.225	3.177	3.129	3.084	3.040	2.999	2.957	2.911	2.866	2.824	2.784	2.747	2.707	2.664	2.625	2.587	2.553	2.519	2.481	2.445	2.413	2.384	2.354	2.322	2.293	2.268	2.245	2.218	2.174	2.130	2.090	2.036	1.993	1.959	1.915	1.874	1.842	1.810	1.775	1.747	1.725	1.695	1.672	1.658	1.635	1.628	1.615	1.613	1.616	1.626	1.641	1.663	1.688	1.730	1.778	1.832	1.893	1.959	2.025	2.094	2.165	2.237	2.309	2.365	2.353	2.348	2.346	2.350	2.353	2.360	2.374	2.393	2.415	2.439	2.468	2.502	2.541	2.583	2.630	2.678	2.728	2.781	2.837	2.895	2.955	3.016	3.080	3.145	3.211	3.278	3.345	3.413	3.482	3.552	3.623	3.663	3.672	3.686	3.704	3.725	3.747	3.773	3.802	3.836	3.873	3.913	3.954	3.996	4.041	4.089	4.138	4.190	4.244	4.300	4.357	
5.287	5.263	5.241	5.221	5.201	5.183	5.167	5.152	5.138	5.126	5.115	5.106	5.098	5.091	5.086	5.083	5.081	5.081	5.012	4.944	4.879	4.817	4.758	4.706	4.666	4.634	4.610	4.598	4.606	4.621	4.649	4.692	4.746	4.808	4.874	4.940	5.009	5.080	5.151	5.222	5.294	5.367	5.379	5.359	5.344	5.336	5.332	5.334	5.341	5.355	5.374	5.398	5.428	5.463	5.502	5.545	5.592	5.642	5.695	5.751	5.809	5.869	5.931	5.994	6.059	6.126	6.192	6.260	6.328	6.397	6.467	6.538	6.608	6.640	6.641	6.644	6.637	6.582	6.529	6.476	6.423	6.368	6.312	6.256	6.202	6.148	6.094	6.041	5.989	5.934	5.878	5.823	5.769	5.715	5.662	5.610	5.558	5.503	5.447	5.393	5.339	5.286	5.233	5.182	5.131	5.076	5.021	4.967	4.914	4.861	4.810	4.759	4.709	4.654	4.600	4.547	4.495	4.444	4.394	4.345	4.294	4.240	4.188	4.136	4.086	4.037	3.989	3.941	3.889	3.837	3.787	3.738	3.691	3.645	3.599	3.548	3.498	3.450	3.404	3.359	3.316	3.270	3.222	3.176	3.131	3.088	3.048	3.006	2.960	2.917	2.876	2.837	2.800	2.760	2.719	2.681	2.645	2.611	2.577	2.540	2.506	2.475	2.447	2.417	2.386	2.359	2.335	2.312	2.286	2.234	2.190	2.154	2.100	2.056	2.022	1.982	1.941	1.909	1.880	1.844	1.816	1.796	1.766	1.743	1.731	1.708	1.700	1.688	1.686	1.689	1.698	1.713	1.734	1.760	1.801	1.847	1.901	1.962	2.028	2.095	2.164	2.235	2.306	2.379	2.437	2.426	2.420	2.419	2.423	2.425	2.433	2.447	2.466	2.486	2.510	2.539	2.573	2.612	2.655	2.701	2.747	2.798	2.851	2.906	2.964	3.024	3.086	3.149	3.214	3.280	3.347	3.415	3.483	3.552	3.622	3.692	3.735	3.744	3.757	3.774	3.795	3.815	3.840	3.868	3.900	3.935	3.974	4.014	4.055	4.098	4.144	4.193	4.243	4.295	4.350	4.406	
5.330	5.307	5.285	5.264	5.245	5.227	5.211	5.196	5.183	5.170	5.160	5.150	5.143	5.136	5.131	5.128	5.126	5.126	5.057	4.989	4.924	4.862	4.803	4.751	4.711	4.679	4.655	4.643	4.651	4.666	4.694	4.737	4.791	4.853	4.919	4.985	5.054	5.124	5.194	5.266	5.338	5.411	5.424	5.404	5.389	5.381	5.377	5.379	5.386	5.400	5.419	5.443	5.473	5.508	5.547	5.590	5.637	5.687	5.740	5.796	5.854	5.914	5.976	6.039	6.104	6.171	6.237	6.305	6.373	6.442	6.512	6.582	6.652	6.685	6.686	6.689	6.662	6.608	6.554	6.501	6.449	6.393	6.337	6.282	6.228	6.174	6.121	6.068	6.017	5.961	5.905	5.850	5.796	5.743	5.690	5.638	5.587	5.531	5.476	5.422	5.368	5.315	5.263	5.212	5.162	5.106	5.052	4.998	4.945	4.893	4.842	4.792	4.742	4.687	4.634	4.581	4.530	4.479	4.430	4.381	4.329	4.276	4.224	4.174	4.124	4.075	4.028	3.980	3.928	3.877	3.827	3.779	3.733	3.687	3.641	3.591	3.542	3.495	3.449	3.405	3.363	3.316	3.269	3.224	3.180	3.138	3.098	3.056	3.012	2.970	2.929	2.891	2.856	2.816	2.776	2.738	2.703	2.671	2.637	2.601	2.568	2.538	2.512	2.481	2.452	2.425	2.403	2.380	2.350	2.296	2.252	2.218	2.165	2.121	2.087	2.050	2.009	1.977	1.950	1.915	1.887	1.867	1.838	1.815	1.804	1.781	1.774	1.762	1.760	1.762	1.771	1.787	1.806	1.832	1.873	1.918	1.972	2.033	2.099	2.165	2.234	2.305	2.377	2.449	2.510	2.500	2.494	2.492	2.497	2.498	2.506	2.520	2.539	2.558	2.582	2.611	2.645	2.684	2.727	2.771	2.818	2.868	2.921	2.977	3.034	3.094	3.156	3.220	3.284	3.351	3.417	3.485	3.553	3.622	3.692	3.763	3.808	3.817	3.829	3.846	3.865	3.885	3.908	3.935	3.966	4.000	4.037	4.076	4.115	4.157	4.202	4.249	4.298	4.349	4.402	4.456	
