dim: 256 x 105 x 207
axis=2 slice=15

5.983	5.958	5.934	5.911	5.890	5.871	5.853	5.836	5.822	5.808	5.796	5.786	5.778	5.771	5.765	5.762	5.759	5.759	5.723	5.677	5.613	5.550	5.489	5.430	5.373	5.318	5.267	5.218	5.172	5.126	5.085	5.046	5.009	4.977	4.950	4.930	4.914	4.901	4.893	4.892	4.894	4.899	4.909	4.923	4.936	4.952	4.968	4.982	4.984	4.986	4.994	5.004	5.013	5.026	5.040	5.055	5.070	5.086	5.105	5.127	5.151	5.177	5.205	5.237	5.271	5.308	5.344	5.384	5.426	5.469	5.516	5.565	5.616	5.639	5.640	5.643	5.648	5.654	5.662	5.672	5.683	5.695	5.709	5.725	5.742	5.761	5.781	5.803	5.826	5.851	5.877	5.904	5.933	5.963	5.994	6.027	6.061	6.096	6.132	6.169	6.207	6.247	6.287	6.329	6.372	6.415	6.371	6.326	6.282	6.240	6.197	6.150	6.105	6.061	6.017	5.975	5.934	5.894	5.852	5.808	5.766	5.724	5.684	5.645	5.608	5.571	5.530	5.490	5.451	5.414	5.378	5.343	5.310	5.273	5.237	5.201	5.168	5.135	5.105	5.076	5.043	5.011	4.980	4.951	4.924	4.899	4.873	4.844	4.818	4.793	4.770	4.750	4.729	4.705	4.684	4.664	4.640	4.594	4.548	4.506	4.461	4.415	4.371	4.330	4.292	4.256	4.212	4.173	4.135	4.101	4.072	4.035	3.999	3.967	3.942	3.916	3.883	3.856	3.834	3.816	3.788	3.765	3.749	3.734	3.713	3.697	3.683	3.673	3.659	3.645	3.638	3.631	3.620	3.616	3.611	3.605	3.605	3.602	3.601	3.603	3.604	3.607	3.612	3.617	3.627	3.636	3.650	3.663	3.679	3.695	3.700	3.704	3.712	3.721	3.731	3.741	3.753	3.767	3.782	3.796	3.812	3.830	3.850	3.872	3.896	3.921	3.949	3.981	4.015	4.051	4.087	4.124	4.165	4.207	4.251	4.299	4.349	4.363	4.370	4.379	4.389	4.400	4.414	4.429	4.447	4.465	4.486	4.508	4.533	4.559	4.588	4.618	4.651	4.683	4.718	4.754	
5.955	5.930	5.906	5.883	5.862	5.843	5.825	5.808	5.793	5.779	5.768	5.757	5.749	5.742	5.736	5.732	5.730	5.730	5.694	5.648	5.584	5.521	5.460	5.401	5.344	5.289	5.238	5.189	5.143	5.097	5.056	5.017	4.980	4.948	4.921	4.900	4.885	4.872	4.864	4.863	4.865	4.870	4.880	4.894	4.907	4.923	4.939	4.953	4.954	4.957	4.965	4.975	4.984	4.997	5.011	5.026	5.040	5.056	5.076	5.098	5.122	5.148	5.176	5.208	5.242	5.279	5.315	5.355	5.397	5.440	5.487	5.536	5.587	5.610	5.611	5.614	5.619	5.625	5.633	5.643	5.654	5.667	5.681	5.697	5.714	5.733	5.753	5.775	5.799	5.823	5.849	5.877	5.906	5.936	5.968	6.000	6.034	6.069	6.106	6.143	6.182	6.222	6.263	6.304	6.347	6.379	6.333	6.287	6.243	6.200	6.156	6.109	6.063	6.019	5.975	5.932	5.891	5.850	5.807	5.763	5.720	5.678	5.637	5.598	5.560	5.522	5.480	5.439	5.400	5.362	5.326	5.291	5.257	5.219	5.181	5.146	5.111	5.079	5.048	5.018	4.984	4.951	4.919	4.890	4.862	4.837	4.809	4.780	4.753	4.728	4.704	4.683	4.661	4.637	4.615	4.595	4.577	4.539	4.494	4.451	4.403	4.357	4.313	4.272	4.234	4.194	4.151	4.111	4.073	4.039	4.008	3.970	3.934	3.902	3.876	3.848	3.815	3.787	3.765	3.745	3.717	3.694	3.678	3.662	3.640	3.624	3.609	3.599	3.584	3.570	3.563	3.555	3.544	3.540	3.534	3.528	3.528	3.524	3.524	3.525	3.526	3.529	3.534	3.539	3.550	3.559	3.573	3.586	3.602	3.618	3.623	3.626	3.634	3.644	3.654	3.663	3.676	3.690	3.705	3.719	3.735	3.754	3.773	3.795	3.819	3.845	3.873	3.904	3.939	3.975	4.011	4.049	4.090	4.131	4.176	4.223	4.273	4.286	4.293	4.302	4.312	4.324	4.338	4.354	4.372	4.391	4.412	4.435	4.460	4.488	4.517	4.548	4.581	4.615	4.650	4.687	
5.929	5.903	5.879	5.857	5.835	5.816	5.798	5.781	5.766	5.752	5.740	5.730	5.721	5.714	5.709	5.705	5.703	5.702	5.666	5.620	5.556	5.493	5.432	5.373	5.316	5.262	5.210	5.161	5.115	5.070	5.028	4.989	4.952	4.920	4.893	4.873	4.857	4.844	4.836	4.835	4.837	4.842	4.852	4.866	4.880	4.896	4.911	4.925	4.927	4.929	4.937	4.947	4.957	4.969	4.984	4.998	5.013	5.029	5.049	5.070	5.094	5.120	5.149	5.180	5.215	5.251	5.288	5.327	5.369	5.413	5.459	5.509	5.560	5.582	5.584	5.587	5.591	5.598	5.606	5.615	5.627	5.639	5.654	5.670	5.687	5.706	5.727	5.749	5.772	5.797	5.823	5.851	5.880	5.911	5.942	5.975	6.009	6.045	6.081	6.119	6.158	6.198	6.239	6.281	6.324	6.342	6.295	6.250	6.205	6.162	6.117	6.069	6.023	5.978	5.934	5.891	5.849	5.808	5.763	5.719	5.675	5.633	5.591	5.552	5.513	5.474	5.431	5.390	5.350	5.312	5.275	5.239	5.205	5.165	5.127	5.091	5.056	5.023	4.991	4.960	4.925	4.892	4.860	4.830	4.802	4.775	4.746	4.717	4.689	4.663	4.639	4.618	4.594	4.569	4.547	4.526	4.508	4.486	4.441	4.394	4.346	4.301	4.256	4.215	4.177	4.133	4.090	4.050	4.013	3.978	3.944	3.905	3.869	3.838	3.812	3.780	3.747	3.719	3.698	3.675	3.646	3.624	3.607	3.589	3.567	3.551	3.536	3.524	3.509	3.496	3.488	3.479	3.468	3.464	3.457	3.451	3.451	3.447	3.447	3.448	3.448	3.452	3.457	3.462	3.472	3.482	3.496	3.509	3.525	3.540	3.545	3.549	3.557	3.567	3.576	3.586	3.599	3.613	3.628	3.642	3.658	3.677	3.697	3.719	3.743	3.769	3.797	3.828	3.862	3.899	3.935	3.974	4.014	4.056	4.101	4.148	4.198	4.209	4.216	4.226	4.236	4.248	4.262	4.279	4.298	4.317	4.339	4.362	4.388	4.416	4.446	4.478	4.512	4.547	4.583	4.621	
5.904	5.879	5.854	5.831	5.810	5.790	5.772	5.755	5.740	5.726	5.714	5.704	5.695	5.688	5.682	5.679	5.676	5.676	5.640	5.594	5.530	5.467	5.406	5.347	5.290	5.235	5.184	5.135	5.089	5.044	5.002	4.963	4.926	4.894	4.867	4.847	4.831	4.818	4.810	4.809	4.811	4.816	4.826	4.840	4.853	4.869	4.885	4.899	4.901	4.903	4.911	4.921	4.930	4.943	4.957	4.972	4.987	5.003	5.022	5.044	5.068	5.094	5.122	5.154	5.188	5.225	5.261	5.301	5.343	5.386	5.433	5.483	5.533	5.556	5.557	5.561	5.565	5.572	5.580	5.589	5.601	5.613	5.628	5.644	5.662	5.681	5.701	5.724	5.747	5.772	5.799	5.827	5.856	5.886	5.918	5.951	5.986	6.021	6.058	6.096	6.135	6.175	6.216	6.259	6.302	6.306	6.259	6.213	6.169	6.125	6.078	6.030	5.984	5.938	5.893	5.850	5.808	5.766	5.721	5.675	5.631	5.588	5.547	5.506	5.467	5.427	5.384	5.342	5.302	5.263	5.225	5.189	5.153	5.113	5.074	5.037	5.002	4.968	4.936	4.904	4.868	4.834	4.801	4.771	4.742	4.715	4.684	4.654	4.626	4.599	4.575	4.553	4.528	4.502	4.479	4.458	4.440	4.422	4.389	4.338	4.290	4.245	4.200	4.159	4.119	4.073	4.030	3.990	3.953	3.918	3.880	3.842	3.805	3.774	3.748	3.713	3.680	3.652	3.631	3.605	3.576	3.554	3.537	3.517	3.495	3.478	3.464	3.450	3.435	3.421	3.414	3.403	3.392	3.388	3.381	3.375	3.374	3.370	3.369	3.370	3.371	3.374	3.379	3.384	3.395	3.405	3.419	3.432	3.448	3.463	3.468	3.471	3.480	3.489	3.499	3.510	3.522	3.536	3.551	3.565	3.581	3.600	3.621	3.643	3.667	3.693	3.720	3.752	3.786	3.823	3.859	3.899	3.939	3.981	4.026	4.073	4.123	4.131	4.139	4.149	4.160	4.172	4.187	4.204	4.224	4.244	4.266	4.290	4.317	4.345	4.376	4.409	4.444	4.480	4.517	4.555	
5.881	5.855	5.831	5.808	5.786	5.766	5.748	5.731	5.716	5.702	5.690	5.679	5.671	5.663	5.658	5.654	5.652	5.651	5.615	5.569	5.505	5.442	5.381	5.322	5.265	5.211	5.159	5.110	5.064	5.019	4.977	4.938	4.901	4.869	4.843	4.822	4.806	4.793	4.786	4.784	4.786	4.791	4.802	4.815	4.829	4.845	4.860	4.874	4.876	4.878	4.886	4.896	4.906	4.918	4.933	4.947	4.962	4.978	4.998	5.020	5.044	5.070	5.098	5.129	5.164	5.200	5.237	5.277	5.318	5.362	5.408	5.458	5.509	5.531	5.533	5.536	5.541	5.547	5.555	5.565	5.576	5.589	5.604	5.620	5.638	5.657	5.678	5.700	5.724	5.749	5.776	5.804	5.833	5.864	5.896	5.929	5.964	5.999	6.036	6.074	6.114	6.154	6.195	6.238	6.281	6.271	6.224	6.178	6.133	6.089	6.041	5.993	5.946	5.900	5.855	5.811	5.768	5.726	5.679	5.633	5.589	5.545	5.503	5.462	5.423	5.381	5.337	5.295	5.254	5.214	5.176	5.140	5.102	5.062	5.023	4.985	4.949	4.915	4.882	4.848	4.811	4.777	4.743	4.712	4.683	4.656	4.623	4.592	4.563	4.536	4.512	4.489	4.462	4.436	4.413	4.391	4.372	4.353	4.331	4.284	4.236	4.190	4.145	4.104	4.060	4.014	3.971	3.932	3.894	3.859	3.817	3.779	3.743	3.711	3.684	3.647	3.614	3.586	3.564	3.535	3.507	3.484	3.468	3.445	3.423	3.406	3.392	3.376	3.361	3.347	3.340	3.327	3.316	3.312	3.304	3.298	3.298	3.293	3.292	3.293	3.294	3.297	3.302	3.307	3.318	3.328	3.343	3.356	3.371	3.385	3.390	3.394	3.402	3.412	3.422	3.433	3.445	3.459	3.474	3.489	3.504	3.524	3.545	3.567	3.591	3.617	3.645	3.676	3.710	3.747	3.783	3.823	3.864	3.906	3.951	3.998	4.048	4.055	4.062	4.073	4.084	4.097	4.112	4.130	4.150	4.171	4.193	4.218	4.246	4.275	4.307	4.341	4.376	4.413	4.451	4.491	
5.859	5.833	5.809	5.785	5.764	5.744	5.725	5.708	5.693	5.679	5.667	5.656	5.647	5.640	5.635	5.631	5.629	5.628	5.592	5.546	5.482	5.419	5.358	5.299	5.242	5.188	5.136	5.087	5.041	4.996	4.954	4.915	4.878	4.846	4.819	4.799	4.783	4.770	4.762	4.761	4.763	4.768	4.778	4.792	4.806	4.822	4.837	4.851	4.853	4.855	4.863	4.873	4.883	4.895	4.909	4.924	4.939	4.955	4.975	4.996	5.020	5.046	5.075	5.106	5.140	5.177	5.213	5.253	5.295	5.339	5.385	5.435	5.485	5.508	5.510	5.513	5.518	5.524	5.532	5.542	5.553	5.566	5.581	5.597	5.615	5.634	5.655	5.678	5.702	5.727	5.754	5.782	5.811	5.842	5.874	5.908	5.943	5.979	6.016	6.054	6.093	6.134	6.176	6.218	6.262	6.238	6.191	6.144	6.099	6.054	6.005	5.956	5.909	5.862	5.817	5.772	5.729	5.686	5.639	5.592	5.547	5.504	5.461	5.420	5.380	5.336	5.292	5.249	5.208	5.168	5.129	5.092	5.053	5.012	4.972	4.934	4.897	4.862	4.829	4.793	4.756	4.721	4.687	4.655	4.625	4.597	4.563	4.532	4.502	4.475	4.449	4.426	4.397	4.371	4.347	4.325	4.305	4.285	4.262	4.230	4.182	4.136	4.091	4.049	4.002	3.957	3.913	3.874	3.836	3.797	3.755	3.717	3.681	3.649	3.618	3.581	3.548	3.520	3.499	3.466	3.438	3.415	3.399	3.373	3.351	3.335	3.320	3.302	3.287	3.274	3.266	3.252	3.241	3.237	3.228	3.222	3.222	3.216	3.216	3.216	3.217	3.220	3.225	3.230	3.241	3.252	3.266	3.279	3.295	3.308	3.313	3.318	3.326	3.335	3.345	3.357	3.369	3.383	3.398	3.412	3.428	3.447	3.469	3.491	3.515	3.541	3.569	3.601	3.635	3.671	3.708	3.748	3.789	3.832	3.877	3.924	3.973	3.978	3.986	3.997	4.008	4.021	4.037	4.055	4.076	4.098	4.121	4.147	4.175	4.206	4.238	4.273	4.309	4.348	4.386	4.427	
5.839	5.813	5.788	5.765	5.743	5.723	5.704	5.687	5.672	5.658	5.645	5.635	5.626	5.619	5.613	5.609	5.607	5.606	5.571	5.525	5.460	5.398	5.337	5.277	5.220	5.166	5.114	5.065	5.019	4.974	4.932	4.893	4.857	4.824	4.798	4.777	4.762	4.748	4.741	4.740	4.742	4.747	4.757	4.771	4.784	4.800	4.816	4.829	4.831	4.834	4.842	4.851	4.861	4.873	4.888	4.903	4.917	4.933	4.953	4.975	4.999	5.025	5.053	5.084	5.119	5.155	5.192	5.232	5.273	5.317	5.364	5.413	5.464	5.487	5.488	5.491	5.496	5.502	5.511	5.520	5.532	5.545	5.560	5.576	5.594	5.613	5.635	5.657	5.681	5.707	5.733	5.762	5.791	5.822	5.855	5.888	5.923	5.959	5.997	6.035	6.075	6.115	6.157	6.200	6.244	6.206	6.158	6.111	6.065	6.020	5.970	5.921	5.873	5.826	5.780	5.736	5.692	5.647	5.600	5.553	5.507	5.463	5.420	5.378	5.338	5.293	5.248	5.205	5.163	5.122	5.083	5.045	5.005	4.963	4.923	4.884	4.846	4.811	4.777	4.740	4.702	4.666	4.632	4.599	4.569	4.539	4.504	4.472	4.442	4.414	4.388	4.363	4.334	4.306	4.281	4.259	4.239	4.217	4.194	4.174	4.130	4.084	4.039	3.992	3.946	3.900	3.856	3.817	3.779	3.736	3.695	3.656	3.620	3.588	3.554	3.516	3.483	3.456	3.432	3.398	3.370	3.347	3.330	3.302	3.280	3.264	3.250	3.229	3.214	3.200	3.192	3.177	3.167	3.162	3.152	3.146	3.145	3.139	3.139	3.139	3.140	3.143	3.149	3.154	3.164	3.176	3.190	3.203	3.219	3.232	3.237	3.241	3.249	3.259	3.268	3.281	3.293	3.307	3.322	3.336	3.352	3.371	3.393	3.416	3.440	3.466	3.494	3.525	3.560	3.596	3.633	3.672	3.714	3.757	3.803	3.850	3.896	3.902	3.910	3.921	3.933	3.947	3.963	3.982	4.003	4.026	4.050	4.076	4.105	4.137	4.170	4.206	4.243	4.283	4.322	4.364	
5.820	5.794	5.769	5.745	5.724	5.703	5.685	5.667	5.652	5.638	5.626	5.615	5.606	5.599	5.593	5.589	5.587	5.586	5.551	5.505	5.440	5.378	5.316	5.257	5.200	5.146	5.094	5.045	4.999	4.954	4.912	4.873	4.837	4.804	4.778	4.757	4.742	4.728	4.721	4.720	4.722	4.727	4.737	4.751	4.764	4.780	4.796	4.809	4.811	4.814	4.822	4.831	4.841	4.853	4.868	4.882	4.897	4.913	4.933	4.955	4.979	5.005	5.033	5.064	5.099	5.135	5.172	5.212	5.253	5.297	5.344	5.393	5.444	5.467	5.468	5.471	5.476	5.482	5.491	5.501	5.512	5.525	5.540	5.557	5.575	5.594	5.615	5.638	5.662	5.688	5.715	5.743	5.773	5.804	5.837	5.870	5.905	5.942	5.979	6.018	6.057	6.098	6.140	6.183	6.224	6.175	6.127	6.080	6.033	5.987	5.937	5.887	5.839	5.792	5.745	5.700	5.656	5.610	5.562	5.515	5.469	5.424	5.380	5.338	5.297	5.251	5.206	5.162	5.119	5.078	5.038	5.000	4.958	4.915	4.874	4.835	4.797	4.761	4.727	4.688	4.649	4.612	4.577	4.544	4.513	4.482	4.447	4.414	4.383	4.354	4.327	4.301	4.271	4.243	4.217	4.194	4.174	4.150	4.127	4.105	4.079	4.033	3.987	3.937	3.890	3.844	3.801	3.762	3.721	3.676	3.635	3.597	3.560	3.529	3.490	3.453	3.420	3.392	3.365	3.331	3.303	3.280	3.260	3.232	3.210	3.194	3.177	3.157	3.141	3.128	3.118	3.103	3.092	3.088	3.077	3.071	3.069	3.063	3.063	3.063	3.063	3.067	3.072	3.078	3.088	3.100	3.114	3.127	3.143	3.155	3.160	3.165	3.173	3.182	3.192	3.204	3.217	3.231	3.246	3.260	3.276	3.295	3.317	3.341	3.365	3.391	3.419	3.451	3.485	3.521	3.558	3.598	3.639	3.683	3.729	3.777	3.820	3.826	3.834	3.846	3.858	3.872	3.889	3.909	3.931	3.954	3.979	4.006	4.036	4.068	4.103	4.139	4.178	4.218	4.259	4.302	
5.802	5.776	5.751	5.728	5.706	5.685	5.667	5.649	5.634	5.620	5.607	5.597	5.588	5.580	5.575	5.571	5.568	5.568	5.532	5.486	5.422	5.359	5.298	5.239	5.182	5.127	5.076	5.027	4.981	4.936	4.894	4.855	4.818	4.786	4.759	4.739	4.723	4.710	4.702	4.701	4.703	4.708	4.718	4.732	4.745	4.761	4.777	4.791	4.793	4.795	4.803	4.813	4.822	4.835	4.849	4.864	4.879	4.895	4.914	4.936	4.960	4.986	5.014	5.046	5.080	5.117	5.153	5.193	5.235	5.278	5.325	5.375	5.425	5.448	5.450	5.453	5.458	5.464	5.472	5.482	5.494	5.507	5.522	5.539	5.557	5.576	5.597	5.620	5.644	5.670	5.697	5.726	5.756	5.787	5.820	5.854	5.889	5.925	5.963	6.002	6.041	6.082	6.125	6.168	6.195	6.145	6.097	6.049	6.003	5.955	5.904	5.855	5.806	5.758	5.711	5.666	5.621	5.574	5.526	5.478	5.431	5.386	5.342	5.299	5.257	5.210	5.164	5.120	5.077	5.035	4.995	4.956	4.913	4.869	4.828	4.788	4.749	4.712	4.677	4.637	4.598	4.560	4.524	4.491	4.459	4.426	4.390	4.356	4.324	4.295	4.268	4.240	4.209	4.180	4.154	4.130	4.109	4.084	4.060	4.038	4.019	3.983	3.933	3.883	3.836	3.790	3.747	3.707	3.663	3.618	3.576	3.538	3.502	3.466	3.427	3.390	3.357	3.329	3.298	3.265	3.236	3.214	3.191	3.163	3.140	3.124	3.105	3.085	3.069	3.056	3.044	3.029	3.018	3.014	3.001	2.996	2.993	2.987	2.987	2.987	2.987	2.991	2.996	3.001	3.012	3.025	3.039	3.052	3.068	3.079	3.084	3.088	3.097	3.106	3.116	3.128	3.142	3.156	3.171	3.185	3.201	3.220	3.242	3.265	3.291	3.317	3.345	3.376	3.411	3.447	3.483	3.523	3.565	3.608	3.655	3.704	3.744	3.750	3.759	3.771	3.784	3.798	3.816	3.836	3.859	3.883	3.909	3.937	3.968	4.001	4.036	4.074	4.113	4.155	4.197	4.241	
5.787	5.760	5.735	5.712	5.690	5.669	5.650	5.633	5.617	5.603	5.591	5.580	5.571	5.564	5.558	5.554	5.552	5.551	5.515	5.469	5.405	5.342	5.281	5.222	5.165	5.111	5.059	5.010	4.964	4.919	4.877	4.838	4.801	4.769	4.742	4.722	4.706	4.693	4.685	4.684	4.686	4.691	4.701	4.715	4.729	4.745	4.760	4.774	4.776	4.778	4.786	4.796	4.806	4.818	4.833	4.847	4.862	4.878	4.898	4.919	4.943	4.969	4.998	5.029	5.064	5.100	5.137	5.176	5.218	5.262	5.308	5.358	5.409	5.431	5.433	5.436	5.441	5.447	5.456	5.466	5.477	5.491	5.506	5.522	5.540	5.560	5.581	5.604	5.628	5.654	5.682	5.710	5.740	5.772	5.804	5.838	5.874	5.910	5.948	5.987	6.027	6.068	6.110	6.154	6.167	6.117	6.068	6.020	5.973	5.925	5.873	5.823	5.774	5.726	5.679	5.633	5.588	5.540	5.491	5.442	5.396	5.350	5.305	5.262	5.219	5.171	5.125	5.080	5.036	4.994	4.953	4.914	4.869	4.825	4.782	4.742	4.703	4.665	4.629	4.588	4.548	4.509	4.473	4.438	4.406	4.371	4.335	4.300	4.268	4.237	4.210	4.180	4.148	4.119	4.092	4.068	4.046	4.019	3.994	3.972	3.952	3.933	3.880	3.830	3.783	3.737	3.694	3.651	3.605	3.560	3.519	3.481	3.444	3.405	3.366	3.328	3.295	3.268	3.233	3.199	3.171	3.148	3.122	3.094	3.072	3.055	3.034	3.013	2.998	2.984	2.970	2.956	2.945	2.939	2.927	2.921	2.918	2.912	2.911	2.911	2.911	2.915	2.921	2.926	2.936	2.950	2.963	2.977	2.993	3.003	3.008	3.013	3.021	3.031	3.040	3.053	3.067	3.081	3.096	3.110	3.126	3.145	3.167	3.190	3.216	3.243	3.271	3.302	3.337	3.373	3.409	3.449	3.491	3.534	3.581	3.630	3.668	3.675	3.684	3.696	3.710	3.725	3.743	3.764	3.787	3.813	3.839	3.868	3.900	3.934	3.971	4.009	4.050	4.093	4.136	4.181	
5.772	5.746	5.721	5.697	5.675	5.654	5.635	5.618	5.602	5.588	5.576	5.565	5.556	5.548	5.543	5.539	5.537	5.536	5.500	5.454	5.390	5.327	5.266	5.207	5.150	5.095	5.044	4.995	4.949	4.904	4.862	4.823	4.786	4.754	4.727	4.707	4.691	4.678	4.670	4.669	4.671	4.676	4.686	4.700	4.713	4.730	4.745	4.759	4.761	4.763	4.771	4.781	4.791	4.803	4.817	4.832	4.847	4.863	4.882	4.904	4.928	4.954	4.982	5.014	5.048	5.085	5.121	5.161	5.203	5.247	5.293	5.343	5.393	5.416	5.418	5.421	5.426	5.432	5.441	5.451	5.462	5.476	5.491	5.507	5.526	5.545	5.567	5.590	5.614	5.640	5.667	5.696	5.726	5.758	5.791	5.825	5.860	5.897	5.935	5.974	6.014	6.055	6.097	6.141	6.140	6.090	6.041	5.993	5.945	5.895	5.844	5.793	5.744	5.695	5.648	5.602	5.557	5.507	5.457	5.408	5.361	5.315	5.270	5.226	5.182	5.133	5.086	5.041	4.997	4.954	4.912	4.872	4.826	4.782	4.739	4.697	4.658	4.620	4.582	4.540	4.499	4.460	4.423	4.388	4.355	4.318	4.281	4.245	4.212	4.181	4.153	4.121	4.089	4.059	4.031	4.006	3.984	3.955	3.929	3.906	3.886	3.869	3.829	3.779	3.732	3.686	3.643	3.595	3.549	3.504	3.463	3.425	3.387	3.344	3.305	3.268	3.235	3.206	3.169	3.135	3.106	3.084	3.054	3.026	3.004	2.987	2.963	2.943	2.927	2.914	2.897	2.883	2.872	2.865	2.852	2.846	2.842	2.836	2.836	2.835	2.836	2.839	2.845	2.850	2.861	2.875	2.888	2.902	2.918	2.927	2.932	2.937	2.946	2.955	2.965	2.977	2.992	3.006	3.021	3.035	3.051	3.070	3.092	3.116	3.142	3.169	3.197	3.229	3.263	3.299	3.336	3.376	3.417	3.461	3.507	3.557	3.593	3.600	3.609	3.622	3.636	3.652	3.670	3.692	3.717	3.743	3.771	3.801	3.833	3.868	3.906	3.946	3.987	4.031	4.076	4.122	
5.760	5.733	5.708	5.684	5.662	5.641	5.622	5.605	5.589	5.575	5.562	5.552	5.542	5.535	5.529	5.525	5.523	5.522	5.487	5.441	5.376	5.314	5.253	5.194	5.137	5.082	5.030	4.981	4.935	4.890	4.848	4.810	4.773	4.741	4.714	4.693	4.678	4.664	4.657	4.656	4.658	4.663	4.673	4.687	4.700	4.716	4.732	4.745	4.747	4.750	4.758	4.768	4.777	4.789	4.804	4.819	4.833	4.849	4.869	4.891	4.915	4.941	4.969	5.000	5.035	5.071	5.108	5.148	5.189	5.233	5.280	5.329	5.380	5.403	5.404	5.407	5.412	5.419	5.427	5.437	5.449	5.462	5.477	5.494	5.512	5.532	5.554	5.577	5.601	5.627	5.655	5.684	5.714	5.745	5.778	5.813	5.848	5.885	5.923	5.962	6.002	6.044	6.086	6.130	6.115	6.064	6.015	5.966	5.919	5.868	5.816	5.765	5.715	5.666	5.618	5.572	5.526	5.475	5.425	5.376	5.328	5.281	5.236	5.192	5.146	5.097	5.050	5.004	4.959	4.915	4.874	4.831	4.785	4.740	4.696	4.654	4.614	4.576	4.536	4.493	4.452	4.412	4.374	4.338	4.305	4.266	4.228	4.192	4.158	4.127	4.097	4.064	4.031	4.000	3.971	3.946	3.922	3.892	3.866	3.842	3.821	3.803	3.779	3.729	3.682	3.636	3.589	3.541	3.495	3.450	3.409	3.370	3.328	3.285	3.246	3.209	3.176	3.143	3.105	3.071	3.043	3.020	2.987	2.959	2.937	2.920	2.893	2.873	2.857	2.843	2.825	2.811	2.800	2.791	2.778	2.773	2.768	2.762	2.761	2.760	2.761	2.764	2.770	2.776	2.786	2.800	2.813	2.828	2.844	2.852	2.857	2.863	2.871	2.880	2.890	2.902	2.917	2.932	2.946	2.961	2.977	2.996	3.018	3.042	3.067	3.095	3.125	3.156	3.190	3.227	3.263	3.303	3.344	3.388	3.435	3.484	3.518	3.525	3.535	3.549	3.563	3.579	3.599	3.621	3.647	3.674	3.703	3.734	3.767	3.804	3.842	3.883	3.926	3.971	4.018	4.065	
5.749	5.722	5.697	5.673	5.651	5.630	5.611	5.593	5.578	5.563	5.551	5.540	5.531	5.523	5.518	5.514	5.511	5.511	5.475	5.429	5.365	5.302	5.241	5.182	5.125	5.070	5.018	4.970	4.923	4.878	4.836	4.798	4.761	4.729	4.702	4.681	4.666	4.652	4.645	4.644	4.646	4.651	4.661	4.675	4.688	4.704	4.720	4.734	4.735	4.738	4.746	4.756	4.765	4.778	4.792	4.807	4.821	4.837	4.857	4.879	4.903	4.929	4.957	4.989	5.023	5.060	5.096	5.136	5.178	5.221	5.268	5.317	5.368	5.391	5.392	5.396	5.400	5.407	5.416	5.426	5.437	5.451	5.466	5.483	5.501	5.521	5.542	5.566	5.590	5.616	5.644	5.673	5.703	5.735	5.768	5.802	5.838	5.874	5.913	5.952	5.992	6.034	6.076	6.120	6.091	6.040	5.990	5.941	5.894	5.841	5.789	5.738	5.688	5.638	5.590	5.543	5.496	5.445	5.394	5.345	5.297	5.250	5.204	5.159	5.112	5.062	5.014	4.968	4.923	4.879	4.836	4.793	4.746	4.700	4.656	4.613	4.572	4.533	4.492	4.448	4.406	4.366	4.327	4.291	4.256	4.216	4.177	4.140	4.106	4.073	4.043	4.008	3.974	3.942	3.913	3.887	3.861	3.831	3.803	3.779	3.757	3.737	3.713	3.681	3.634	3.588	3.536	3.488	3.442	3.397	3.356	3.316	3.270	3.228	3.189	3.151	3.118	3.081	3.043	3.009	2.981	2.955	2.921	2.893	2.871	2.851	2.824	2.803	2.788	2.771	2.754	2.739	2.728	2.718	2.705	2.699	2.693	2.687	2.687	2.685	2.686	2.689	2.696	2.701	2.711	2.725	2.739	2.755	2.770	2.778	2.783	2.788	2.796	2.806	2.816	2.828	2.843	2.857	2.872	2.887	2.903	2.923	2.944	2.968	2.994	3.022	3.052	3.084	3.118	3.154	3.191	3.231	3.272	3.316	3.362	3.411	3.444	3.451	3.462	3.476	3.491	3.508	3.528	3.551	3.578	3.606	3.636	3.668	3.703	3.740	3.780	3.822	3.866	3.912	3.960	4.008	
5.739	5.712	5.687	5.663	5.641	5.620	5.601	5.584	5.568	5.553	5.541	5.530	5.521	5.513	5.507	5.503	5.501	5.501	5.465	5.419	5.355	5.292	5.231	5.172	5.115	5.060	5.008	4.959	4.913	4.868	4.826	4.788	4.751	4.719	4.692	4.671	4.656	4.642	4.635	4.634	4.636	4.641	4.651	4.665	4.678	4.694	4.710	4.724	4.725	4.728	4.736	4.746	4.755	4.768	4.782	4.797	4.811	4.827	4.847	4.869	4.893	4.919	4.947	4.979	5.013	5.049	5.086	5.126	5.167	5.211	5.258	5.307	5.358	5.381	5.382	5.385	5.390	5.397	5.405	5.416	5.427	5.441	5.456	5.473	5.491	5.511	5.533	5.556	5.581	5.607	5.634	5.663	5.694	5.725	5.759	5.793	5.829	5.866	5.904	5.943	5.983	6.025	6.068	6.111	6.068	6.017	5.967	5.918	5.870	5.816	5.764	5.712	5.662	5.612	5.564	5.516	5.468	5.416	5.365	5.315	5.267	5.219	5.173	5.128	5.079	5.029	4.981	4.934	4.888	4.844	4.801	4.756	4.708	4.662	4.617	4.574	4.532	4.492	4.450	4.405	4.362	4.321	4.282	4.245	4.210	4.168	4.128	4.090	4.055	4.022	3.991	3.954	3.919	3.886	3.856	3.829	3.801	3.770	3.742	3.717	3.694	3.673	3.647	3.625	3.588	3.536	3.485	3.437	3.391	3.346	3.304	3.259	3.214	3.171	3.133	3.095	3.059	3.020	2.982	2.949	2.920	2.890	2.856	2.828	2.806	2.782	2.756	2.735	2.720	2.700	2.683	2.668	2.657	2.645	2.633	2.627	2.619	2.614	2.613	2.611	2.612	2.615	2.622	2.627	2.638	2.651	2.665	2.681	2.697	2.703	2.708	2.714	2.722	2.732	2.742	2.754	2.769	2.783	2.798	2.814	2.830	2.850	2.871	2.895	2.921	2.949	2.980	3.012	3.046	3.083	3.119	3.159	3.201	3.244	3.291	3.340	3.370	3.378	3.389	3.403	3.419	3.437	3.458	3.482	3.509	3.540	3.570	3.603	3.639	3.678	3.719	3.762	3.807	3.855	3.904	3.954	
5.731	5.704	5.679	5.655	5.633	5.612	5.593	5.575	5.559	5.545	5.533	5.522	5.512	5.505	5.499	5.495	5.493	5.492	5.456	5.410	5.346	5.283	5.222	5.163	5.106	5.052	5.000	4.951	4.905	4.860	4.818	4.779	4.742	4.710	4.684	4.663	4.648	4.634	4.627	4.625	4.627	4.632	4.643	4.657	4.670	4.686	4.701	4.715	4.717	4.720	4.727	4.737	4.747	4.759	4.774	4.788	4.803	4.819	4.839	4.861	4.885	4.911	4.939	4.970	5.005	5.041	5.078	5.118	5.159	5.203	5.249	5.299	5.350	5.372	5.374	5.377	5.382	5.389	5.397	5.407	5.419	5.433	5.448	5.465	5.483	5.503	5.525	5.548	5.573	5.599	5.626	5.655	5.686	5.718	5.751	5.785	5.821	5.858	5.896	5.936	5.976	6.018	6.061	6.099	6.047	5.996	5.945	5.896	5.846	5.793	5.740	5.688	5.637	5.587	5.539	5.491	5.441	5.389	5.338	5.288	5.239	5.191	5.144	5.099	5.048	4.998	4.949	4.901	4.855	4.810	4.767	4.720	4.672	4.625	4.580	4.536	4.494	4.454	4.409	4.364	4.320	4.278	4.239	4.201	4.164	4.121	4.080	4.042	4.006	3.972	3.940	3.901	3.865	3.832	3.801	3.773	3.743	3.711	3.682	3.656	3.633	3.610	3.583	3.560	3.541	3.487	3.435	3.387	3.341	3.296	3.251	3.205	3.160	3.117	3.078	3.041	3.000	2.961	2.923	2.889	2.861	2.826	2.793	2.765	2.742	2.715	2.689	2.668	2.653	2.630	2.613	2.598	2.587	2.573	2.561	2.555	2.546	2.540	2.540	2.538	2.538	2.542	2.549	2.554	2.564	2.578	2.591	2.608	2.623	2.630	2.635	2.641	2.649	2.659	2.668	2.681	2.695	2.710	2.725	2.741	2.758	2.777	2.799	2.823	2.848	2.876	2.907	2.941	2.976	3.012	3.049	3.088	3.130	3.173	3.220	3.269	3.297	3.305	3.316	3.331	3.348	3.366	3.388	3.414	3.442	3.474	3.505	3.540	3.577	3.616	3.659	3.703	3.750	3.799	3.849	3.901	
5.725	5.698	5.673	5.649	5.626	5.606	5.586	5.569	5.553	5.539	5.526	5.515	5.506	5.498	5.492	5.488	5.486	5.486	5.450	5.404	5.340	5.277	5.216	5.157	5.100	5.045	4.993	4.944	4.898	4.853	4.811	4.773	4.736	4.704	4.677	4.656	4.641	4.627	4.620	4.619	4.621	4.626	4.636	4.650	4.663	4.679	4.695	4.709	4.710	4.713	4.721	4.731	4.740	4.753	4.767	4.782	4.796	4.812	4.832	4.854	4.878	4.904	4.932	4.964	4.998	5.034	5.071	5.111	5.152	5.196	5.243	5.292	5.343	5.366	5.367	5.370	5.375	5.382	5.391	5.401	5.413	5.426	5.441	5.458	5.477	5.497	5.518	5.542	5.566	5.593	5.620	5.649	5.680	5.712	5.745	5.779	5.815	5.852	5.891	5.930	5.971	6.012	6.055	6.079	6.027	5.975	5.925	5.875	5.825	5.771	5.718	5.666	5.614	5.564	5.515	5.467	5.416	5.364	5.312	5.261	5.212	5.164	5.117	5.071	5.019	4.968	4.919	4.871	4.824	4.779	4.735	4.687	4.638	4.590	4.544	4.500	4.457	4.417	4.370	4.324	4.280	4.238	4.197	4.159	4.120	4.076	4.035	3.995	3.958	3.924	3.890	3.851	3.814	3.779	3.748	3.719	3.687	3.654	3.624	3.597	3.573	3.548	3.521	3.497	3.476	3.439	3.388	3.340	3.294	3.248	3.199	3.152	3.107	3.064	3.025	2.986	2.943	2.903	2.866	2.832	2.802	2.764	2.731	2.702	2.680	2.649	2.623	2.602	2.585	2.561	2.544	2.529	2.517	2.502	2.490	2.484	2.474	2.468	2.468	2.465	2.465	2.469	2.476	2.481	2.492	2.506	2.519	2.535	2.551	2.557	2.562	2.568	2.576	2.586	2.596	2.608	2.623	2.637	2.652	2.668	2.686	2.706	2.727	2.751	2.777	2.805	2.836	2.870	2.906	2.942	2.979	3.019	3.060	3.104	3.150	3.199	3.225	3.233	3.245	3.261	3.278	3.297	3.320	3.346	3.376	3.409	3.442	3.477	3.516	3.557	3.600	3.646	3.694	3.744	3.796	3.849	
5.721	5.694	5.668	5.644	5.622	5.601	5.582	5.564	5.548	5.534	5.521	5.510	5.501	5.493	5.488	5.484	5.481	5.481	5.445	5.399	5.335	5.272	5.211	5.152	5.095	5.040	4.988	4.940	4.893	4.848	4.806	4.768	4.731	4.699	4.672	4.651	4.636	4.623	4.615	4.614	4.616	4.621	4.631	4.645	4.658	4.674	4.690	4.704	4.705	4.708	4.716	4.726	4.735	4.748	4.762	4.777	4.791	4.807	4.827	4.849	4.873	4.899	4.927	4.959	4.993	5.030	5.066	5.106	5.148	5.191	5.238	5.287	5.338	5.361	5.362	5.366	5.371	5.377	5.386	5.396	5.408	5.421	5.437	5.453	5.472	5.492	5.514	5.537	5.562	5.588	5.616	5.645	5.675	5.707	5.741	5.775	5.811	5.848	5.886	5.926	5.966	6.008	6.051	6.061	6.008	5.957	5.906	5.856	5.805	5.750	5.697	5.644	5.593	5.543	5.493	5.445	5.393	5.340	5.288	5.237	5.187	5.139	5.091	5.044	4.992	4.941	4.891	4.842	4.795	4.749	4.705	4.655	4.606	4.558	4.511	4.466	4.423	4.382	4.334	4.287	4.242	4.199	4.158	4.119	4.078	4.033	3.991	3.951	3.913	3.878	3.842	3.802	3.764	3.728	3.696	3.666	3.633	3.599	3.568	3.540	3.515	3.488	3.460	3.435	3.414	3.394	3.342	3.294	3.248	3.197	3.148	3.102	3.056	3.014	2.975	2.930	2.887	2.847	2.810	2.776	2.741	2.704	2.670	2.642	2.617	2.585	2.558	2.537	2.517	2.494	2.476	2.461	2.447	2.432	2.419	2.413	2.402	2.396	2.396	2.393	2.393	2.397	2.404	2.409	2.420	2.434	2.447	2.463	2.479	2.485	2.490	2.496	2.505	2.514	2.524	2.536	2.551	2.566	2.580	2.596	2.616	2.635	2.657	2.680	2.706	2.734	2.765	2.799	2.835	2.872	2.910	2.950	2.991	3.035	3.081	3.131	3.153	3.161	3.174	3.191	3.209	3.229	3.253	3.280	3.311	3.345	3.380	3.417	3.456	3.499	3.544	3.591	3.640	3.692	3.745	3.799	
5.718	5.691	5.665	5.641	5.619	5.598	5.579	5.561	5.545	5.531	5.518	5.507	5.498	5.490	5.484	5.480	5.478	5.478	5.442	5.396	5.332	5.269	5.208	5.149	5.092	5.037	4.985	4.936	4.890	4.845	4.803	4.765	4.728	4.696	4.669	4.648	4.633	4.619	4.612	4.611	4.613	4.618	4.628	4.642	4.655	4.671	4.687	4.701	4.702	4.705	4.713	4.723	4.732	4.745	4.759	4.774	4.788	4.804	4.824	4.846	4.870	4.896	4.924	4.956	4.990	5.026	5.063	5.103	5.144	5.188	5.235	5.284	5.335	5.358	5.359	5.362	5.367	5.374	5.383	5.393	5.405	5.418	5.433	5.450	5.469	5.489	5.511	5.534	5.559	5.585	5.613	5.642	5.672	5.704	5.738	5.772	5.808	5.845	5.884	5.923	5.964	6.005	6.048	6.044	5.992	5.940	5.889	5.839	5.786	5.731	5.678	5.625	5.573	5.523	5.473	5.424	5.371	5.318	5.265	5.214	5.164	5.115	5.067	5.019	4.966	4.915	4.864	4.815	4.768	4.722	4.677	4.625	4.575	4.527	4.480	4.434	4.391	4.348	4.299	4.252	4.206	4.162	4.120	4.081	4.038	3.993	3.950	3.909	3.870	3.834	3.796	3.755	3.716	3.680	3.646	3.616	3.580	3.545	3.513	3.484	3.459	3.429	3.400	3.374	3.353	3.333	3.299	3.251	3.201	3.149	3.100	3.053	3.008	2.965	2.922	2.876	2.833	2.794	2.756	2.722	2.682	2.645	2.611	2.583	2.554	2.522	2.495	2.474	2.451	2.427	2.409	2.395	2.378	2.363	2.350	2.344	2.332	2.326	2.325	2.321	2.322	2.325	2.332	2.339	2.349	2.363	2.376	2.392	2.408	2.414	2.419	2.426	2.434	2.443	2.453	2.466	2.480	2.495	2.509	2.525	2.545	2.565	2.587	2.611	2.637	2.664	2.695	2.729	2.766	2.802	2.842	2.882	2.923	2.967	3.014	3.063	3.083	3.091	3.104	3.122	3.141	3.162	3.187	3.216	3.248	3.283	3.319	3.357	3.399	3.442	3.489	3.537	3.588	3.641	3.696	3.752	
5.716	5.689	5.664	5.640	5.617	5.597	5.577	5.560	5.544	5.529	5.517	5.506	5.496	5.489	5.483	5.479	5.477	5.476	5.440	5.394	5.330	5.267	5.206	5.147	5.090	5.036	4.984	4.935	4.889	4.844	4.802	4.763	4.726	4.694	4.667	4.647	4.631	4.618	4.611	4.609	4.611	4.616	4.627	4.640	4.654	4.670	4.685	4.699	4.701	4.703	4.711	4.721	4.731	4.743	4.758	4.772	4.787	4.803	4.823	4.845	4.869	4.895	4.923	4.954	4.989	5.025	5.062	5.102	5.143	5.187	5.233	5.283	5.334	5.356	5.358	5.361	5.366	5.373	5.381	5.391	5.403	5.417	5.432	5.449	5.468	5.488	5.509	5.533	5.557	5.584	5.611	5.641	5.671	5.703	5.736	5.771	5.807	5.844	5.882	5.922	5.962	6.004	6.047	6.029	5.976	5.924	5.873	5.823	5.769	5.714	5.660	5.607	5.555	5.504	5.454	5.405	5.351	5.297	5.245	5.193	5.143	5.093	5.045	4.995	4.942	4.890	4.840	4.790	4.742	4.696	4.649	4.598	4.547	4.498	4.450	4.405	4.360	4.316	4.266	4.218	4.172	4.128	4.085	4.045	4.000	3.954	3.910	3.869	3.829	3.792	3.752	3.710	3.670	3.633	3.599	3.568	3.530	3.494	3.461	3.431	3.405	3.373	3.343	3.316	3.293	3.272	3.246	3.210	3.155	3.103	3.053	3.007	2.961	2.917	2.870	2.824	2.781	2.742	2.704	2.665	2.626	2.588	2.554	2.526	2.492	2.460	2.434	2.413	2.386	2.362	2.344	2.329	2.310	2.295	2.282	2.275	2.262	2.256	2.255	2.251	2.252	2.255	2.262	2.269	2.279	2.293	2.306	2.323	2.338	2.343	2.348	2.356	2.364	2.374	2.383	2.396	2.410	2.425	2.440	2.456	2.476	2.497	2.519	2.542	2.568	2.596	2.627	2.661	2.697	2.734	2.773	2.815	2.857	2.901	2.947	2.997	3.013	3.022	3.036	3.054	3.075	3.097	3.123	3.152	3.186	3.223	3.261	3.300	3.343	3.388	3.436	3.486	3.538	3.592	3.648	3.706	
5.714	5.687	5.661	5.637	5.615	5.594	5.575	5.557	5.541	5.527	5.514	5.503	5.494	5.486	5.481	5.477	5.474	5.474	5.438	5.391	5.327	5.264	5.203	5.144	5.087	5.032	4.980	4.931	4.884	4.839	4.797	4.759	4.722	4.690	4.663	4.642	4.627	4.614	4.606	4.604	4.605	4.609	4.619	4.634	4.646	4.663	4.676	4.680	4.682	4.686	4.693	4.702	4.712	4.725	4.740	4.755	4.770	4.786	4.806	4.829	4.854	4.880	4.908	4.939	4.973	5.008	5.045	5.085	5.127	5.171	5.218	5.268	5.319	5.342	5.343	5.346	5.351	5.358	5.367	5.377	5.389	5.402	5.417	5.434	5.453	5.473	5.495	5.518	5.543	5.569	5.597	5.626	5.657	5.688	5.722	5.756	5.792	5.829	5.868	5.907	5.948	5.990	6.032	6.015	5.962	5.910	5.858	5.808	5.753	5.698	5.644	5.591	5.539	5.487	5.437	5.387	5.333	5.279	5.226	5.174	5.123	5.074	5.025	4.974	4.920	4.868	4.817	4.767	4.719	4.672	4.624	4.572	4.521	4.471	4.423	4.377	4.332	4.286	4.236	4.187	4.140	4.095	4.052	4.011	3.965	3.918	3.873	3.831	3.791	3.753	3.711	3.668	3.627	3.589	3.554	3.522	3.482	3.444	3.410	3.380	3.353	3.319	3.287	3.260	3.236	3.213	3.186	3.163	3.111	3.059	3.009	2.963	2.917	2.867	2.821	2.775	2.732	2.693	2.653	2.610	2.571	2.533	2.500	2.470	2.433	2.401	2.374	2.352	2.322	2.298	2.281	2.263	2.243	2.228	2.216	2.207	2.194	2.188	2.186	2.182	2.183	2.186	2.193	2.200	2.211	2.224	2.238	2.254	2.270	2.274	2.279	2.287	2.295	2.305	2.315	2.327	2.342	2.356	2.371	2.387	2.407	2.429	2.452	2.475	2.501	2.529	2.560	2.594	2.630	2.667	2.706	2.748	2.791	2.836	2.883	2.932	2.945	2.954	2.969	2.988	3.010	3.033	3.060	3.091	3.126	3.165	3.204	3.245	3.289	3.336	3.385	3.437	3.490	3.546	3.603	3.662	
5.712	5.685	5.659	5.635	5.613	5.592	5.573	5.555	5.539	5.525	5.512	5.501	5.492	5.484	5.479	5.475	5.472	5.472	5.435	5.388	5.324	5.261	5.199	5.140	5.083	5.028	4.976	4.927	4.879	4.833	4.791	4.753	4.718	4.686	4.659	4.638	4.623	4.610	4.602	4.597	4.595	4.599	4.609	4.623	4.636	4.645	4.642	4.643	4.647	4.652	4.659	4.668	4.679	4.693	4.708	4.722	4.738	4.755	4.775	4.797	4.823	4.850	4.877	4.907	4.940	4.975	5.014	5.054	5.097	5.142	5.190	5.239	5.290	5.313	5.315	5.318	5.323	5.330	5.338	5.348	5.360	5.374	5.389	5.406	5.424	5.445	5.466	5.490	5.514	5.541	5.568	5.598	5.628	5.660	5.693	5.728	5.764	5.801	5.839	5.879	5.919	5.961	6.004	6.003	5.950	5.897	5.846	5.795	5.739	5.684	5.630	5.576	5.524	5.472	5.422	5.371	5.316	5.262	5.208	5.156	5.105	5.056	5.007	4.954	4.901	4.848	4.796	4.746	4.698	4.650	4.601	4.548	4.497	4.447	4.398	4.351	4.306	4.259	4.208	4.159	4.111	4.065	4.022	3.980	3.932	3.884	3.839	3.796	3.755	3.717	3.672	3.628	3.587	3.548	3.512	3.477	3.436	3.398	3.363	3.331	3.303	3.267	3.234	3.205	3.181	3.155	3.127	3.104	3.070	3.018	2.968	2.922	2.871	2.821	2.774	2.728	2.685	2.646	2.601	2.558	2.519	2.481	2.448	2.413	2.376	2.344	2.317	2.290	2.261	2.237	2.219	2.198	2.179	2.164	2.151	2.140	2.127	2.121	2.119	2.115	2.115	2.119	2.126	2.133	2.144	2.157	2.171	2.187	2.203	2.207	2.212	2.220	2.228	2.238	2.248	2.260	2.275	2.289	2.304	2.320	2.340	2.362	2.386	2.410	2.435	2.463	2.494	2.528	2.565	2.601	2.641	2.682	2.725	2.772	2.820	2.869	2.878	2.888	2.903	2.924	2.947	2.971	2.999	3.032	3.068	3.108	3.149	3.192	3.237	3.286	3.336	3.390	3.445	3.502	3.560	3.621	
5.713	5.686	5.661	5.637	5.615	5.594	5.574	5.557	5.541	5.526	5.514	5.503	5.494	5.486	5.480	5.476	5.474	5.473	5.435	5.389	5.324	5.261	5.200	5.141	5.083	5.029	4.977	4.927	4.879	4.833	4.791	4.753	4.719	4.687	4.661	4.640	4.622	4.609	4.601	4.596	4.592	4.595	4.605	4.617	4.619	4.611	4.608	4.608	4.611	4.619	4.628	4.638	4.651	4.665	4.679	4.692	4.708	4.725	4.745	4.768	4.793	4.818	4.845	4.876	4.909	4.946	4.984	5.026	5.069	5.115	5.163	5.213	5.264	5.288	5.290	5.293	5.298	5.304	5.313	5.323	5.335	5.349	5.364	5.381	5.399	5.419	5.441	5.464	5.489	5.515	5.543	5.572	5.603	5.635	5.668	5.703	5.739	5.776	5.814	5.854	5.894	5.936	5.979	5.992	5.939	5.886	5.834	5.783	5.727	5.671	5.617	5.563	5.511	5.459	5.409	5.356	5.301	5.246	5.193	5.141	5.089	5.039	4.991	4.937	4.883	4.830	4.778	4.727	4.678	4.631	4.580	4.527	4.475	4.425	4.376	4.328	4.283	4.234	4.182	4.132	4.084	4.038	3.994	3.951	3.901	3.853	3.807	3.763	3.722	3.683	3.636	3.591	3.549	3.509	3.472	3.436	3.393	3.354	3.318	3.285	3.255	3.218	3.184	3.154	3.128	3.101	3.071	3.047	3.027	2.979	2.930	2.879	2.827	2.777	2.730	2.685	2.641	2.597	2.551	2.509	2.469	2.432	2.397	2.358	2.321	2.289	2.262	2.231	2.202	2.178	2.160	2.135	2.116	2.101	2.089	2.075	2.062	2.056	2.053	2.049	2.049	2.053	2.060	2.068	2.078	2.092	2.105	2.122	2.137	2.141	2.146	2.155	2.163	2.173	2.182	2.195	2.209	2.224	2.239	2.255	2.275	2.297	2.321	2.346	2.372	2.400	2.431	2.465	2.501	2.537	2.577	2.618	2.662	2.708	2.757	2.805	2.813	2.824	2.840	2.861	2.886	2.911	2.940	2.975	3.013	3.054	3.097	3.141	3.188	3.238	3.291	3.345	3.402	3.460	3.520	3.581	
5.718	5.692	5.666	5.642	5.620	5.599	5.579	5.562	5.546	5.531	5.519	5.508	5.499	5.491	5.485	5.481	5.479	5.478	5.438	5.393	5.329	5.266	5.205	5.146	5.089	5.034	4.982	4.933	4.885	4.839	4.797	4.759	4.724	4.692	4.666	4.646	4.628	4.615	4.604	4.599	4.596	4.599	4.607	4.598	4.587	4.577	4.574	4.576	4.579	4.586	4.599	4.610	4.624	4.638	4.654	4.667	4.682	4.700	4.720	4.743	4.765	4.790	4.818	4.849	4.882	4.918	4.957	4.999	5.043	5.091	5.139	5.189	5.241	5.265	5.266	5.270	5.274	5.281	5.290	5.300	5.312	5.325	5.341	5.357	5.376	5.396	5.418	5.441	5.466	5.492	5.520	5.549	5.580	5.612	5.645	5.679	5.715	5.752	5.791	5.830	5.871	5.913	5.955	5.983	5.929	5.877	5.825	5.772	5.716	5.660	5.606	5.552	5.499	5.447	5.397	5.343	5.288	5.233	5.180	5.127	5.075	5.025	4.976	4.921	4.867	4.813	4.761	4.711	4.661	4.613	4.561	4.508	4.455	4.405	4.355	4.308	4.262	4.211	4.159	4.109	4.060	4.013	3.969	3.924	3.874	3.825	3.778	3.734	3.691	3.651	3.603	3.557	3.514	3.474	3.436	3.397	3.354	3.313	3.276	3.243	3.210	3.171	3.136	3.105	3.079	3.049	3.018	2.992	2.971	2.944	2.894	2.839	2.786	2.736	2.689	2.644	2.597	2.551	2.505	2.462	2.423	2.385	2.345	2.306	2.269	2.237	2.209	2.174	2.145	2.121	2.100	2.075	2.056	2.041	2.027	2.012	2.000	1.994	1.989	1.985	1.986	1.989	1.996	2.005	2.015	2.029	2.042	2.058	2.074	2.077	2.082	2.092	2.100	2.109	2.119	2.131	2.146	2.161	2.175	2.191	2.211	2.233	2.257	2.283	2.310	2.338	2.369	2.403	2.440	2.476	2.516	2.557	2.600	2.647	2.696	2.742	2.750	2.761	2.778	2.801	2.827	2.853	2.884	2.920	2.960	3.003	3.048	3.094	3.142	3.194	3.247	3.303	3.361	3.421	3.482	3.545	
5.714	5.687	5.662	5.638	5.615	5.595	5.575	5.558	5.542	5.527	5.515	5.504	5.494	5.487	5.481	5.477	5.475	5.474	5.438	5.399	5.337	5.275	5.214	5.155	5.099	5.045	4.993	4.944	4.896	4.850	4.808	4.770	4.735	4.703	4.677	4.656	4.639	4.625	4.613	4.608	4.605	4.600	4.580	4.565	4.553	4.545	4.541	4.544	4.551	4.559	4.572	4.584	4.598	4.614	4.630	4.646	4.659	4.676	4.697	4.720	4.742	4.767	4.794	4.825	4.858	4.894	4.934	4.977	5.022	5.070	5.117	5.168	5.220	5.244	5.246	5.249	5.254	5.261	5.269	5.279	5.291	5.305	5.320	5.337	5.355	5.376	5.397	5.421	5.445	5.472	5.499	5.528	5.559	5.591	5.624	5.659	5.695	5.732	5.770	5.810	5.850	5.892	5.935	5.975	5.921	5.869	5.817	5.763	5.707	5.651	5.596	5.542	5.489	5.438	5.387	5.332	5.277	5.222	5.168	5.115	5.063	5.013	4.963	4.907	4.853	4.799	4.747	4.696	4.646	4.598	4.545	4.491	4.438	4.387	4.337	4.289	4.243	4.190	4.138	4.087	4.038	3.991	3.946	3.900	3.849	3.799	3.752	3.707	3.664	3.622	3.573	3.526	3.482	3.441	3.403	3.362	3.317	3.276	3.238	3.203	3.168	3.128	3.092	3.060	3.033	3.000	2.968	2.941	2.919	2.895	2.857	2.801	2.749	2.699	2.652	2.604	2.554	2.508	2.462	2.419	2.380	2.338	2.296	2.257	2.220	2.188	2.156	2.121	2.091	2.067	2.043	2.017	1.998	1.983	1.967	1.952	1.939	1.933	1.928	1.924	1.924	1.928	1.935	1.944	1.954	1.968	1.981	1.997	2.013	2.016	2.021	2.031	2.039	2.049	2.058	2.071	2.085	2.100	2.114	2.130	2.151	2.172	2.197	2.223	2.251	2.279	2.310	2.345	2.381	2.417	2.457	2.498	2.542	2.588	2.637	2.681	2.689	2.701	2.720	2.744	2.771	2.799	2.831	2.868	2.910	2.955	3.002	3.049	3.099	3.152	3.207	3.265	3.324	3.385	3.448	3.512	
5.676	5.649	5.624	5.600	5.577	5.556	5.537	5.519	5.503	5.489	5.476	5.465	5.456	5.449	5.443	5.439	5.437	5.436	5.401	5.368	5.336	5.288	5.227	5.169	5.113	5.059	5.009	4.960	4.911	4.866	4.823	4.785	4.751	4.721	4.694	4.671	4.653	4.639	4.628	4.619	4.596	4.569	4.548	4.533	4.522	4.516	4.513	4.517	4.523	4.534	4.547	4.559	4.573	4.588	4.607	4.624	4.638	4.656	4.678	4.700	4.721	4.746	4.773	4.804	4.838	4.875	4.916	4.960	5.004	5.051	5.099	5.150	5.203	5.228	5.229	5.232	5.237	5.244	5.252	5.263	5.274	5.288	5.303	5.320	5.339	5.359	5.381	5.404	5.429	5.455	5.483	5.512	5.542	5.574	5.608	5.642	5.678	5.715	5.754	5.793	5.834	5.875	5.918	5.962	5.915	5.862	5.810	5.756	5.699	5.643	5.588	5.534	5.481	5.429	5.378	5.323	5.267	5.212	5.158	5.105	5.053	5.003	4.952	4.896	4.841	4.787	4.735	4.683	4.634	4.585	4.530	4.476	4.423	4.372	4.322	4.273	4.227	4.173	4.120	4.069	4.019	3.972	3.926	3.879	3.827	3.777	3.729	3.683	3.640	3.596	3.546	3.499	3.454	3.412	3.373	3.329	3.284	3.242	3.203	3.167	3.130	3.089	3.052	3.018	2.990	2.955	2.922	2.893	2.871	2.844	2.818	2.768	2.715	2.665	2.617	2.564	2.515	2.468	2.423	2.380	2.338	2.293	2.251	2.212	2.175	2.143	2.105	2.071	2.041	2.017	1.988	1.963	1.944	1.929	1.909	1.894	1.882	1.876	1.869	1.865	1.866	1.869	1.876	1.886	1.896	1.910	1.923	1.940	1.955	1.957	1.962	1.972	1.981	1.991	2.000	2.013	2.027	2.042	2.057	2.073	2.093	2.115	2.139	2.165	2.193	2.224	2.255	2.289	2.325	2.361	2.401	2.442	2.486	2.532	2.581	2.624	2.632	2.645	2.664	2.689	2.718	2.747	2.781	2.820	2.863	2.910	2.959	3.008	3.059	3.114	3.170	3.229	3.290	3.352	3.416	3.481	
5.638	5.611	5.586	5.562	5.540	5.519	5.499	5.482	5.466	5.451	5.439	5.428	5.419	5.411	5.405	5.401	5.399	5.398	5.363	5.329	5.298	5.270	5.240	5.187	5.132	5.079	5.028	4.979	4.930	4.884	4.842	4.804	4.771	4.741	4.713	4.691	4.672	4.654	4.631	4.597	4.568	4.541	4.520	4.504	4.492	4.487	4.486	4.490	4.499	4.510	4.523	4.535	4.549	4.564	4.582	4.605	4.624	4.642	4.663	4.685	4.705	4.730	4.757	4.786	4.821	4.860	4.901	4.944	4.989	5.036	5.085	5.137	5.190	5.215	5.216	5.220	5.225	5.231	5.240	5.250	5.262	5.275	5.291	5.308	5.326	5.346	5.368	5.391	5.416	5.442	5.470	5.499	5.530	5.562	5.595	5.630	5.665	5.703	5.741	5.780	5.821	5.863	5.906	5.950	5.910	5.857	5.805	5.750	5.693	5.637	5.582	5.528	5.475	5.423	5.372	5.315	5.259	5.204	5.150	5.097	5.045	4.994	4.942	4.886	4.831	4.777	4.724	4.673	4.623	4.574	4.518	4.464	4.411	4.359	4.309	4.260	4.212	4.158	4.105	4.053	4.003	3.955	3.909	3.860	3.808	3.757	3.709	3.663	3.619	3.573	3.523	3.475	3.429	3.386	3.347	3.301	3.255	3.211	3.172	3.135	3.095	3.053	3.015	2.981	2.951	2.914	2.879	2.850	2.826	2.797	2.770	2.738	2.685	2.635	2.582	2.529	2.480	2.433	2.387	2.343	2.297	2.252	2.210	2.171	2.135	2.097	2.059	2.024	1.995	1.969	1.937	1.912	1.893	1.875	1.856	1.841	1.828	1.822	1.814	1.810	1.811	1.814	1.821	1.831	1.842	1.856	1.869	1.885	1.901	1.902	1.907	1.917	1.926	1.936	1.946	1.958	1.973	1.988	2.002	2.018	2.038	2.060	2.084	2.110	2.139	2.170	2.203	2.237	2.273	2.309	2.349	2.390	2.434	2.480	2.529	2.569	2.578	2.591	2.612	2.638	2.669	2.699	2.735	2.776	2.820	2.869	2.920	2.970	3.023	3.079	3.137	3.197	3.259	3.322	3.387	3.453	
5.603	5.576	5.551	5.527	5.504	5.484	5.464	5.447	5.431	5.416	5.404	5.393	5.383	5.376	5.370	5.366	5.364	5.363	5.328	5.293	5.261	5.233	5.207	5.182	5.150	5.100	5.049	5.000	4.952	4.908	4.866	4.829	4.797	4.766	4.737	4.713	4.680	4.641	4.603	4.569	4.540	4.514	4.492	4.476	4.464	4.460	4.460	4.466	4.476	4.488	4.501	4.514	4.527	4.543	4.562	4.584	4.608	4.630	4.651	4.672	4.694	4.718	4.744	4.774	4.809	4.848	4.890	4.933	4.978	5.026	5.076	5.128	5.182	5.207	5.208	5.211	5.216	5.223	5.231	5.242	5.253	5.267	5.282	5.299	5.318	5.338	5.360	5.383	5.408	5.434	5.462	5.491	5.521	5.553	5.587	5.621	5.657	5.694	5.733	5.772	5.813	5.854	5.897	5.941	5.907	5.854	5.802	5.746	5.689	5.633	5.578	5.524	5.471	5.418	5.367	5.310	5.254	5.198	5.144	5.091	5.039	4.988	4.935	4.878	4.823	4.769	4.716	4.665	4.615	4.564	4.508	4.454	4.400	4.349	4.298	4.249	4.200	4.145	4.092	4.040	3.990	3.942	3.895	3.844	3.792	3.741	3.692	3.645	3.601	3.553	3.502	3.454	3.408	3.364	3.324	3.276	3.229	3.185	3.145	3.108	3.065	3.022	2.983	2.948	2.917	2.877	2.841	2.811	2.786	2.754	2.726	2.704	2.660	2.606	2.551	2.498	2.449	2.402	2.356	2.307	2.261	2.216	2.174	2.135	2.095	2.056	2.018	1.983	1.953	1.922	1.891	1.866	1.847	1.826	1.806	1.791	1.779	1.773	1.764	1.759	1.760	1.763	1.770	1.781	1.792	1.805	1.819	1.835	1.850	1.852	1.857	1.866	1.875	1.886	1.896	1.908	1.923	1.937	1.952	1.968	1.988	2.010	2.034	2.060	2.088	2.120	2.155	2.189	2.225	2.261	2.301	2.342	2.386	2.432	2.481	2.519	2.528	2.542	2.564	2.592	2.624	2.656	2.693	2.735	2.782	2.832	2.885	2.937	2.991	3.048	3.107	3.169	3.232	3.296	3.362	3.429	
5.571	5.544	5.519	5.495	5.472	5.452	5.432	5.415	5.399	5.384	5.372	5.361	5.351	5.344	5.338	5.334	5.332	5.331	5.296	5.261	5.228	5.198	5.172	5.147	5.124	5.103	5.074	5.026	4.979	4.935	4.895	4.858	4.823	4.786	4.741	4.695	4.651	4.611	4.575	4.541	4.514	4.487	4.466	4.450	4.438	4.434	4.437	4.444	4.454	4.468	4.481	4.494	4.508	4.524	4.545	4.568	4.593	4.618	4.641	4.662	4.685	4.709	4.736	4.767	4.801	4.841	4.882	4.925	4.971	5.020	5.071	5.122	5.177	5.201	5.203	5.206	5.211	5.218	5.226	5.236	5.248	5.262	5.277	5.294	5.313	5.333	5.354	5.378	5.402	5.429	5.456	5.486	5.516	5.548	5.581	5.616	5.652	5.689	5.727	5.767	5.808	5.849	5.892	5.936	5.905	5.852	5.800	5.743	5.686	5.630	5.575	5.521	5.468	5.416	5.363	5.306	5.250	5.194	5.140	5.087	5.035	4.984	4.929	4.873	4.818	4.764	4.711	4.659	4.609	4.557	4.501	4.446	4.393	4.341	4.290	4.241	4.191	4.135	4.082	4.030	3.979	3.931	3.885	3.832	3.779	3.728	3.678	3.631	3.587	3.537	3.486	3.437	3.390	3.346	3.306	3.256	3.208	3.163	3.122	3.084	3.040	2.995	2.955	2.919	2.886	2.845	2.808	2.777	2.751	2.716	2.687	2.664	2.638	2.580	2.525	2.472	2.423	2.376	2.325	2.276	2.230	2.184	2.143	2.103	2.059	2.019	1.981	1.946	1.917	1.881	1.850	1.825	1.806	1.781	1.762	1.747	1.735	1.729	1.718	1.714	1.714	1.718	1.725	1.736	1.746	1.760	1.773	1.790	1.804	1.806	1.811	1.820	1.830	1.841	1.850	1.863	1.878	1.892	1.907	1.923	1.943	1.965	1.989	2.015	2.043	2.075	2.109	2.146	2.182	2.219	2.258	2.300	2.343	2.389	2.438	2.474	2.483	2.498	2.521	2.550	2.584	2.618	2.656	2.700	2.748	2.800	2.855	2.907	2.963	3.021	3.082	3.144	3.208	3.274	3.340	3.408	
5.543	5.516	5.490	5.466	5.444	5.423	5.404	5.386	5.370	5.356	5.343	5.332	5.323	5.315	5.310	5.305	5.303	5.303	5.267	5.231	5.197	5.166	5.139	5.115	5.093	5.071	5.054	5.039	5.008	4.965	4.922	4.868	4.814	4.762	4.712	4.666	4.622	4.581	4.545	4.511	4.483	4.460	4.440	4.427	4.416	4.412	4.416	4.425	4.436	4.451	4.464	4.479	4.493	4.511	4.531	4.554	4.579	4.602	4.626	4.651	4.675	4.702	4.732	4.763	4.797	4.836	4.877	4.920	4.966	5.016	5.067	5.119	5.173	5.197	5.198	5.202	5.207	5.213	5.222	5.232	5.244	5.257	5.273	5.289	5.308	5.328	5.350	5.373	5.398	5.424	5.452	5.481	5.512	5.544	5.577	5.612	5.647	5.685	5.723	5.762	5.803	5.845	5.888	5.931	5.904	5.851	5.799	5.742	5.685	5.629	5.574	5.520	5.467	5.415	5.361	5.304	5.248	5.192	5.138	5.085	5.033	4.982	4.926	4.870	4.814	4.760	4.707	4.655	4.605	4.552	4.496	4.441	4.388	4.335	4.285	4.236	4.184	4.128	4.075	4.022	3.972	3.923	3.877	3.822	3.769	3.718	3.668	3.621	3.576	3.525	3.473	3.424	3.377	3.332	3.290	3.239	3.191	3.146	3.104	3.066	3.019	2.974	2.933	2.896	2.861	2.818	2.780	2.748	2.721	2.685	2.654	2.630	2.610	2.559	2.504	2.451	2.402	2.351	2.299	2.250	2.204	2.159	2.117	2.072	2.029	1.989	1.951	1.916	1.882	1.846	1.815	1.790	1.768	1.743	1.724	1.709	1.696	1.689	1.678	1.674	1.674	1.678	1.685	1.697	1.707	1.721	1.734	1.750	1.765	1.766	1.771	1.781	1.790	1.801	1.811	1.824	1.838	1.853	1.867	1.883	1.903	1.925	1.950	1.975	2.004	2.035	2.070	2.106	2.143	2.182	2.221	2.263	2.306	2.352	2.401	2.435	2.444	2.460	2.484	2.515	2.550	2.585	2.625	2.670	2.719	2.772	2.828	2.883	2.940	2.999	3.060	3.124	3.189	3.255	3.322	3.391	
5.518	5.491	5.465	5.441	5.419	5.398	5.379	5.361	5.345	5.331	5.318	5.307	5.298	5.290	5.284	5.280	5.278	5.277	5.241	5.204	5.169	5.138	5.110	5.087	5.065	5.043	5.026	5.011	4.997	4.960	4.901	4.845	4.791	4.739	4.689	4.641	4.598	4.557	4.521	4.487	4.457	4.434	4.417	4.404	4.397	4.393	4.397	4.405	4.419	4.435	4.451	4.466	4.482	4.500	4.521	4.544	4.567	4.589	4.613	4.637	4.663	4.690	4.721	4.756	4.794	4.833	4.875	4.918	4.964	5.012	5.063	5.114	5.165	5.188	5.189	5.193	5.198	5.204	5.213	5.223	5.235	5.248	5.264	5.280	5.299	5.319	5.341	5.364	5.389	5.415	5.443	5.472	5.503	5.535	5.568	5.602	5.638	5.675	5.714	5.753	5.794	5.836	5.879	5.922	5.901	5.848	5.796	5.739	5.682	5.626	5.571	5.517	5.464	5.412	5.360	5.303	5.246	5.191	5.137	5.083	5.031	4.980	4.925	4.868	4.813	4.759	4.706	4.654	4.604	4.550	4.493	4.439	4.385	4.333	4.282	4.233	4.180	4.124	4.070	4.018	3.967	3.919	3.872	3.816	3.763	3.711	3.661	3.614	3.569	3.516	3.464	3.414	3.367	3.323	3.279	3.227	3.178	3.133	3.090	3.052	3.003	2.957	2.915	2.878	2.841	2.797	2.759	2.726	2.697	2.659	2.628	2.603	2.581	2.544	2.489	2.436	2.386	2.331	2.279	2.230	2.184	2.139	2.094	2.048	2.004	1.965	1.926	1.892	1.854	1.818	1.787	1.762	1.737	1.712	1.692	1.677	1.665	1.656	1.645	1.641	1.641	1.645	1.652	1.664	1.674	1.688	1.702	1.718	1.732	1.733	1.738	1.748	1.757	1.768	1.779	1.791	1.806	1.820	1.835	1.851	1.871	1.893	1.917	1.943	1.971	2.003	2.037	2.074	2.111	2.151	2.191	2.232	2.276	2.322	2.371	2.403	2.412	2.429	2.453	2.485	2.522	2.558	2.599	2.645	2.696	2.750	2.808	2.863	2.921	2.981	3.043	3.107	3.173	3.240	3.308	3.377	
5.494	5.467	5.441	5.417	5.395	5.374	5.355	5.337	5.321	5.307	5.294	5.283	5.274	5.266	5.260	5.256	5.254	5.254	5.217	5.180	5.145	5.113	5.085	5.061	5.040	5.019	5.001	4.985	4.970	4.939	4.880	4.824	4.770	4.719	4.669	4.622	4.576	4.535	4.499	4.466	4.436	4.411	4.394	4.383	4.375	4.374	4.380	4.389	4.402	4.420	4.438	4.455	4.473	4.492	4.513	4.534	4.555	4.577	4.601	4.626	4.651	4.680	4.711	4.747	4.786	4.826	4.869	4.913	4.960	5.007	5.055	5.104	5.156	5.178	5.180	5.183	5.188	5.195	5.203	5.213	5.225	5.239	5.254	5.271	5.290	5.310	5.331	5.355	5.379	5.406	5.433	5.463	5.493	5.525	5.558	5.593	5.629	5.666	5.704	5.744	5.784	5.826	5.869	5.913	5.902	5.849	5.795	5.738	5.681	5.625	5.570	5.516	5.462	5.410	5.357	5.299	5.243	5.188	5.134	5.080	5.028	4.977	4.922	4.865	4.810	4.756	4.703	4.651	4.601	4.548	4.492	4.437	4.383	4.331	4.281	4.231	4.178	4.123	4.069	4.016	3.966	3.917	3.869	3.813	3.760	3.708	3.658	3.611	3.566	3.511	3.459	3.409	3.361	3.317	3.271	3.220	3.170	3.125	3.082	3.042	2.992	2.946	2.904	2.866	2.827	2.783	2.744	2.710	2.679	2.641	2.608	2.583	2.559	2.532	2.479	2.426	2.372	2.318	2.266	2.217	2.171	2.124	2.077	2.031	1.987	1.948	1.910	1.872	1.834	1.798	1.767	1.741	1.714	1.688	1.669	1.654	1.641	1.631	1.620	1.616	1.616	1.620	1.627	1.639	1.650	1.664	1.677	1.693	1.707	1.708	1.713	1.723	1.732	1.743	1.754	1.766	1.781	1.796	1.810	1.826	1.846	1.868	1.892	1.918	1.947	1.978	2.013	2.049	2.086	2.126	2.167	2.209	2.253	2.299	2.348	2.378	2.388	2.405	2.430	2.463	2.501	2.538	2.580	2.627	2.679	2.734	2.792	2.849	2.907	2.968	3.031	3.096	3.162	3.229	3.298	3.368	
5.472	5.445	5.419	5.395	5.373	5.352	5.333	5.315	5.299	5.285	5.272	5.261	5.252	5.244	5.239	5.235	5.232	5.232	5.195	5.159	5.124	5.092	5.064	5.040	5.017	4.996	4.978	4.961	4.946	4.923	4.864	4.806	4.752	4.701	4.651	4.604	4.559	4.518	4.482	4.449	4.420	4.395	4.378	4.366	4.359	4.358	4.364	4.374	4.388	4.405	4.425	4.444	4.461	4.479	4.499	4.519	4.541	4.566	4.591	4.619	4.645	4.674	4.706	4.742	4.780	4.821	4.864	4.908	4.952	4.998	5.045	5.095	5.147	5.170	5.172	5.175	5.180	5.187	5.195	5.205	5.217	5.231	5.246	5.263	5.281	5.301	5.323	5.346	5.371	5.397	5.425	5.454	5.485	5.517	5.550	5.585	5.621	5.658	5.696	5.736	5.776	5.818	5.861	5.905	5.906	5.853	5.798	5.740	5.683	5.627	5.572	5.518	5.465	5.413	5.357	5.300	5.244	5.188	5.134	5.081	5.029	4.978	4.920	4.864	4.809	4.754	4.701	4.650	4.599	4.545	4.489	4.434	4.380	4.328	4.277	4.228	4.175	4.119	4.066	4.013	3.963	3.914	3.867	3.811	3.758	3.706	3.656	3.609	3.563	3.510	3.458	3.408	3.360	3.315	3.268	3.216	3.167	3.121	3.079	3.037	2.987	2.941	2.898	2.860	2.819	2.775	2.735	2.701	2.668	2.629	2.597	2.571	2.546	2.518	2.475	2.422	2.366	2.311	2.259	2.211	2.164	2.115	2.068	2.022	1.978	1.938	1.900	1.860	1.821	1.785	1.754	1.729	1.699	1.674	1.654	1.639	1.627	1.615	1.604	1.600	1.600	1.604	1.611	1.623	1.634	1.648	1.661	1.677	1.691	1.692	1.697	1.707	1.716	1.727	1.738	1.750	1.765	1.780	1.794	1.810	1.830	1.852	1.876	1.902	1.931	1.962	1.997	2.033	2.070	2.110	2.151	2.195	2.238	2.284	2.333	2.363	2.372	2.390	2.415	2.449	2.488	2.525	2.568	2.616	2.668	2.724	2.782	2.840	2.899	2.960	3.023	3.088	3.155	3.223	3.291	3.361	
5.452	5.425	5.400	5.376	5.354	5.333	5.313	5.296	5.280	5.265	5.253	5.242	5.233	5.225	5.219	5.215	5.213	5.212	5.177	5.141	5.107	5.076	5.047	5.021	4.997	4.976	4.958	4.939	4.924	4.906	4.852	4.794	4.739	4.686	4.636	4.590	4.546	4.505	4.468	4.433	4.406	4.382	4.366	4.355	4.350	4.349	4.354	4.364	4.377	4.394	4.413	4.432	4.450	4.467	4.486	4.507	4.530	4.556	4.583	4.612	4.642	4.671	4.704	4.740	4.778	4.818	4.861	4.904	4.947	4.993	5.040	5.089	5.140	5.163	5.164	5.168	5.173	5.179	5.188	5.198	5.210	5.223	5.239	5.256	5.274	5.294	5.316	5.339	5.364	5.390	5.418	5.447	5.478	5.510	5.543	5.578	5.614	5.651	5.689	5.728	5.769	5.811	5.854	5.898	5.911	5.858	5.803	5.746	5.689	5.633	5.578	5.524	5.470	5.418	5.361	5.304	5.248	5.192	5.138	5.085	5.033	4.980	4.923	4.866	4.811	4.757	4.704	4.652	4.602	4.546	4.489	4.434	4.381	4.329	4.278	4.229	4.174	4.118	4.064	4.012	3.961	3.913	3.864	3.809	3.755	3.703	3.653	3.606	3.561	3.506	3.454	3.404	3.356	3.312	3.266	3.214	3.165	3.118	3.076	3.034	2.985	2.938	2.896	2.858	2.817	2.773	2.733	2.699	2.665	2.626	2.593	2.568	2.541	2.513	2.470	2.418	2.363	2.308	2.256	2.207	2.161	2.112	2.065	2.019	1.975	1.935	1.897	1.856	1.818	1.781	1.750	1.724	1.693	1.668	1.649	1.634	1.621	1.608	1.597	1.593	1.594	1.597	1.604	1.617	1.627	1.641	1.654	1.671	1.684	1.685	1.690	1.700	1.709	1.720	1.731	1.744	1.758	1.773	1.788	1.804	1.824	1.846	1.870	1.896	1.924	1.956	1.990	2.027	2.063	2.103	2.145	2.189	2.232	2.278	2.327	2.356	2.366	2.383	2.409	2.443	2.483	2.520	2.563	2.611	2.664	2.719	2.778	2.837	2.896	2.957	3.020	3.086	3.152	3.220	3.289	3.359	
5.436	5.409	5.383	5.359	5.337	5.316	5.297	5.279	5.263	5.249	5.236	5.225	5.216	5.208	5.203	5.199	5.196	5.196	5.159	5.124	5.091	5.061	5.032	5.006	4.982	4.960	4.941	4.921	4.905	4.891	4.841	4.784	4.728	4.673	4.623	4.577	4.534	4.493	4.457	4.425	4.398	4.377	4.360	4.349	4.343	4.344	4.348	4.357	4.371	4.386	4.403	4.421	4.439	4.458	4.478	4.498	4.523	4.549	4.577	4.609	4.641	4.672	4.705	4.740	4.780	4.819	4.859	4.900	4.944	4.989	5.037	5.086	5.137	5.160	5.161	5.164	5.169	5.176	5.184	5.195	5.206	5.220	5.235	5.252	5.271	5.291	5.312	5.336	5.361	5.387	5.415	5.444	5.474	5.506	5.540	5.574	5.610	5.647	5.685	5.725	5.766	5.807	5.850	5.894	5.874	5.821	5.769	5.718	5.668	5.619	5.564	5.510	5.457	5.404	5.353	5.303	5.253	5.198	5.143	5.090	5.038	4.986	4.928	4.872	4.816	4.762	4.709	4.657	4.607	4.550	4.494	4.439	4.385	4.333	4.282	4.233	4.176	4.121	4.067	4.015	3.964	3.915	3.865	3.810	3.756	3.704	3.654	3.607	3.560	3.506	3.453	3.403	3.356	3.311	3.264	3.212	3.163	3.117	3.074	3.032	2.982	2.936	2.893	2.855	2.814	2.769	2.730	2.695	2.662	2.623	2.590	2.564	2.538	2.510	2.467	2.414	2.358	2.303	2.251	2.202	2.155	2.106	2.058	2.011	1.967	1.927	1.889	1.848	1.811	1.775	1.744	1.718	1.688	1.662	1.643	1.628	1.616	1.603	1.592	1.588	1.587	1.589	1.595	1.608	1.618	1.633	1.646	1.659	1.661	1.663	1.668	1.677	1.686	1.698	1.710	1.723	1.738	1.753	1.767	1.784	1.804	1.827	1.852	1.879	1.907	1.938	1.971	2.007	2.044	2.084	2.126	2.169	2.213	2.259	2.309	2.338	2.348	2.366	2.392	2.426	2.465	2.502	2.545	2.593	2.645	2.701	2.760	2.817	2.876	2.937	3.000	3.065	3.132	3.200	3.269	3.339	
5.422	5.395	5.370	5.346	5.323	5.302	5.283	5.265	5.249	5.235	5.222	5.211	5.202	5.195	5.189	5.185	5.183	5.182	5.145	5.110	5.077	5.047	5.019	4.992	4.968	4.945	4.925	4.906	4.890	4.878	4.834	4.777	4.722	4.667	4.617	4.570	4.527	4.487	4.451	4.421	4.393	4.372	4.356	4.346	4.341	4.341	4.345	4.354	4.365	4.379	4.395	4.412	4.432	4.452	4.473	4.495	4.519	4.546	4.576	4.607	4.642	4.676	4.709	4.745	4.783	4.821	4.860	4.901	4.943	4.988	5.035	5.084	5.136	5.159	5.160	5.164	5.169	5.175	5.184	5.194	5.206	5.219	5.235	5.252	5.270	5.290	5.312	5.335	5.360	5.386	5.414	5.443	5.474	5.506	5.539	5.574	5.609	5.647	5.685	5.724	5.765	5.807	5.850	5.890	5.836	5.783	5.731	5.680	5.630	5.581	5.526	5.472	5.419	5.366	5.315	5.265	5.216	5.164	5.109	5.056	5.004	4.953	4.903	4.855	4.804	4.750	4.697	4.645	4.595	4.546	4.498	4.444	4.390	4.338	4.287	4.238	4.182	4.127	4.073	4.020	3.970	3.921	3.870	3.814	3.761	3.709	3.659	3.612	3.563	3.509	3.457	3.407	3.359	3.314	3.266	3.214	3.165	3.119	3.076	3.033	2.983	2.937	2.894	2.856	2.814	2.769	2.730	2.695	2.661	2.622	2.589	2.563	2.536	2.509	2.468	2.415	2.358	2.303	2.251	2.202	2.154	2.104	2.056	2.009	1.965	1.925	1.886	1.844	1.808	1.773	1.742	1.716	1.685	1.659	1.640	1.624	1.613	1.599	1.589	1.583	1.579	1.579	1.586	1.598	1.609	1.623	1.623	1.621	1.623	1.628	1.635	1.643	1.653	1.666	1.677	1.691	1.706	1.719	1.736	1.753	1.773	1.795	1.821	1.848	1.875	1.905	1.938	1.974	2.012	2.053	2.096	2.139	2.184	2.231	2.280	2.310	2.320	2.337	2.364	2.397	2.436	2.474	2.517	2.565	2.617	2.673	2.732	2.789	2.848	2.909	2.972	3.037	3.104	3.172	3.241	3.311	
5.412	5.385	5.360	5.336	5.313	5.292	5.273	5.256	5.240	5.225	5.213	5.202	5.192	5.185	5.179	5.175	5.173	5.172	5.135	5.100	5.068	5.038	5.010	4.982	4.958	4.935	4.914	4.894	4.877	4.864	4.832	4.775	4.720	4.666	4.616	4.568	4.523	4.483	4.448	4.417	4.391	4.369	4.351	4.342	4.340	4.340	4.343	4.350	4.360	4.374	4.390	4.407	4.426	4.449	4.472	4.495	4.520	4.547	4.576	4.609	4.644	4.679	4.716	4.752	4.788	4.825	4.863	4.903	4.946	4.990	5.036	5.085	5.137	5.160	5.161	5.164	5.169	5.176	5.185	5.195	5.207	5.220	5.235	5.252	5.271	5.291	5.313	5.336	5.361	5.387	5.415	5.444	5.474	5.506	5.540	5.574	5.610	5.647	5.686	5.725	5.766	5.807	5.850	5.854	5.801	5.748	5.695	5.644	5.594	5.544	5.489	5.435	5.381	5.329	5.278	5.228	5.179	5.126	5.071	5.018	4.966	4.915	4.865	4.817	4.766	4.712	4.659	4.607	4.557	4.508	4.460	4.409	4.356	4.303	4.253	4.203	4.156	4.110	4.057	4.005	3.954	3.905	3.858	3.814	3.764	3.712	3.662	3.615	3.569	3.515	3.462	3.412	3.365	3.320	3.271	3.219	3.170	3.124	3.081	3.037	2.987	2.941	2.899	2.861	2.817	2.773	2.733	2.699	2.664	2.625	2.592	2.566	2.539	2.511	2.474	2.419	2.362	2.308	2.256	2.207	2.158	2.108	2.060	2.012	1.968	1.928	1.888	1.847	1.810	1.776	1.745	1.718	1.687	1.662	1.642	1.625	1.614	1.600	1.589	1.582	1.577	1.577	1.583	1.595	1.603	1.594	1.588	1.587	1.589	1.594	1.603	1.613	1.625	1.636	1.649	1.663	1.677	1.690	1.706	1.723	1.743	1.766	1.791	1.816	1.843	1.875	1.908	1.944	1.983	2.025	2.068	2.111	2.157	2.205	2.254	2.285	2.295	2.312	2.339	2.372	2.412	2.449	2.492	2.540	2.592	2.648	2.707	2.764	2.823	2.884	2.948	3.013	3.079	3.147	3.216	3.286	
5.406	5.379	5.353	5.329	5.307	5.286	5.267	5.249	5.233	5.219	5.206	5.195	5.186	5.178	5.172	5.168	5.166	5.166	5.129	5.094	5.062	5.032	5.003	4.976	4.951	4.927	4.905	4.885	4.867	4.854	4.833	4.777	4.720	4.667	4.617	4.570	4.525	4.484	4.448	4.417	4.392	4.371	4.354	4.345	4.340	4.339	4.342	4.349	4.359	4.371	4.387	4.404	4.425	4.447	4.472	4.498	4.523	4.551	4.581	4.613	4.647	4.683	4.719	4.756	4.793	4.830	4.868	4.908	4.950	4.995	5.041	5.090	5.141	5.163	5.164	5.167	5.172	5.179	5.187	5.198	5.209	5.223	5.238	5.255	5.274	5.294	5.315	5.339	5.364	5.390	5.418	5.447	5.477	5.509	5.543	5.577	5.613	5.650	5.688	5.728	5.769	5.810	5.853	5.822	5.768	5.715	5.663	5.612	5.561	5.509	5.454	5.400	5.347	5.295	5.243	5.193	5.144	5.090	5.035	4.982	4.930	4.879	4.829	4.781	4.729	4.674	4.621	4.570	4.519	4.470	4.423	4.371	4.318	4.265	4.215	4.166	4.118	4.073	4.019	3.967	3.916	3.867	3.820	3.776	3.725	3.673	3.624	3.576	3.531	3.489	3.438	3.388	3.340	3.296	3.254	3.210	3.161	3.115	3.072	3.033	2.991	2.945	2.903	2.865	2.823	2.778	2.739	2.705	2.670	2.631	2.598	2.572	2.544	2.517	2.485	2.428	2.371	2.317	2.266	2.216	2.167	2.117	2.068	2.021	1.977	1.937	1.895	1.854	1.818	1.783	1.752	1.724	1.694	1.669	1.649	1.633	1.619	1.606	1.594	1.586	1.582	1.581	1.588	1.582	1.572	1.561	1.554	1.554	1.558	1.562	1.572	1.584	1.597	1.608	1.622	1.637	1.652	1.666	1.680	1.698	1.719	1.742	1.764	1.789	1.817	1.848	1.881	1.917	1.957	1.999	2.042	2.086	2.133	2.181	2.231	2.262	2.272	2.289	2.316	2.349	2.388	2.426	2.469	2.517	2.569	2.625	2.684	2.741	2.800	2.861	2.925	2.990	3.056	3.124	3.193	3.263	
5.401	5.374	5.348	5.324	5.302	5.281	5.262	5.244	5.228	5.214	5.201	5.190	5.181	5.173	5.168	5.164	5.161	5.161	5.124	5.090	5.058	5.029	5.000	4.973	4.947	4.922	4.899	4.878	4.860	4.846	4.835	4.782	4.726	4.673	4.623	4.575	4.531	4.489	4.452	4.421	4.397	4.377	4.361	4.350	4.343	4.340	4.345	4.351	4.362	4.373	4.389	4.407	4.426	4.449	4.474	4.502	4.529	4.558	4.587	4.619	4.652	4.687	4.722	4.760	4.797	4.835	4.875	4.916	4.957	5.001	5.048	5.096	5.144	5.165	5.167	5.170	5.175	5.182	5.190	5.200	5.212	5.226	5.241	5.258	5.276	5.297	5.318	5.342	5.366	5.393	5.420	5.450	5.480	5.512	5.545	5.580	5.616	5.653	5.691	5.731	5.771	5.813	5.847	5.792	5.738	5.685	5.633	5.582	5.532	5.478	5.423	5.369	5.316	5.263	5.212	5.162	5.112	5.057	5.002	4.949	4.897	4.846	4.796	4.748	4.694	4.640	4.587	4.535	4.485	4.436	4.388	4.335	4.282	4.229	4.179	4.130	4.082	4.036	3.982	3.929	3.879	3.830	3.783	3.739	3.687	3.636	3.586	3.538	3.493	3.451	3.400	3.350	3.303	3.258	3.216	3.172	3.123	3.077	3.034	2.995	2.953	2.907	2.864	2.826	2.793	2.749	2.710	2.676	2.648	2.610	2.577	2.552	2.530	2.503	2.483	2.441	2.385	2.331	2.280	2.231	2.180	2.130	2.082	2.035	1.991	1.950	1.909	1.868	1.830	1.796	1.765	1.736	1.706	1.681	1.661	1.644	1.630	1.618	1.604	1.596	1.591	1.575	1.560	1.549	1.538	1.529	1.522	1.522	1.527	1.535	1.546	1.557	1.570	1.582	1.597	1.612	1.629	1.644	1.657	1.675	1.696	1.719	1.741	1.765	1.793	1.824	1.857	1.893	1.934	1.977	2.020	2.065	2.112	2.160	2.210	2.242	2.252	2.269	2.295	2.329	2.368	2.406	2.449	2.497	2.549	2.605	2.664	2.721	2.780	2.841	2.905	2.970	3.036	3.104	3.173	3.243	
5.397	5.371	5.345	5.321	5.299	5.278	5.259	5.241	5.225	5.211	5.198	5.187	5.178	5.170	5.164	5.160	5.158	5.157	5.123	5.089	5.058	5.028	5.000	4.972	4.946	4.919	4.895	4.874	4.856	4.841	4.831	4.790	4.734	4.682	4.632	4.584	4.540	4.499	4.462	4.432	4.405	4.385	4.370	4.356	4.350	4.349	4.351	4.359	4.369	4.382	4.396	4.413	4.432	4.455	4.481	4.509	4.537	4.566	4.595	4.626	4.658	4.692	4.727	4.765	4.803	4.842	4.882	4.924	4.966	5.011	5.057	5.104	5.149	5.169	5.170	5.173	5.178	5.185	5.194	5.204	5.216	5.229	5.244	5.261	5.280	5.300	5.322	5.345	5.370	5.396	5.424	5.453	5.484	5.516	5.549	5.583	5.619	5.656	5.695	5.734	5.775	5.817	5.821	5.766	5.712	5.659	5.607	5.556	5.506	5.450	5.395	5.341	5.288	5.236	5.184	5.134	5.082	5.027	4.973	4.919	4.867	4.816	4.767	4.718	4.663	4.608	4.555	4.504	4.453	4.404	4.357	4.302	4.249	4.196	4.146	4.097	4.049	4.001	3.947	3.895	3.844	3.796	3.749	3.704	3.652	3.600	3.550	3.503	3.458	3.415	3.363	3.313	3.266	3.221	3.179	3.134	3.085	3.039	2.996	2.958	2.915	2.869	2.827	2.789	2.756	2.711	2.672	2.638	2.610	2.572	2.539	2.514	2.492	2.465	2.445	2.435	2.403	2.350	2.299	2.250	2.198	2.149	2.099	2.052	2.008	1.967	1.925	1.883	1.846	1.814	1.784	1.754	1.724	1.698	1.676	1.659	1.644	1.632	1.616	1.589	1.563	1.543	1.529	1.519	1.507	1.498	1.494	1.494	1.500	1.509	1.520	1.532	1.545	1.558	1.571	1.587	1.605	1.623	1.637	1.655	1.677	1.699	1.720	1.745	1.773	1.804	1.838	1.875	1.916	1.960	2.003	2.047	2.094	2.142	2.192	2.226	2.235	2.253	2.279	2.313	2.352	2.389	2.433	2.481	2.533	2.589	2.648	2.705	2.764	2.826	2.889	2.954	3.021	3.089	3.158	3.228	
5.397	5.370	5.345	5.321	5.298	5.277	5.258	5.240	5.224	5.210	5.197	5.186	5.177	5.170	5.164	5.160	5.158	5.157	5.124	5.091	5.060	5.030	5.002	4.975	4.947	4.919	4.894	4.872	4.853	4.839	4.829	4.800	4.745	4.693	4.644	4.596	4.553	4.511	4.476	4.445	4.420	4.398	4.382	4.370	4.363	4.361	4.364	4.369	4.380	4.394	4.408	4.423	4.442	4.465	4.491	4.519	4.547	4.575	4.604	4.634	4.665	4.699	4.734	4.773	4.813	4.852	4.892	4.933	4.975	5.019	5.065	5.111	5.155	5.174	5.176	5.179	5.184	5.191	5.199	5.209	5.221	5.235	5.250	5.267	5.285	5.306	5.327	5.351	5.375	5.402	5.429	5.459	5.489	5.521	5.554	5.589	5.625	5.662	5.700	5.740	5.780	5.822	5.797	5.742	5.688	5.635	5.583	5.532	5.482	5.426	5.370	5.316	5.263	5.211	5.160	5.110	5.056	5.001	4.947	4.893	4.841	4.790	4.741	4.690	4.635	4.580	4.527	4.476	4.425	4.376	4.328	4.273	4.219	4.167	4.116	4.067	4.020	3.970	3.916	3.864	3.813	3.764	3.718	3.673	3.619	3.568	3.518	3.470	3.425	3.382	3.330	3.280	3.232	3.187	3.146	3.100	3.050	3.004	2.962	2.923	2.879	2.833	2.791	2.753	2.719	2.675	2.635	2.601	2.573	2.535	2.502	2.477	2.455	2.427	2.408	2.398	2.371	2.340	2.313	2.271	2.219	2.169	2.120	2.073	2.029	1.990	1.945	1.904	1.868	1.836	1.806	1.776	1.746	1.719	1.697	1.675	1.643	1.614	1.588	1.561	1.535	1.516	1.500	1.489	1.478	1.469	1.466	1.468	1.475	1.485	1.497	1.509	1.521	1.533	1.547	1.563	1.581	1.604	1.623	1.641	1.663	1.684	1.705	1.730	1.756	1.786	1.821	1.860	1.902	1.945	1.988	2.032	2.080	2.129	2.180	2.214	2.223	2.241	2.267	2.301	2.340	2.377	2.420	2.469	2.521	2.577	2.636	2.694	2.753	2.814	2.877	2.942	3.009	3.077	3.146	3.216	
5.400	5.373	5.348	5.324	5.301	5.281	5.261	5.244	5.228	5.213	5.201	5.190	5.180	5.173	5.167	5.163	5.161	5.160	5.127	5.094	5.064	5.035	5.007	4.980	4.950	4.921	4.896	4.873	4.854	4.840	4.829	4.816	4.762	4.710	4.659	4.612	4.569	4.529	4.494	4.462	4.437	4.416	4.399	4.386	4.381	4.379	4.382	4.386	4.396	4.410	4.424	4.440	4.459	4.480	4.506	4.532	4.559	4.587	4.614	4.644	4.676	4.710	4.746	4.784	4.824	4.865	4.905	4.945	4.987	5.030	5.073	5.119	5.163	5.183	5.184	5.187	5.192	5.199	5.208	5.218	5.230	5.243	5.258	5.275	5.294	5.314	5.336	5.359	5.384	5.410	5.438	5.467	5.498	5.529	5.563	5.597	5.633	5.670	5.709	5.748	5.789	5.830	5.775	5.720	5.666	5.613	5.561	5.510	5.458	5.402	5.347	5.293	5.239	5.187	5.136	5.086	5.032	4.977	4.923	4.869	4.817	4.766	4.716	4.665	4.610	4.556	4.503	4.451	4.401	4.352	4.302	4.247	4.193	4.141	4.090	4.041	3.993	3.942	3.889	3.836	3.786	3.737	3.690	3.644	3.590	3.538	3.489	3.441	3.396	3.351	3.299	3.249	3.202	3.157	3.115	3.068	3.019	2.973	2.930	2.891	2.847	2.801	2.758	2.720	2.686	2.642	2.602	2.568	2.540	2.501	2.468	2.443	2.420	2.393	2.373	2.363	2.336	2.305	2.277	2.250	2.225	2.192	2.144	2.098	2.056	2.014	1.970	1.931	1.895	1.862	1.830	1.798	1.759	1.724	1.685	1.648	1.615	1.587	1.561	1.534	1.508	1.488	1.472	1.462	1.450	1.441	1.440	1.442	1.451	1.463	1.474	1.486	1.499	1.512	1.526	1.541	1.561	1.583	1.608	1.630	1.651	1.672	1.694	1.718	1.744	1.774	1.809	1.849	1.890	1.934	1.977	2.022	2.070	2.120	2.171	2.206	2.215	2.233	2.259	2.293	2.332	2.369	2.413	2.461	2.513	2.569	2.628	2.686	2.745	2.806	2.870	2.935	3.001	3.069	3.138	3.208	
5.407	5.380	5.355	5.331	5.308	5.287	5.268	5.251	5.235	5.220	5.208	5.197	5.187	5.180	5.174	5.170	5.168	5.167	5.132	5.100	5.071	5.042	5.015	4.987	4.956	4.927	4.900	4.878	4.859	4.843	4.832	4.822	4.783	4.730	4.680	4.634	4.591	4.551	4.516	4.486	4.462	4.442	4.424	4.410	4.405	4.404	4.405	4.411	4.419	4.429	4.444	4.462	4.481	4.500	4.524	4.551	4.576	4.603	4.629	4.659	4.691	4.725	4.761	4.799	4.839	4.881	4.920	4.959	4.999	5.041	5.085	5.129	5.172	5.192	5.194	5.197	5.202	5.209	5.217	5.227	5.239	5.253	5.268	5.285	5.303	5.324	5.345	5.369	5.393	5.420	5.447	5.476	5.507	5.539	5.572	5.607	5.643	5.680	5.718	5.758	5.798	5.810	5.755	5.700	5.646	5.593	5.541	5.490	5.437	5.381	5.326	5.271	5.218	5.166	5.115	5.065	5.009	4.954	4.900	4.847	4.794	4.743	4.694	4.641	4.586	4.532	4.479	4.427	4.377	4.328	4.278	4.223	4.169	4.117	4.066	4.017	3.969	3.918	3.864	3.812	3.761	3.712	3.665	3.618	3.564	3.513	3.463	3.415	3.370	3.324	3.272	3.222	3.175	3.130	3.088	3.040	2.991	2.945	2.902	2.863	2.818	2.771	2.729	2.691	2.656	2.612	2.572	2.538	2.509	2.470	2.438	2.412	2.389	2.362	2.342	2.332	2.305	2.272	2.243	2.217	2.191	2.164	2.140	2.118	2.085	2.042	1.992	1.946	1.902	1.854	1.810	1.767	1.729	1.693	1.654	1.619	1.586	1.560	1.534	1.507	1.482	1.462	1.447	1.437	1.424	1.416	1.416	1.421	1.430	1.442	1.453	1.467	1.480	1.493	1.507	1.524	1.544	1.567	1.592	1.617	1.641	1.662	1.685	1.709	1.737	1.768	1.803	1.842	1.883	1.926	1.969	2.015	2.064	2.115	2.166	2.201	2.210	2.228	2.254	2.288	2.327	2.364	2.408	2.456	2.508	2.564	2.623	2.681	2.740	2.801	2.865	2.930	2.996	3.064	3.133	3.203	
5.416	5.389	5.363	5.339	5.317	5.296	5.277	5.259	5.243	5.229	5.216	5.205	5.196	5.188	5.183	5.179	5.176	5.176	5.141	5.109	5.079	5.051	5.023	4.995	4.964	4.934	4.907	4.885	4.866	4.849	4.836	4.827	4.807	4.756	4.707	4.661	4.616	4.576	4.542	4.515	4.492	4.470	4.453	4.441	4.434	4.432	4.434	4.439	4.447	4.455	4.469	4.487	4.505	4.524	4.546	4.572	4.596	4.622	4.649	4.676	4.709	4.743	4.779	4.819	4.859	4.900	4.938	4.975	5.014	5.054	5.098	5.142	5.186	5.206	5.207	5.210	5.215	5.222	5.230	5.241	5.252	5.266	5.281	5.298	5.317	5.337	5.359	5.382	5.407	5.433	5.461	5.490	5.520	5.552	5.586	5.620	5.656	5.693	5.732	5.771	5.812	5.793	5.737	5.682	5.629	5.576	5.524	5.472	5.418	5.362	5.307	5.252	5.199	5.147	5.096	5.046	4.989	4.934	4.880	4.826	4.774	4.723	4.674	4.620	4.565	4.511	4.458	4.406	4.356	4.307	4.255	4.200	4.146	4.094	4.043	3.994	3.947	3.894	3.840	3.788	3.737	3.689	3.642	3.594	3.541	3.489	3.439	3.392	3.346	3.300	3.248	3.198	3.150	3.106	3.064	3.015	2.966	2.920	2.877	2.838	2.792	2.746	2.703	2.665	2.629	2.585	2.545	2.511	2.482	2.443	2.410	2.385	2.361	2.334	2.314	2.304	2.276	2.242	2.212	2.185	2.159	2.133	2.110	2.087	2.066	2.018	1.967	1.920	1.877	1.828	1.783	1.741	1.702	1.666	1.626	1.591	1.557	1.530	1.504	1.477	1.455	1.437	1.425	1.414	1.403	1.394	1.394	1.401	1.411	1.423	1.435	1.450	1.464	1.478	1.493	1.511	1.531	1.554	1.578	1.602	1.626	1.650	1.675	1.703	1.732	1.764	1.799	1.837	1.878	1.921	1.965	2.011	2.060	2.111	2.163	2.196	2.205	2.223	2.249	2.283	2.322	2.360	2.403	2.451	2.503	2.559	2.618	2.676	2.735	2.796	2.860	2.925	2.991	3.059	3.128	3.198	
5.425	5.398	5.373	5.349	5.326	5.305	5.286	5.268	5.252	5.238	5.225	5.214	5.205	5.198	5.192	5.188	5.186	5.185	5.150	5.118	5.088	5.060	5.033	5.005	4.974	4.943	4.917	4.894	4.874	4.857	4.844	4.835	4.825	4.784	4.735	4.690	4.646	4.608	4.575	4.548	4.525	4.503	4.487	4.475	4.467	4.464	4.466	4.471	4.478	4.487	4.499	4.516	4.533	4.552	4.573	4.594	4.618	4.644	4.671	4.699	4.731	4.767	4.803	4.842	4.882	4.922	4.957	4.993	5.031	5.071	5.114	5.158	5.203	5.223	5.224	5.227	5.232	5.239	5.248	5.258	5.270	5.283	5.298	5.315	5.334	5.354	5.376	5.399	5.424	5.450	5.478	5.507	5.538	5.569	5.603	5.637	5.673	5.710	5.749	5.788	5.829	5.778	5.723	5.668	5.614	5.561	5.509	5.458	5.402	5.346	5.291	5.236	5.183	5.131	5.080	5.028	4.972	4.916	4.862	4.809	4.757	4.706	4.656	4.601	4.546	4.492	4.439	4.387	4.337	4.288	4.235	4.180	4.126	4.074	4.023	3.974	3.927	3.873	3.819	3.767	3.716	3.668	3.621	3.572	3.518	3.466	3.417	3.369	3.324	3.277	3.225	3.175	3.127	3.082	3.041	2.991	2.942	2.896	2.853	2.814	2.768	2.722	2.679	2.641	2.605	2.561	2.521	2.487	2.458	2.419	2.386	2.360	2.337	2.309	2.290	2.279	2.250	2.215	2.184	2.157	2.131	2.104	2.082	2.060	2.039	1.997	1.947	1.900	1.855	1.807	1.761	1.718	1.680	1.643	1.604	1.568	1.535	1.506	1.481	1.452	1.430	1.414	1.403	1.391	1.382	1.376	1.376	1.382	1.392	1.404	1.417	1.434	1.451	1.465	1.482	1.500	1.521	1.544	1.567	1.589	1.612	1.637	1.663	1.690	1.721	1.757	1.794	1.834	1.877	1.920	1.964	2.009	2.057	2.107	2.158	2.186	2.196	2.214	2.240	2.274	2.313	2.350	2.393	2.441	2.494	2.550	2.609	2.666	2.725	2.787	2.850	2.915	2.982	3.050	3.119	3.189	
5.437	5.410	5.385	5.361	5.338	5.317	5.298	5.280	5.264	5.250	5.237	5.227	5.217	5.210	5.204	5.200	5.198	5.197	5.163	5.130	5.099	5.070	5.043	5.017	4.986	4.955	4.929	4.906	4.885	4.868	4.855	4.846	4.837	4.815	4.768	4.724	4.682	4.645	4.614	4.586	4.562	4.542	4.526	4.514	4.505	4.500	4.502	4.507	4.512	4.522	4.533	4.546	4.564	4.583	4.602	4.620	4.644	4.669	4.697	4.728	4.759	4.792	4.829	4.868	4.907	4.946	4.978	5.013	5.049	5.090	5.132	5.176	5.221	5.241	5.243	5.246	5.251	5.258	5.266	5.276	5.288	5.302	5.317	5.334	5.352	5.372	5.394	5.417	5.442	5.469	5.496	5.525	5.556	5.588	5.621	5.656	5.692	5.729	5.767	5.807	5.824	5.767	5.712	5.657	5.603	5.550	5.498	5.446	5.389	5.333	5.278	5.224	5.170	5.118	5.067	5.013	4.957	4.902	4.847	4.794	4.742	4.691	4.641	4.585	4.530	4.476	4.423	4.371	4.321	4.272	4.217	4.162	4.109	4.056	4.006	3.957	3.909	3.854	3.800	3.748	3.697	3.649	3.602	3.552	3.498	3.447	3.397	3.349	3.304	3.256	3.204	3.154	3.107	3.062	3.020	2.970	2.921	2.874	2.832	2.793	2.746	2.699	2.657	2.619	2.582	2.538	2.498	2.464	2.434	2.395	2.362	2.337	2.313	2.285	2.266	2.256	2.227	2.192	2.161	2.134	2.107	2.080	2.057	2.036	2.015	1.979	1.929	1.882	1.837	1.788	1.742	1.698	1.660	1.622	1.583	1.547	1.515	1.486	1.460	1.432	1.408	1.393	1.383	1.370	1.360	1.355	1.358	1.366	1.376	1.388	1.401	1.420	1.438	1.455	1.473	1.492	1.512	1.534	1.555	1.577	1.600	1.626	1.652	1.680	1.711	1.748	1.787	1.827	1.870	1.913	1.958	2.004	2.050	2.098	2.148	2.177	2.187	2.204	2.230	2.264	2.304	2.341	2.384	2.432	2.484	2.540	2.599	2.657	2.716	2.777	2.841	2.906	2.972	3.040	3.109	3.179	
5.451	5.424	5.398	5.374	5.352	5.331	5.312	5.294	5.278	5.264	5.251	5.240	5.231	5.223	5.218	5.214	5.211	5.211	5.176	5.143	5.112	5.084	5.056	5.029	5.000	4.970	4.944	4.920	4.900	4.883	4.871	4.860	4.851	4.843	4.803	4.762	4.722	4.686	4.654	4.625	4.602	4.583	4.568	4.556	4.547	4.541	4.541	4.545	4.552	4.561	4.570	4.582	4.600	4.616	4.636	4.653	4.675	4.698	4.726	4.758	4.789	4.822	4.858	4.897	4.936	4.970	5.001	5.036	5.072	5.112	5.154	5.198	5.242	5.262	5.263	5.267	5.272	5.278	5.287	5.297	5.309	5.323	5.338	5.355	5.373	5.393	5.415	5.438	5.463	5.489	5.517	5.546	5.577	5.609	5.642	5.677	5.713	5.750	5.788	5.827	5.816	5.760	5.705	5.650	5.596	5.543	5.491	5.436	5.380	5.324	5.268	5.214	5.161	5.109	5.058	5.002	4.946	4.891	4.836	4.783	4.731	4.680	4.629	4.572	4.517	4.463	4.410	4.358	4.308	4.259	4.203	4.148	4.094	4.042	3.991	3.942	3.894	3.838	3.785	3.732	3.682	3.633	3.586	3.535	3.481	3.430	3.380	3.332	3.287	3.238	3.186	3.136	3.088	3.044	3.002	2.950	2.901	2.855	2.813	2.774	2.726	2.679	2.637	2.599	2.562	2.517	2.478	2.444	2.413	2.374	2.342	2.316	2.292	2.264	2.245	2.235	2.206	2.173	2.142	2.114	2.088	2.060	2.036	2.013	1.993	1.963	1.913	1.867	1.821	1.772	1.728	1.684	1.645	1.607	1.567	1.531	1.499	1.471	1.444	1.416	1.393	1.378	1.366	1.354	1.344	1.340	1.343	1.350	1.362	1.373	1.387	1.405	1.424	1.443	1.461	1.479	1.499	1.519	1.541	1.566	1.592	1.619	1.646	1.675	1.708	1.743	1.781	1.822	1.865	1.909	1.953	1.997	2.042	2.089	2.138	2.169	2.178	2.196	2.222	2.256	2.295	2.333	2.376	2.424	2.476	2.532	2.591	2.649	2.708	2.769	2.833	2.898	2.964	3.032	3.101	3.171	
5.402	5.375	5.349	5.325	5.303	5.282	5.263	5.245	5.229	5.215	5.202	5.191	5.182	5.174	5.168	5.164	5.162	5.162	5.123	5.087	5.055	5.026	5.002	4.983	4.968	4.959	4.954	4.936	4.917	4.901	4.888	4.876	4.867	4.860	4.842	4.802	4.764	4.729	4.697	4.669	4.647	4.627	4.612	4.600	4.592	4.587	4.585	4.588	4.594	4.601	4.611	4.623	4.638	4.654	4.674	4.690	4.711	4.733	4.759	4.791	4.823	4.856	4.891	4.930	4.966	4.995	5.027	5.061	5.097	5.135	5.177	5.220	5.265	5.285	5.287	5.290	5.295	5.302	5.310	5.320	5.332	5.346	5.361	5.378	5.396	5.416	5.438	5.461	5.486	5.513	5.540	5.569	5.600	5.632	5.665	5.700	5.736	5.773	5.811	5.851	5.811	5.755	5.700	5.645	5.591	5.538	5.486	5.430	5.374	5.318	5.263	5.208	5.155	5.103	5.052	4.995	4.938	4.883	4.829	4.775	4.723	4.672	4.619	4.563	4.507	4.453	4.400	4.349	4.298	4.248	4.192	4.137	4.083	4.031	3.980	3.931	3.881	3.826	3.772	3.719	3.669	3.620	3.573	3.521	3.467	3.415	3.366	3.318	3.273	3.223	3.170	3.120	3.073	3.028	2.986	2.934	2.885	2.839	2.796	2.757	2.709	2.662	2.620	2.582	2.544	2.500	2.460	2.426	2.395	2.356	2.323	2.297	2.273	2.245	2.226	2.216	2.189	2.156	2.127	2.098	2.072	2.043	2.018	1.994	1.974	1.950	1.900	1.854	1.806	1.758	1.714	1.671	1.632	1.594	1.554	1.518	1.485	1.460	1.430	1.404	1.382	1.367	1.356	1.343	1.335	1.332	1.334	1.341	1.352	1.363	1.377	1.394	1.413	1.431	1.450	1.467	1.486	1.507	1.530	1.556	1.583	1.613	1.643	1.672	1.706	1.741	1.779	1.820	1.863	1.905	1.948	1.992	2.037	2.084	2.133	2.162	2.172	2.189	2.215	2.249	2.289	2.326	2.369	2.417	2.469	2.525	2.584	2.642	2.701	2.763	2.826	2.891	2.958	3.026	3.095	3.165	
5.342	5.315	5.289	5.265	5.243	5.222	5.203	5.185	5.169	5.155	5.142	5.131	5.122	5.114	5.108	5.104	5.102	5.102	5.061	5.024	4.990	4.960	4.935	4.914	4.899	4.889	4.884	4.884	4.890	4.900	4.902	4.896	4.886	4.879	4.874	4.844	4.807	4.774	4.743	4.716	4.695	4.675	4.660	4.647	4.640	4.635	4.633	4.633	4.639	4.646	4.656	4.667	4.681	4.697	4.716	4.732	4.751	4.772	4.798	4.829	4.861	4.894	4.928	4.961	4.990	5.021	5.053	5.088	5.124	5.162	5.203	5.246	5.289	5.309	5.311	5.314	5.319	5.326	5.334	5.344	5.356	5.370	5.385	5.402	5.421	5.441	5.462	5.486	5.510	5.537	5.564	5.594	5.624	5.656	5.689	5.724	5.760	5.797	5.835	5.865	5.807	5.751	5.696	5.641	5.587	5.534	5.482	5.426	5.369	5.313	5.258	5.204	5.151	5.098	5.047	4.990	4.933	4.878	4.824	4.770	4.718	4.667	4.613	4.557	4.501	4.447	4.394	4.343	4.292	4.240	4.184	4.129	4.075	4.023	3.973	3.923	3.872	3.817	3.763	3.710	3.660	3.611	3.564	3.510	3.457	3.405	3.355	3.308	3.262	3.211	3.158	3.108	3.061	3.016	2.973	2.921	2.872	2.826	2.783	2.744	2.694	2.648	2.606	2.568	2.529	2.485	2.445	2.411	2.379	2.340	2.308	2.282	2.257	2.229	2.210	2.200	2.174	2.141	2.112	2.084	2.057	2.029	2.003	1.979	1.958	1.938	1.892	1.846	1.797	1.748	1.705	1.663	1.624	1.585	1.545	1.510	1.480	1.453	1.423	1.397	1.378	1.362	1.351	1.338	1.328	1.326	1.328	1.335	1.347	1.358	1.371	1.386	1.403	1.421	1.439	1.458	1.478	1.498	1.523	1.549	1.578	1.610	1.642	1.674	1.707	1.742	1.781	1.821	1.861	1.902	1.945	1.989	2.034	2.081	2.131	2.159	2.168	2.186	2.212	2.246	2.286	2.323	2.366	2.414	2.466	2.522	2.581	2.640	2.699	2.760	2.823	2.889	2.955	3.023	3.092	3.162	
5.283	5.256	5.230	5.206	5.184	5.163	5.144	5.126	5.110	5.096	5.083	5.072	5.063	5.055	5.050	5.046	5.043	5.043	5.001	4.962	4.926	4.895	4.869	4.847	4.831	4.820	4.815	4.815	4.821	4.831	4.844	4.862	4.883	4.897	4.895	4.888	4.854	4.821	4.791	4.765	4.744	4.725	4.710	4.699	4.690	4.684	4.682	4.682	4.686	4.694	4.703	4.714	4.727	4.743	4.761	4.777	4.795	4.816	4.841	4.871	4.903	4.936	4.963	4.987	5.015	5.047	5.080	5.115	5.151	5.190	5.231	5.273	5.316	5.336	5.337	5.341	5.346	5.352	5.361	5.371	5.383	5.396	5.412	5.428	5.447	5.467	5.489	5.512	5.537	5.563	5.591	5.620	5.651	5.683	5.716	5.751	5.786	5.824	5.862	5.863	5.806	5.750	5.694	5.640	5.586	5.533	5.481	5.423	5.366	5.310	5.255	5.201	5.148	5.096	5.043	4.986	4.929	4.874	4.820	4.766	4.714	4.663	4.609	4.552	4.497	4.443	4.390	4.338	4.288	4.235	4.179	4.124	4.070	4.018	3.968	3.918	3.866	3.811	3.757	3.705	3.654	3.605	3.558	3.503	3.450	3.398	3.348	3.301	3.255	3.202	3.150	3.100	3.053	3.008	2.963	2.911	2.862	2.816	2.774	2.733	2.684	2.637	2.595	2.557	2.517	2.473	2.433	2.399	2.367	2.328	2.295	2.269	2.244	2.216	2.197	2.187	2.162	2.129	2.100	2.072	2.044	2.016	1.989	1.966	1.943	1.923	1.891	1.843	1.795	1.746	1.700	1.658	1.620	1.579	1.540	1.505	1.475	1.449	1.419	1.393	1.373	1.357	1.347	1.333	1.327	1.324	1.326	1.333	1.342	1.354	1.365	1.379	1.395	1.413	1.432	1.453	1.474	1.496	1.520	1.547	1.577	1.609	1.643	1.678	1.711	1.747	1.785	1.823	1.862	1.903	1.945	1.989	2.033	2.080	2.129	2.159	2.168	2.186	2.212	2.246	2.285	2.322	2.366	2.414	2.466	2.522	2.581	2.639	2.698	2.760	2.823	2.888	2.955	3.023	3.092	3.162	
5.226	5.199	5.173	5.149	5.127	5.106	5.087	5.069	5.053	5.039	5.026	5.015	5.006	4.998	4.993	4.988	4.986	4.986	4.943	4.903	4.865	4.833	4.805	4.782	4.764	4.753	4.747	4.747	4.750	4.758	4.771	4.790	4.815	4.844	4.878	4.914	4.904	4.871	4.841	4.817	4.795	4.776	4.763	4.753	4.744	4.736	4.734	4.734	4.737	4.744	4.752	4.764	4.775	4.790	4.808	4.824	4.842	4.864	4.888	4.917	4.948	4.975	4.994	5.017	5.045	5.075	5.108	5.143	5.179	5.218	5.259	5.301	5.343	5.362	5.364	5.367	5.372	5.379	5.387	5.398	5.409	5.423	5.438	5.455	5.474	5.494	5.515	5.539	5.563	5.590	5.618	5.647	5.677	5.709	5.743	5.777	5.813	5.850	5.888	5.866	5.809	5.752	5.697	5.642	5.588	5.535	5.481	5.423	5.366	5.310	5.255	5.201	5.148	5.096	5.041	4.984	4.928	4.873	4.818	4.765	4.713	4.662	4.606	4.549	4.494	4.440	4.387	4.335	4.285	4.231	4.175	4.120	4.066	4.014	3.964	3.914	3.862	3.806	3.752	3.700	3.649	3.601	3.554	3.498	3.445	3.393	3.343	3.296	3.251	3.197	3.145	3.095	3.047	3.003	2.957	2.905	2.856	2.810	2.767	2.726	2.677	2.630	2.588	2.550	2.509	2.465	2.425	2.391	2.358	2.319	2.287	2.261	2.235	2.207	2.188	2.177	2.153	2.122	2.092	2.064	2.036	2.008	1.981	1.957	1.934	1.913	1.891	1.844	1.795	1.746	1.699	1.656	1.619	1.576	1.538	1.503	1.473	1.446	1.416	1.392	1.370	1.354	1.344	1.329	1.324	1.323	1.325	1.329	1.338	1.350	1.361	1.374	1.390	1.407	1.427	1.450	1.473	1.496	1.521	1.548	1.578	1.611	1.645	1.681	1.717	1.754	1.790	1.826	1.865	1.905	1.948	1.992	2.036	2.082	2.130	2.160	2.169	2.187	2.213	2.247	2.286	2.324	2.367	2.415	2.467	2.523	2.582	2.641	2.700	2.761	2.824	2.889	2.956	3.024	3.093	3.163	
5.171	5.144	5.118	5.094	5.072	5.051	5.032	5.014	4.998	4.984	4.971	4.960	4.951	4.943	4.938	4.934	4.931	4.931	4.886	4.843	4.804	4.770	4.740	4.716	4.698	4.686	4.680	4.676	4.677	4.685	4.700	4.720	4.746	4.777	4.813	4.854	4.899	4.921	4.895	4.871	4.849	4.831	4.818	4.807	4.799	4.792	4.790	4.788	4.790	4.796	4.805	4.816	4.826	4.840	4.858	4.874	4.891	4.913	4.938	4.966	4.993	5.010	5.029	5.051	5.078	5.108	5.140	5.175	5.210	5.248	5.288	5.327	5.369	5.388	5.390	5.393	5.398	5.405	5.413	5.423	5.435	5.449	5.464	5.481	5.499	5.520	5.541	5.564	5.589	5.616	5.643	5.672	5.703	5.735	5.768	5.803	5.839	5.876	5.914	5.872	5.815	5.758	5.703	5.648	5.594	5.541	5.485	5.427	5.371	5.315	5.260	5.205	5.152	5.100	5.043	4.986	4.930	4.875	4.820	4.767	4.715	4.663	4.606	4.549	4.494	4.440	4.387	4.335	4.285	4.230	4.174	4.119	4.065	4.013	3.962	3.913	3.859	3.803	3.750	3.697	3.647	3.598	3.550	3.494	3.441	3.389	3.339	3.292	3.247	3.193	3.140	3.090	3.043	2.998	2.952	2.901	2.851	2.805	2.763	2.721	2.672	2.625	2.583	2.545	2.504	2.460	2.420	2.386	2.353	2.314	2.281	2.255	2.229	2.201	2.182	2.172	2.148	2.116	2.087	2.058	2.030	2.002	1.975	1.950	1.926	1.904	1.885	1.849	1.798	1.750	1.704	1.661	1.621	1.580	1.540	1.504	1.475	1.446	1.417	1.393	1.374	1.358	1.347	1.333	1.326	1.323	1.324	1.329	1.338	1.348	1.359	1.372	1.387	1.405	1.425	1.448	1.473	1.499	1.524	1.553	1.583	1.615	1.649	1.684	1.721	1.758	1.795	1.832	1.870	1.910	1.952	1.996	2.040	2.087	2.135	2.163	2.172	2.189	2.216	2.249	2.289	2.326	2.370	2.418	2.470	2.526	2.585	2.643	2.702	2.764	2.827	2.892	2.959	3.027	3.096	3.166	
5.118	5.091	5.065	5.041	5.019	4.998	4.979	4.961	4.945	4.931	4.918	4.907	4.898	4.890	4.885	4.881	4.878	4.878	4.830	4.785	4.744	4.707	4.676	4.651	4.631	4.618	4.609	4.604	4.605	4.614	4.629	4.651	4.679	4.712	4.751	4.794	4.841	4.891	4.935	4.928	4.906	4.889	4.875	4.864	4.855	4.850	4.848	4.845	4.847	4.852	4.862	4.871	4.880	4.894	4.911	4.926	4.943	4.964	4.989	5.014	5.032	5.048	5.067	5.089	5.115	5.145	5.175	5.208	5.242	5.278	5.316	5.355	5.396	5.415	5.416	5.419	5.424	5.431	5.439	5.450	5.461	5.475	5.490	5.507	5.526	5.546	5.568	5.591	5.616	5.642	5.670	5.699	5.729	5.761	5.795	5.829	5.865	5.902	5.938	5.880	5.823	5.767	5.711	5.657	5.603	5.550	5.492	5.435	5.378	5.322	5.267	5.213	5.160	5.107	5.049	4.992	4.936	4.881	4.826	4.773	4.721	4.667	4.610	4.553	4.498	4.444	4.391	4.339	4.289	4.232	4.176	4.121	4.067	4.015	3.964	3.915	3.859	3.804	3.750	3.698	3.647	3.598	3.549	3.494	3.440	3.388	3.338	3.291	3.245	3.191	3.138	3.088	3.041	2.996	2.949	2.897	2.848	2.802	2.760	2.718	2.668	2.622	2.579	2.541	2.500	2.455	2.416	2.382	2.348	2.309	2.276	2.251	2.224	2.197	2.177	2.167	2.144	2.114	2.085	2.056	2.028	2.000	1.973	1.947	1.922	1.899	1.878	1.856	1.806	1.756	1.710	1.669	1.629	1.587	1.547	1.511	1.482	1.452	1.423	1.399	1.380	1.365	1.353	1.339	1.330	1.325	1.326	1.332	1.340	1.352	1.363	1.374	1.390	1.408	1.428	1.450	1.476	1.504	1.531	1.560	1.589	1.621	1.654	1.689	1.724	1.762	1.799	1.837	1.877	1.918	1.960	2.004	2.048	2.094	2.142	2.166	2.175	2.192	2.218	2.252	2.292	2.329	2.372	2.420	2.473	2.529	2.588	2.646	2.705	2.767	2.830	2.895	2.962	3.030	3.099	3.169	
5.067	5.040	5.015	4.991	4.968	4.947	4.928	4.910	4.894	4.880	4.867	4.857	4.847	4.840	4.834	4.830	4.828	4.827	4.777	4.730	4.686	4.648	4.615	4.587	4.565	4.550	4.539	4.533	4.535	4.545	4.561	4.584	4.614	4.650	4.690	4.736	4.784	4.834	4.886	4.942	4.964	4.949	4.935	4.923	4.914	4.909	4.907	4.904	4.906	4.910	4.920	4.928	4.937	4.950	4.966	4.977	4.990	5.004	5.021	5.042	5.067	5.087	5.107	5.128	5.154	5.182	5.211	5.243	5.276	5.312	5.348	5.385	5.425	5.444	5.445	5.449	5.454	5.460	5.469	5.479	5.491	5.504	5.520	5.537	5.555	5.575	5.597	5.620	5.645	5.671	5.699	5.728	5.759	5.791	5.824	5.859	5.895	5.932	5.947	5.889	5.832	5.776	5.720	5.666	5.612	5.559	5.501	5.444	5.387	5.331	5.276	5.221	5.168	5.116	5.058	5.000	4.944	4.889	4.834	4.781	4.729	4.675	4.617	4.561	4.505	4.451	4.398	4.347	4.295	4.238	4.182	4.127	4.073	4.021	3.970	3.921	3.864	3.808	3.754	3.702	3.651	3.603	3.552	3.496	3.443	3.391	3.341	3.294	3.246	3.192	3.139	3.089	3.042	2.997	2.949	2.897	2.848	2.802	2.759	2.717	2.667	2.621	2.578	2.540	2.498	2.454	2.414	2.380	2.346	2.307	2.274	2.248	2.222	2.194	2.174	2.164	2.145	2.114	2.085	2.057	2.028	2.000	1.972	1.946	1.919	1.895	1.874	1.857	1.817	1.768	1.722	1.679	1.640	1.597	1.557	1.522	1.493	1.464	1.434	1.408	1.390	1.375	1.362	1.348	1.337	1.335	1.335	1.339	1.348	1.360	1.370	1.383	1.397	1.414	1.434	1.457	1.483	1.510	1.539	1.568	1.597	1.628	1.660	1.693	1.729	1.767	1.806	1.845	1.885	1.926	1.968	2.012	2.057	2.103	2.150	2.169	2.178	2.196	2.222	2.256	2.295	2.333	2.376	2.424	2.476	2.532	2.591	2.650	2.709	2.770	2.834	2.899	2.965	3.033	3.102	3.172	
5.020	4.993	4.968	4.944	4.921	4.900	4.881	4.863	4.847	4.833	4.820	4.809	4.800	4.793	4.787	4.783	4.781	4.780	4.728	4.678	4.632	4.592	4.556	4.526	4.501	4.483	4.472	4.465	4.467	4.477	4.495	4.520	4.552	4.590	4.633	4.678	4.726	4.777	4.832	4.889	4.950	4.995	4.991	4.982	4.975	4.971	4.968	4.966	4.967	4.970	4.975	4.978	4.982	4.989	4.997	5.007	5.019	5.033	5.050	5.069	5.093	5.119	5.146	5.168	5.194	5.221	5.249	5.279	5.311	5.345	5.381	5.419	5.458	5.476	5.478	5.481	5.486	5.493	5.501	5.511	5.523	5.537	5.552	5.569	5.588	5.608	5.629	5.653	5.677	5.704	5.731	5.761	5.791	5.823	5.856	5.891	5.927	5.964	5.958	5.901	5.844	5.787	5.732	5.677	5.623	5.569	5.511	5.453	5.397	5.341	5.286	5.231	5.178	5.125	5.067	5.009	4.953	4.898	4.843	4.790	4.738	4.683	4.626	4.569	4.514	4.460	4.407	4.355	4.304	4.246	4.190	4.135	4.081	4.029	3.979	3.928	3.871	3.816	3.762	3.710	3.659	3.610	3.558	3.503	3.449	3.397	3.347	3.300	3.251	3.197	3.144	3.094	3.047	3.002	2.953	2.901	2.852	2.806	2.763	2.719	2.669	2.623	2.581	2.543	2.500	2.455	2.416	2.382	2.347	2.308	2.275	2.249	2.222	2.194	2.175	2.164	2.148	2.117	2.088	2.059	2.031	2.003	1.976	1.947	1.919	1.895	1.873	1.855	1.830	1.781	1.736	1.695	1.654	1.612	1.572	1.538	1.507	1.478	1.448	1.424	1.403	1.388	1.375	1.361	1.352	1.347	1.348	1.352	1.358	1.370	1.382	1.395	1.410	1.425	1.444	1.467	1.493	1.521	1.549	1.577	1.606	1.636	1.667	1.701	1.736	1.775	1.815	1.855	1.895	1.936	1.978	2.022	2.065	2.111	2.157	2.175	2.184	2.202	2.228	2.262	2.301	2.339	2.382	2.430	2.482	2.538	2.597	2.656	2.715	2.777	2.840	2.905	2.972	3.039	3.109	3.179	
4.977	4.950	4.925	4.901	4.878	4.857	4.838	4.820	4.804	4.790	4.777	4.766	4.757	4.750	4.744	4.740	4.737	4.737	4.683	4.630	4.582	4.538	4.499	4.465	4.438	4.418	4.405	4.399	4.401	4.412	4.432	4.459	4.493	4.531	4.572	4.618	4.669	4.723	4.780	4.840	4.903	4.967	5.023	5.025	5.020	5.016	5.015	5.014	5.013	5.012	5.011	5.012	5.017	5.023	5.031	5.040	5.051	5.065	5.081	5.100	5.123	5.150	5.177	5.205	5.233	5.260	5.288	5.317	5.348	5.381	5.416	5.454	5.493	5.510	5.512	5.515	5.520	5.527	5.535	5.545	5.557	5.571	5.586	5.603	5.621	5.642	5.663	5.686	5.711	5.738	5.765	5.794	5.825	5.857	5.890	5.925	5.961	5.998	5.966	5.914	5.857	5.800	5.745	5.690	5.636	5.582	5.523	5.466	5.409	5.353	5.298	5.244	5.190	5.136	5.078	5.021	4.964	4.909	4.855	4.801	4.749	4.693	4.636	4.579	4.524	4.470	4.417	4.365	4.313	4.255	4.199	4.144	4.090	4.038	3.987	3.937	3.880	3.824	3.771	3.718	3.668	3.619	3.566	3.511	3.457	3.406	3.356	3.308	3.259	3.205	3.152	3.102	3.055	3.010	2.960	2.908	2.859	2.813	2.770	2.725	2.676	2.629	2.587	2.549	2.505	2.461	2.421	2.387	2.351	2.312	2.280	2.254	2.226	2.198	2.179	2.169	2.152	2.122	2.093	2.064	2.035	2.008	1.980	1.951	1.922	1.897	1.875	1.857	1.843	1.800	1.756	1.714	1.673	1.630	1.591	1.557	1.527	1.497	1.466	1.443	1.423	1.406	1.394	1.379	1.369	1.366	1.367	1.370	1.377	1.388	1.399	1.412	1.426	1.443	1.461	1.483	1.508	1.534	1.562	1.589	1.616	1.647	1.678	1.713	1.749	1.787	1.827	1.868	1.908	1.948	1.990	2.032	2.076	2.120	2.165	2.184	2.193	2.210	2.236	2.270	2.310	2.347	2.390	2.439	2.491	2.547	2.606	2.665	2.724	2.785	2.849	2.914	2.980	3.048	3.117	3.187	
4.937	4.910	4.885	4.861	4.838	4.817	4.798	4.780	4.764	4.750	4.737	4.726	4.717	4.710	4.704	4.700	4.698	4.697	4.641	4.587	4.536	4.488	4.445	4.408	4.378	4.355	4.339	4.333	4.337	4.349	4.369	4.397	4.431	4.469	4.513	4.562	4.615	4.672	4.732	4.795	4.860	4.926	4.992	5.054	5.061	5.057	5.055	5.054	5.053	5.050	5.047	5.049	5.054	5.060	5.066	5.074	5.087	5.100	5.115	5.134	5.156	5.183	5.210	5.237	5.266	5.296	5.326	5.355	5.386	5.419	5.454	5.491	5.529	5.547	5.548	5.551	5.556	5.563	5.571	5.582	5.593	5.607	5.622	5.639	5.658	5.678	5.699	5.723	5.748	5.774	5.802	5.831	5.861	5.893	5.927	5.961	5.997	5.959	5.906	5.854	5.803	5.753	5.704	5.656	5.606	5.553	5.500	5.449	5.399	5.350	5.302	5.251	5.198	5.146	5.091	5.033	4.977	4.922	4.868	4.814	4.762	4.705	4.648	4.592	4.536	4.482	4.429	4.377	4.324	4.267	4.210	4.155	4.102	4.050	3.999	3.947	3.890	3.835	3.781	3.728	3.678	3.629	3.575	3.520	3.466	3.415	3.365	3.318	3.268	3.213	3.161	3.111	3.064	3.019	2.969	2.917	2.868	2.822	2.779	2.734	2.684	2.638	2.596	2.558	2.513	2.469	2.429	2.395	2.359	2.320	2.287	2.262	2.233	2.206	2.186	2.176	2.159	2.130	2.101	2.072	2.043	2.015	1.985	1.957	1.927	1.902	1.880	1.862	1.847	1.825	1.780	1.738	1.696	1.653	1.614	1.581	1.553	1.520	1.492	1.469	1.449	1.432	1.420	1.404	1.394	1.392	1.390	1.395	1.402	1.410	1.422	1.432	1.447	1.465	1.483	1.502	1.527	1.553	1.579	1.605	1.632	1.662	1.694	1.728	1.764	1.803	1.842	1.885	1.923	1.962	2.002	2.044	2.088	2.131	2.175	2.194	2.202	2.220	2.246	2.280	2.320	2.357	2.400	2.448	2.501	2.557	2.616	2.675	2.734	2.795	2.859	2.924	2.990	3.058	3.127	3.197	
4.899	4.872	4.846	4.822	4.800	4.779	4.760	4.742	4.726	4.712	4.699	4.688	4.679	4.671	4.665	4.661	4.659	4.659	4.601	4.545	4.491	4.441	4.396	4.355	4.320	4.293	4.276	4.269	4.271	4.282	4.303	4.333	4.369	4.410	4.457	4.509	4.566	4.625	4.688	4.751	4.816	4.882	4.951	5.020	5.072	5.066	5.062	5.063	5.067	5.075	5.078	5.085	5.094	5.099	5.104	5.112	5.124	5.137	5.153	5.172	5.193	5.217	5.244	5.272	5.300	5.330	5.360	5.392	5.425	5.459	5.493	5.529	5.567	5.584	5.586	5.589	5.594	5.601	5.609	5.619	5.631	5.645	5.660	5.677	5.695	5.716	5.737	5.760	5.785	5.812	5.839	5.868	5.899	5.931	5.964	5.999	5.953	5.899	5.847	5.795	5.744	5.694	5.644	5.596	5.545	5.492	5.440	5.389	5.339	5.289	5.241	5.193	5.139	5.087	5.036	4.986	4.937	4.889	4.842	4.789	4.737	4.686	4.636	4.588	4.541	4.492	4.439	4.387	4.337	4.279	4.223	4.168	4.115	4.062	4.012	3.959	3.902	3.847	3.793	3.741	3.690	3.641	3.587	3.532	3.478	3.426	3.377	3.329	3.278	3.224	3.172	3.122	3.074	3.030	2.979	2.927	2.877	2.831	2.789	2.743	2.693	2.647	2.605	2.567	2.522	2.478	2.438	2.404	2.368	2.329	2.296	2.270	2.242	2.214	2.195	2.185	2.168	2.138	2.110	2.080	2.052	2.023	1.993	1.965	1.935	1.909	1.888	1.869	1.853	1.841	1.808	1.766	1.723	1.680	1.642	1.610	1.580	1.548	1.522	1.500	1.478	1.463	1.449	1.435	1.425	1.421	1.420	1.423	1.430	1.438	1.449	1.458	1.473	1.490	1.508	1.528	1.550	1.575	1.599	1.625	1.652	1.679	1.712	1.747	1.783	1.822	1.863	1.903	1.942	1.978	2.017	2.057	2.101	2.145	2.189	2.207	2.216	2.234	2.260	2.294	2.334	2.371	2.414	2.462	2.514	2.570	2.629	2.689	2.748	2.809	2.873	2.938	3.004	3.072	3.141	3.211	
4.865	4.838	4.813	4.789	4.766	4.745	4.726	4.708	4.692	4.678	4.665	4.654	4.645	4.638	4.632	4.628	4.625	4.625	4.564	4.505	4.448	4.395	4.348	4.305	4.266	4.237	4.216	4.205	4.206	4.218	4.240	4.272	4.309	4.354	4.405	4.461	4.519	4.579	4.642	4.707	4.774	4.843	4.913	4.985	5.026	5.018	5.013	5.014	5.017	5.024	5.037	5.054	5.075	5.101	5.127	5.152	5.164	5.177	5.192	5.211	5.231	5.255	5.281	5.309	5.336	5.365	5.395	5.427	5.462	5.497	5.533	5.569	5.606	5.623	5.624	5.628	5.633	5.639	5.648	5.658	5.670	5.683	5.699	5.716	5.734	5.754	5.776	5.799	5.824	5.850	5.878	5.907	5.938	5.970	5.992	5.943	5.894	5.841	5.788	5.736	5.685	5.635	5.586	5.538	5.486	5.433	5.381	5.330	5.280	5.231	5.183	5.133	5.080	5.027	4.976	4.926	4.877	4.829	4.782	4.728	4.676	4.625	4.576	4.527	4.480	4.433	4.380	4.328	4.278	4.229	4.182	4.136	4.088	4.036	3.985	3.936	3.889	3.843	3.798	3.745	3.695	3.646	3.599	3.545	3.491	3.440	3.390	3.342	3.291	3.237	3.184	3.134	3.087	3.042	2.991	2.939	2.890	2.844	2.801	2.755	2.705	2.659	2.616	2.578	2.533	2.489	2.449	2.415	2.378	2.339	2.306	2.281	2.252	2.224	2.205	2.195	2.178	2.148	2.120	2.089	2.061	2.034	2.004	1.975	1.945	1.920	1.898	1.878	1.861	1.850	1.835	1.799	1.755	1.713	1.676	1.645	1.614	1.582	1.557	1.533	1.512	1.498	1.483	1.469	1.459	1.454	1.453	1.456	1.462	1.470	1.480	1.491	1.503	1.519	1.536	1.556	1.577	1.597	1.622	1.647	1.675	1.703	1.735	1.770	1.807	1.846	1.886	1.925	1.960	1.996	2.034	2.075	2.117	2.161	2.205	2.225	2.233	2.251	2.277	2.311	2.351	2.388	2.432	2.480	2.532	2.588	2.647	2.707	2.766	2.827	2.890	2.955	3.022	3.090	3.159	3.229	
4.836	4.809	4.784	4.760	4.737	4.716	4.697	4.679	4.663	4.649	4.636	4.625	4.616	4.609	4.603	4.599	4.597	4.596	4.532	4.469	4.410	4.354	4.304	4.258	4.218	4.183	4.158	4.144	4.144	4.156	4.179	4.211	4.252	4.301	4.355	4.411	4.471	4.533	4.599	4.667	4.737	4.808	4.880	4.954	4.979	4.970	4.966	4.966	4.968	4.976	4.989	5.006	5.029	5.055	5.086	5.120	5.158	5.200	5.234	5.253	5.272	5.295	5.320	5.347	5.374	5.402	5.433	5.465	5.499	5.536	5.572	5.609	5.646	5.663	5.664	5.667	5.672	5.679	5.687	5.698	5.710	5.723	5.738	5.755	5.774	5.794	5.816	5.839	5.864	5.890	5.918	5.947	5.977	5.987	5.937	5.888	5.838	5.784	5.732	5.680	5.629	5.579	5.530	5.482	5.428	5.375	5.323	5.272	5.222	5.173	5.125	5.074	5.021	4.969	4.918	4.868	4.819	4.771	4.723	4.669	4.617	4.566	4.517	4.468	4.421	4.373	4.320	4.269	4.218	4.169	4.122	4.076	4.027	3.975	3.924	3.875	3.828	3.782	3.739	3.686	3.636	3.587	3.540	3.495	3.453	3.403	3.353	3.306	3.260	3.218	3.176	3.126	3.078	3.033	2.992	2.953	2.904	2.858	2.815	2.768	2.718	2.672	2.629	2.592	2.546	2.501	2.462	2.428	2.391	2.352	2.319	2.293	2.264	2.237	2.217	2.207	2.190	2.160	2.131	2.101	2.072	2.045	2.017	1.987	1.958	1.932	1.910	1.889	1.873	1.862	1.847	1.833	1.791	1.751	1.715	1.685	1.652	1.622	1.594	1.571	1.552	1.538	1.522	1.509	1.498	1.491	1.489	1.492	1.498	1.505	1.516	1.526	1.537	1.550	1.568	1.587	1.606	1.624	1.648	1.672	1.701	1.732	1.763	1.796	1.833	1.872	1.912	1.949	1.981	2.016	2.053	2.094	2.136	2.180	2.224	2.243	2.252	2.270	2.296	2.330	2.370	2.407	2.450	2.498	2.551	2.607	2.665	2.725	2.784	2.846	2.909	2.974	3.041	3.109	3.178	3.248	
4.812	4.785	4.760	4.736	4.714	4.693	4.673	4.656	4.640	4.625	4.613	4.602	4.592	4.585	4.579	4.575	4.573	4.572	4.506	4.441	4.379	4.320	4.265	4.214	4.170	4.132	4.105	4.088	4.085	4.095	4.118	4.153	4.198	4.250	4.305	4.364	4.427	4.493	4.562	4.632	4.704	4.777	4.852	4.926	4.934	4.924	4.920	4.920	4.924	4.932	4.945	4.963	4.986	5.013	5.045	5.080	5.119	5.162	5.207	5.256	5.304	5.336	5.361	5.386	5.414	5.443	5.473	5.505	5.539	5.575	5.612	5.650	5.687	5.704	5.705	5.708	5.713	5.720	5.728	5.739	5.750	5.764	5.779	5.796	5.815	5.835	5.857	5.880	5.905	5.931	5.959	5.988	5.985	5.934	5.884	5.835	5.784	5.730	5.677	5.625	5.574	5.524	5.475	5.427	5.373	5.320	5.268	5.217	5.167	5.117	5.069	5.018	4.964	4.912	4.861	4.811	4.762	4.714	4.665	4.611	4.559	4.508	4.459	4.410	4.363	4.315	4.262	4.210	4.160	4.111	4.063	4.018	3.968	3.916	3.865	3.816	3.769	3.723	3.679	3.627	3.576	3.527	3.481	3.436	3.393	3.342	3.293	3.245	3.200	3.157	3.115	3.065	3.018	2.973	2.931	2.893	2.846	2.799	2.757	2.718	2.683	2.636	2.594	2.556	2.523	2.485	2.446	2.411	2.383	2.349	2.316	2.291	2.272	2.244	2.225	2.214	2.184	2.153	2.126	2.101	2.079	2.052	2.027	2.001	1.973	1.947	1.925	1.906	1.889	1.877	1.863	1.851	1.830	1.791	1.757	1.726	1.694	1.662	1.635	1.613	1.594	1.580	1.564	1.551	1.541	1.533	1.530	1.531	1.537	1.545	1.554	1.563	1.574	1.586	1.604	1.620	1.639	1.657	1.679	1.702	1.730	1.762	1.794	1.826	1.862	1.901	1.941	1.973	2.005	2.040	2.076	2.116	2.158	2.201	2.246	2.265	2.273	2.291	2.317	2.351	2.391	2.428	2.471	2.519	2.572	2.628	2.687	2.747	2.806	2.867	2.931	2.996	3.062	3.130	3.199	3.269	
4.795	4.768	4.742	4.718	4.696	4.675	4.656	4.638	4.622	4.608	4.595	4.584	4.575	4.567	4.561	4.557	4.555	4.555	4.487	4.420	4.355	4.292	4.231	4.175	4.124	4.082	4.051	4.033	4.026	4.035	4.059	4.097	4.145	4.201	4.260	4.322	4.389	4.458	4.529	4.602	4.676	4.751	4.826	4.894	4.892	4.882	4.877	4.878	4.882	4.891	4.904	4.923	4.947	4.975	5.007	5.044	5.084	5.127	5.174	5.223	5.274	5.327	5.382	5.427	5.456	5.485	5.516	5.548	5.581	5.616	5.652	5.691	5.729	5.746	5.747	5.750	5.755	5.762	5.771	5.781	5.793	5.806	5.821	5.838	5.857	5.877	5.899	5.922	5.947	5.973	6.001	5.985	5.934	5.883	5.833	5.784	5.731	5.678	5.625	5.573	5.522	5.472	5.423	5.373	5.319	5.266	5.214	5.163	5.113	5.064	5.016	4.963	4.910	4.858	4.806	4.756	4.707	4.660	4.609	4.556	4.504	4.453	4.403	4.355	4.308	4.258	4.205	4.153	4.103	4.054	4.007	3.961	3.911	3.858	3.808	3.759	3.711	3.666	3.621	3.568	3.518	3.469	3.422	3.377	3.335	3.284	3.234	3.186	3.141	3.099	3.056	3.006	2.958	2.914	2.872	2.834	2.786	2.740	2.697	2.658	2.622	2.576	2.534	2.496	2.463	2.424	2.385	2.351	2.323	2.289	2.257	2.231	2.213	2.185	2.166	2.155	2.119	2.087	2.059	2.035	2.012	1.988	1.970	1.956	1.947	1.938	1.931	1.923	1.908	1.895	1.880	1.868	1.858	1.834	1.801	1.770	1.737	1.706	1.680	1.658	1.639	1.624	1.609	1.595	1.585	1.579	1.575	1.575	1.579	1.586	1.595	1.605	1.616	1.627	1.643	1.659	1.678	1.695	1.716	1.737	1.764	1.796	1.828	1.860	1.896	1.935	1.969	1.998	2.031	2.065	2.101	2.139	2.181	2.224	2.269	2.288	2.296	2.314	2.340	2.374	2.414	2.452	2.495	2.543	2.595	2.651	2.710	2.770	2.829	2.891	2.954	3.019	3.086	3.153	3.222	3.292	
4.780	4.753	4.728	4.704	4.681	4.661	4.641	4.624	4.608	4.593	4.581	4.570	4.560	4.553	4.547	4.543	4.541	4.540	4.470	4.400	4.332	4.267	4.204	4.142	4.085	4.036	3.997	3.974	3.969	3.976	4.003	4.045	4.099	4.157	4.219	4.285	4.355	4.427	4.500	4.575	4.650	4.724	4.800	4.862	4.854	4.844	4.839	4.840	4.844	4.853	4.868	4.887	4.911	4.940	4.974	5.011	5.052	5.095	5.142	5.191	5.243	5.297	5.354	5.412	5.472	5.528	5.559	5.591	5.624	5.659	5.695	5.733	5.773	5.790	5.791	5.794	5.799	5.806	5.815	5.825	5.837	5.850	5.865	5.882	5.901	5.921	5.943	5.966	5.991	6.017	5.990	5.938	5.886	5.836	5.786	5.736	5.682	5.628	5.575	5.524	5.473	5.423	5.373	5.322	5.268	5.215	5.163	5.112	5.062	5.013	4.965	4.911	4.857	4.805	4.754	4.704	4.655	4.607	4.555	4.502	4.450	4.399	4.349	4.301	4.254	4.203	4.150	4.099	4.048	3.999	3.952	3.906	3.855	3.803	3.752	3.703	3.656	3.610	3.564	3.512	3.461	3.412	3.365	3.321	3.278	3.226	3.176	3.129	3.084	3.041	2.998	2.948	2.900	2.856	2.814	2.776	2.727	2.681	2.638	2.599	2.563	2.517	2.475	2.437	2.404	2.365	2.325	2.291	2.263	2.230	2.197	2.172	2.153	2.126	2.106	2.091	2.056	2.022	1.993	1.968	1.946	1.921	1.901	1.887	1.878	1.868	1.861	1.858	1.861	1.870	1.880	1.887	1.877	1.868	1.847	1.815	1.783	1.753	1.727	1.706	1.688	1.673	1.658	1.643	1.633	1.627	1.623	1.622	1.625	1.632	1.640	1.651	1.661	1.672	1.686	1.702	1.721	1.737	1.756	1.777	1.803	1.834	1.866	1.899	1.933	1.965	1.993	2.024	2.057	2.092	2.129	2.167	2.207	2.250	2.294	2.312	2.321	2.339	2.365	2.399	2.439	2.476	2.519	2.567	2.620	2.676	2.734	2.795	2.854	2.915	2.979	3.044	3.110	3.178	3.247	3.317	
4.764	4.737	4.712	4.688	4.665	4.644	4.625	4.607	4.591	4.577	4.564	4.553	4.544	4.537	4.531	4.527	4.525	4.524	4.453	4.382	4.313	4.245	4.180	4.116	4.054	3.997	3.952	3.924	3.914	3.924	3.956	4.001	4.055	4.117	4.184	4.255	4.327	4.401	4.475	4.549	4.625	4.701	4.778	4.833	4.819	4.809	4.804	4.804	4.808	4.817	4.832	4.852	4.878	4.908	4.943	4.981	5.021	5.066	5.113	5.163	5.216	5.271	5.329	5.388	5.449	5.511	5.575	5.631	5.669	5.703	5.740	5.778	5.817	5.834	5.836	5.839	5.844	5.851	5.859	5.869	5.881	5.895	5.910	5.927	5.945	5.966	5.987	6.011	6.035	6.000	5.947	5.894	5.843	5.792	5.742	5.690	5.636	5.582	5.530	5.478	5.427	5.377	5.327	5.274	5.220	5.167	5.115	5.064	5.014	4.965	4.915	4.861	4.807	4.755	4.704	4.654	4.605	4.557	4.504	4.451	4.399	4.348	4.298	4.250	4.202	4.151	4.098	4.046	3.996	3.947	3.899	3.854	3.801	3.749	3.698	3.649	3.602	3.556	3.509	3.457	3.407	3.358	3.311	3.266	3.222	3.171	3.121	3.073	3.028	2.986	2.942	2.892	2.844	2.799	2.758	2.719	2.670	2.624	2.581	2.543	2.506	2.460	2.417	2.379	2.346	2.307	2.267	2.233	2.205	2.172	2.139	2.113	2.095	2.067	2.048	2.029	1.995	1.959	1.929	1.903	1.881	1.855	1.834	1.819	1.809	1.800	1.792	1.789	1.792	1.801	1.811	1.825	1.838	1.856	1.879	1.863	1.831	1.801	1.776	1.756	1.738	1.724	1.708	1.695	1.685	1.677	1.673	1.672	1.674	1.680	1.688	1.698	1.707	1.719	1.732	1.748	1.766	1.782	1.800	1.821	1.846	1.876	1.908	1.941	1.967	1.991	2.019	2.050	2.084	2.119	2.155	2.194	2.235	2.277	2.320	2.339	2.347	2.365	2.391	2.425	2.465	2.503	2.546	2.594	2.646	2.702	2.761	2.821	2.880	2.942	3.005	3.070	3.137	3.205	3.274	3.344	
4.734	4.707	4.682	4.658	4.635	4.614	4.595	4.577	4.561	4.547	4.534	4.523	4.514	4.507	4.501	4.497	4.494	4.494	4.435	4.366	4.295	4.225	4.157	4.089	4.024	3.966	3.919	3.881	3.864	3.878	3.916	3.964	4.023	4.089	4.159	4.231	4.303	4.377	4.452	4.529	4.606	4.684	4.762	4.802	4.786	4.775	4.771	4.771	4.775	4.785	4.800	4.821	4.847	4.878	4.914	4.953	4.995	5.040	5.088	5.139	5.193	5.249	5.307	5.367	5.429	5.492	5.556	5.622	5.689	5.748	5.786	5.824	5.862	5.880	5.881	5.884	5.889	5.896	5.904	5.915	5.926	5.940	5.955	5.972	5.991	6.011	6.032	6.056	6.013	5.960	5.907	5.854	5.803	5.752	5.702	5.648	5.594	5.541	5.488	5.436	5.385	5.335	5.285	5.230	5.176	5.123	5.071	5.020	4.970	4.920	4.868	4.814	4.761	4.709	4.658	4.608	4.559	4.510	4.456	4.403	4.350	4.299	4.250	4.201	4.154	4.101	4.048	3.996	3.946	3.897	3.849	3.804	3.750	3.698	3.647	3.598	3.551	3.505	3.457	3.405	3.354	3.305	3.259	3.214	3.169	3.117	3.068	3.020	2.975	2.932	2.887	2.837	2.790	2.745	2.704	2.665	2.615	2.569	2.527	2.488	2.450	2.404	2.362	2.324	2.291	2.251	2.212	2.178	2.150	2.115	2.083	2.057	2.038	2.010	1.991	1.967	1.935	1.898	1.866	1.839	1.817	1.791	1.769	1.753	1.743	1.734	1.725	1.722	1.723	1.728	1.738	1.751	1.765	1.784	1.809	1.839	1.874	1.853	1.829	1.807	1.790	1.776	1.760	1.749	1.739	1.731	1.725	1.725	1.725	1.730	1.738	1.748	1.758	1.769	1.780	1.795	1.813	1.829	1.848	1.869	1.893	1.922	1.954	1.979	1.998	2.021	2.049	2.080	2.112	2.147	2.183	2.223	2.264	2.305	2.347	2.366	2.374	2.392	2.418	2.452	2.492	2.529	2.572	2.620	2.673	2.729	2.788	2.848	2.907	2.968	3.032	3.097	3.163	3.231	3.300	3.370	
4.697	4.670	4.645	4.621	4.598	4.578	4.558	4.541	4.525	4.510	4.498	4.487	4.477	4.470	4.464	4.460	4.458	4.457	4.400	4.345	4.279	4.206	4.136	4.069	4.003	3.942	3.890	3.849	3.831	3.846	3.882	3.936	4.000	4.066	4.136	4.208	4.283	4.359	4.436	4.514	4.592	4.671	4.750	4.774	4.757	4.747	4.742	4.742	4.747	4.757	4.773	4.795	4.821	4.853	4.889	4.929	4.972	5.018	5.067	5.119	5.174	5.230	5.289	5.350	5.412	5.476	5.541	5.607	5.674	5.743	5.812	5.871	5.908	5.925	5.927	5.930	5.935	5.942	5.950	5.960	5.972	5.986	6.001	6.018	6.037	6.057	6.078	6.029	5.975	5.921	5.868	5.815	5.764	5.713	5.663	5.609	5.554	5.501	5.448	5.396	5.345	5.295	5.244	5.190	5.136	5.083	5.031	4.979	4.929	4.880	4.826	4.772	4.719	4.667	4.616	4.566	4.517	4.466	4.411	4.358	4.306	4.255	4.205	4.157	4.109	4.054	4.001	3.950	3.899	3.850	3.803	3.755	3.702	3.650	3.599	3.550	3.502	3.457	3.407	3.355	3.304	3.256	3.209	3.164	3.118	3.066	3.017	2.969	2.924	2.881	2.836	2.786	2.738	2.693	2.652	2.612	2.563	2.517	2.474	2.435	2.397	2.351	2.309	2.271	2.238	2.197	2.158	2.124	2.096	2.061	2.028	2.003	1.983	1.956	1.936	1.905	1.872	1.836	1.802	1.773	1.750	1.726	1.703	1.686	1.675	1.667	1.658	1.652	1.650	1.655	1.666	1.679	1.694	1.714	1.741	1.772	1.809	1.850	1.884	1.862	1.846	1.831	1.816	1.803	1.794	1.786	1.781	1.780	1.779	1.784	1.791	1.801	1.811	1.822	1.831	1.846	1.863	1.879	1.897	1.919	1.943	1.972	1.997	2.014	2.033	2.056	2.083	2.113	2.145	2.179	2.214	2.252	2.292	2.331	2.373	2.391	2.400	2.417	2.443	2.477	2.517	2.555	2.598	2.646	2.698	2.754	2.813	2.874	2.933	2.994	3.057	3.122	3.189	3.257	3.326	3.396	
4.668	4.641	4.615	4.591	4.569	4.548	4.529	4.511	4.495	4.481	4.468	4.457	4.448	4.440	4.435	4.430	4.428	4.428	4.368	4.311	4.258	4.195	4.125	4.056	3.988	3.925	3.871	3.823	3.802	3.811	3.853	3.911	3.974	4.043	4.116	4.191	4.268	4.345	4.424	4.503	4.582	4.661	4.740	4.752	4.735	4.723	4.717	4.716	4.722	4.734	4.751	4.773	4.801	4.833	4.870	4.911	4.955	5.001	5.051	5.104	5.159	5.216	5.275	5.336	5.399	5.463	5.529	5.595	5.663	5.732	5.801	5.872	5.943	5.968	5.970	5.973	5.978	5.985	5.993	6.003	6.015	6.029	6.044	6.061	6.079	6.100	6.050	5.995	5.940	5.887	5.834	5.781	5.730	5.679	5.627	5.572	5.517	5.464	5.411	5.359	5.308	5.258	5.205	5.151	5.097	5.044	4.992	4.940	4.890	4.841	4.787	4.732	4.679	4.627	4.576	4.526	4.477	4.425	4.371	4.318	4.265	4.215	4.165	4.116	4.066	4.012	3.959	3.907	3.857	3.808	3.761	3.711	3.657	3.605	3.555	3.505	3.458	3.412	3.361	3.309	3.258	3.209	3.163	3.118	3.070	3.019	2.969	2.921	2.876	2.834	2.786	2.736	2.689	2.644	2.603	2.562	2.512	2.466	2.424	2.385	2.346	2.300	2.257	2.220	2.187	2.146	2.106	2.072	2.044	2.009	1.976	1.950	1.931	1.903	1.884	1.845	1.810	1.777	1.741	1.710	1.685	1.662	1.638	1.619	1.606	1.598	1.588	1.581	1.579	1.584	1.596	1.608	1.624	1.646	1.674	1.708	1.746	1.789	1.832	1.878	1.904	1.888	1.873	1.861	1.850	1.843	1.840	1.837	1.836	1.840	1.847	1.857	1.865	1.877	1.886	1.900	1.917	1.932	1.949	1.970	1.995	2.019	2.036	2.052	2.072	2.094	2.120	2.149	2.180	2.213	2.246	2.283	2.321	2.359	2.400	2.418	2.426	2.444	2.470	2.504	2.544	2.581	2.625	2.673	2.725	2.781	2.840	2.900	2.959	3.021	3.084	3.149	3.216	3.284	3.353	3.423	
4.645	4.619	4.593	4.569	4.547	4.526	4.507	4.489	4.473	4.459	4.446	4.435	4.426	4.418	4.412	4.408	4.406	4.405	4.344	4.284	4.226	4.167	4.111	4.045	3.977	3.913	3.854	3.805	3.777	3.785	3.825	3.886	3.956	4.031	4.107	4.184	4.261	4.339	4.418	4.497	4.576	4.656	4.732	4.732	4.716	4.703	4.696	4.696	4.701	4.714	4.732	4.756	4.785	4.818	4.856	4.897	4.942	4.989	5.039	5.092	5.148	5.205	5.265	5.327	5.390	5.454	5.520	5.587	5.655	5.724	5.794	5.864	5.936	5.967	5.969	5.972	5.977	5.984	5.992	6.002	6.014	6.028	6.043	6.060	6.079	6.075	6.021	5.966	5.911	5.857	5.804	5.752	5.700	5.650	5.594	5.539	5.485	5.432	5.379	5.327	5.276	5.226	5.170	5.116	5.062	5.009	4.957	4.905	4.855	4.804	4.749	4.695	4.642	4.589	4.538	4.488	4.439	4.386	4.332	4.279	4.226	4.175	4.126	4.077	4.027	3.972	3.919	3.868	3.817	3.768	3.721	3.671	3.617	3.565	3.514	3.465	3.418	3.372	3.319	3.267	3.216	3.167	3.121	3.076	3.027	2.975	2.925	2.878	2.833	2.790	2.741	2.691	2.644	2.599	2.557	2.515	2.466	2.420	2.377	2.338	2.298	2.252	2.210	2.172	2.139	2.097	2.057	2.023	1.995	1.959	1.927	1.901	1.881	1.853	1.831	1.789	1.751	1.720	1.682	1.649	1.622	1.600	1.574	1.553	1.538	1.528	1.520	1.511	1.508	1.514	1.527	1.539	1.556	1.579	1.610	1.646	1.687	1.729	1.774	1.822	1.872	1.924	1.933	1.920	1.909	1.902	1.900	1.897	1.896	1.899	1.906	1.915	1.923	1.934	1.943	1.955	1.970	1.980	1.993	2.008	2.025	2.045	2.070	2.092	2.112	2.133	2.159	2.186	2.216	2.247	2.281	2.316	2.352	2.390	2.430	2.448	2.456	2.474	2.500	2.534	2.574	2.611	2.654	2.703	2.755	2.811	2.870	2.931	2.990	3.051	3.114	3.179	3.246	3.314	3.383	3.453	
4.629	4.602	4.576	4.552	4.530	4.509	4.490	4.472	4.456	4.442	4.429	4.418	4.409	4.401	4.396	4.392	4.389	4.389	4.324	4.261	4.199	4.137	4.080	4.026	3.968	3.907	3.847	3.796	3.756	3.764	3.804	3.870	3.943	4.020	4.096	4.174	4.253	4.332	4.411	4.491	4.571	4.651	4.724	4.716	4.701	4.688	4.681	4.681	4.687	4.699	4.718	4.742	4.771	4.806	4.845	4.888	4.934	4.982	5.032	5.086	5.141	5.199	5.259	5.321	5.384	5.449	5.515	5.582	5.650	5.719	5.789	5.860	5.931	5.963	5.965	5.968	5.973	5.980	5.988	5.998	6.010	6.024	6.039	6.056	6.074	6.052	5.996	5.941	5.887	5.833	5.780	5.727	5.676	5.623	5.567	5.512	5.458	5.404	5.352	5.300	5.249	5.196	5.140	5.086	5.032	4.979	4.927	4.875	4.825	4.771	4.716	4.662	4.609	4.557	4.506	4.456	4.406	4.351	4.296	4.243	4.191	4.140	4.090	4.042	3.989	3.935	3.882	3.830	3.780	3.731	3.683	3.632	3.578	3.526	3.475	3.426	3.378	3.333	3.280	3.227	3.177	3.128	3.081	3.036	2.986	2.935	2.885	2.837	2.792	2.750	2.700	2.650	2.602	2.558	2.516	2.472	2.423	2.377	2.334	2.296	2.254	2.208	2.166	2.128	2.095	2.052	2.012	1.978	1.950	1.914	1.881	1.855	1.835	1.807	1.780	1.736	1.695	1.660	1.626	1.590	1.560	1.536	1.512	1.488	1.471	1.460	1.453	1.443	1.440	1.446	1.460	1.472	1.490	1.515	1.548	1.586	1.629	1.671	1.716	1.763	1.815	1.869	1.927	1.977	1.970	1.964	1.961	1.958	1.958	1.960	1.962	1.964	1.967	1.973	1.981	1.989	2.000	2.010	2.022	2.037	2.053	2.073	2.097	2.123	2.150	2.173	2.198	2.226	2.254	2.284	2.316	2.350	2.385	2.423	2.463	2.480	2.488	2.506	2.532	2.566	2.607	2.644	2.687	2.735	2.787	2.843	2.902	2.963	3.022	3.084	3.147	3.212	3.279	3.346	3.415	3.486	
4.618	4.591	4.566	4.542	4.520	4.499	4.479	4.462	4.446	4.431	4.419	4.408	4.399	4.391	4.385	4.381	4.379	4.378	4.313	4.247	4.180	4.114	4.054	4.000	3.948	3.893	3.839	3.787	3.752	3.761	3.809	3.871	3.941	4.016	4.093	4.171	4.250	4.329	4.409	4.489	4.569	4.649	4.721	4.705	4.690	4.679	4.673	4.672	4.678	4.691	4.710	4.734	4.764	4.799	4.838	4.882	4.929	4.979	5.030	5.084	5.139	5.197	5.257	5.319	5.382	5.447	5.513	5.581	5.649	5.718	5.788	5.859	5.930	5.962	5.963	5.967	5.972	5.978	5.987	5.997	6.009	6.022	6.038	6.055	6.073	6.034	5.978	5.923	5.868	5.814	5.761	5.709	5.657	5.601	5.545	5.490	5.436	5.382	5.330	5.278	5.227	5.171	5.115	5.061	5.007	4.954	4.902	4.850	4.800	4.744	4.689	4.634	4.581	4.529	4.478	4.428	4.376	4.320	4.266	4.213	4.161	4.110	4.060	4.011	3.956	3.902	3.849	3.797	3.747	3.698	3.650	3.596	3.543	3.490	3.440	3.391	3.343	3.296	3.242	3.190	3.139	3.090	3.044	2.999	2.948	2.896	2.846	2.799	2.753	2.711	2.660	2.610	2.563	2.518	2.477	2.433	2.383	2.337	2.295	2.256	2.214	2.168	2.126	2.088	2.055	2.011	1.972	1.937	1.909	1.872	1.839	1.814	1.793	1.765	1.730	1.686	1.642	1.603	1.571	1.534	1.500	1.473	1.452	1.426	1.406	1.394	1.387	1.377	1.375	1.381	1.396	1.407	1.427	1.455	1.489	1.527	1.568	1.611	1.656	1.706	1.760	1.818	1.878	1.940	2.005	2.007	2.004	2.003	2.002	2.002	2.000	1.999	2.002	2.008	2.015	2.023	2.033	2.044	2.055	2.069	2.084	2.104	2.127	2.154	2.181	2.209	2.238	2.265	2.293	2.321	2.353	2.386	2.421	2.459	2.497	2.514	2.523	2.540	2.566	2.600	2.641	2.678	2.721	2.769	2.822	2.877	2.936	2.998	3.057	3.118	3.181	3.246	3.313	3.381	3.450	3.520	
4.617	4.590	4.565	4.541	4.518	4.497	4.478	4.460	4.444	4.430	4.417	4.406	4.397	4.390	4.384	4.380	4.377	4.377	4.310	4.242	4.172	4.105	4.043	3.984	3.929	3.881	3.829	3.785	3.767	3.779	3.828	3.889	3.957	4.029	4.104	4.180	4.258	4.337	4.415	4.495	4.574	4.654	4.719	4.697	4.681	4.671	4.667	4.667	4.673	4.686	4.705	4.730	4.761	4.796	4.836	4.880	4.928	4.978	5.031	5.085	5.141	5.200	5.260	5.321	5.385	5.449	5.515	5.582	5.651	5.720	5.790	5.860	5.932	5.964	5.965	5.968	5.973	5.980	5.988	5.999	6.010	6.024	6.039	6.056	6.075	6.020	5.964	5.909	5.854	5.800	5.747	5.695	5.642	5.585	5.530	5.475	5.420	5.367	5.314	5.262	5.208	5.151	5.096	5.041	4.987	4.934	4.882	4.831	4.777	4.721	4.666	4.612	4.559	4.506	4.455	4.405	4.350	4.295	4.241	4.187	4.135	4.084	4.035	3.983	3.928	3.874	3.821	3.769	3.719	3.670	3.621	3.566	3.512	3.460	3.409	3.360	3.313	3.264	3.210	3.157	3.107	3.058	3.011	2.966	2.913	2.861	2.812	2.764	2.719	2.676	2.624	2.574	2.526	2.482	2.440	2.395	2.345	2.299	2.257	2.218	2.175	2.129	2.087	2.049	2.016	1.972	1.932	1.898	1.870	1.833	1.800	1.774	1.753	1.724	1.679	1.639	1.592	1.550	1.514	1.480	1.444	1.413	1.390	1.365	1.342	1.328	1.322	1.311	1.309	1.317	1.331	1.343	1.364	1.392	1.427	1.465	1.508	1.551	1.600	1.653	1.710	1.770	1.833	1.897	1.963	2.029	2.045	2.044	2.042	2.041	2.037	2.036	2.040	2.046	2.051	2.058	2.068	2.078	2.091	2.104	2.119	2.138	2.161	2.187	2.214	2.242	2.270	2.300	2.330	2.360	2.391	2.424	2.459	2.496	2.534	2.551	2.559	2.577	2.603	2.637	2.677	2.715	2.758	2.806	2.858	2.914	2.973	3.034	3.093	3.155	3.218	3.283	3.349	3.417	3.486	3.556	
4.625	4.598	4.572	4.548	4.526	4.505	4.486	4.468	4.452	4.438	4.425	4.414	4.405	4.397	4.391	4.387	4.385	4.385	4.316	4.244	4.173	4.104	4.040	3.977	3.922	3.876	3.833	3.806	3.794	3.811	3.860	3.918	3.982	4.052	4.126	4.201	4.277	4.353	4.430	4.508	4.587	4.666	4.717	4.695	4.679	4.669	4.664	4.664	4.670	4.684	4.703	4.728	4.758	4.794	4.834	4.878	4.926	4.977	5.031	5.087	5.145	5.204	5.265	5.327	5.390	5.455	5.521	5.588	5.656	5.725	5.794	5.865	5.936	5.968	5.969	5.973	5.978	5.984	5.993	6.003	6.015	6.028	6.044	6.060	6.056	6.003	5.947	5.892	5.838	5.784	5.731	5.679	5.626	5.570	5.514	5.459	5.405	5.351	5.299	5.247	5.194	5.138	5.082	5.027	4.973	4.920	4.868	4.817	4.761	4.705	4.650	4.596	4.542	4.490	4.439	4.387	4.330	4.275	4.221	4.168	4.115	4.064	4.015	3.961	3.905	3.851	3.798	3.746	3.696	3.647	3.596	3.541	3.487	3.435	3.384	3.335	3.288	3.236	3.182	3.130	3.079	3.030	2.984	2.937	2.883	2.832	2.782	2.734	2.689	2.645	2.592	2.542	2.495	2.450	2.409	2.361	2.312	2.266	2.224	2.185	2.141	2.094	2.052	2.014	1.980	1.936	1.896	1.862	1.834	1.796	1.763	1.737	1.715	1.678	1.632	1.588	1.545	1.501	1.460	1.427	1.390	1.356	1.330	1.307	1.281	1.266	1.260	1.247	1.244	1.251	1.265	1.277	1.298	1.329	1.365	1.406	1.448	1.495	1.547	1.604	1.664	1.726	1.789	1.854	1.920	1.988	2.041	2.039	2.042	2.048	2.056	2.064	2.077	2.085	2.090	2.096	2.106	2.116	2.128	2.141	2.157	2.176	2.197	2.222	2.249	2.276	2.305	2.334	2.364	2.397	2.430	2.464	2.498	2.534	2.572	2.588	2.597	2.614	2.641	2.674	2.715	2.752	2.795	2.844	2.896	2.952	3.011	3.072	3.131	3.192	3.256	3.321	3.387	3.455	3.524	3.594	
4.638	4.611	4.585	4.561	4.539	4.518	4.499	4.481	4.465	4.451	4.438	4.427	4.418	4.410	4.404	4.400	4.398	4.398	4.326	4.253	4.182	4.115	4.050	3.989	3.937	3.898	3.861	3.843	3.838	3.854	3.897	3.956	4.019	4.085	4.154	4.226	4.300	4.376	4.452	4.529	4.606	4.683	4.719	4.698	4.683	4.673	4.667	4.667	4.674	4.687	4.706	4.731	4.762	4.797	4.837	4.881	4.929	4.980	5.034	5.090	5.149	5.209	5.271	5.334	5.398	5.463	5.529	5.596	5.664	5.733	5.802	5.873	5.944	5.975	5.977	5.980	5.985	5.992	6.000	6.010	6.022	6.036	6.051	6.068	6.019	5.967	5.917	5.865	5.810	5.757	5.703	5.651	5.600	5.549	5.498	5.443	5.388	5.335	5.282	5.230	5.177	5.121	5.066	5.011	4.957	4.904	4.852	4.801	4.746	4.690	4.635	4.581	4.527	4.475	4.424	4.373	4.317	4.261	4.207	4.154	4.102	4.051	4.001	3.944	3.889	3.835	3.782	3.730	3.680	3.631	3.576	3.521	3.467	3.415	3.364	3.315	3.268	3.214	3.160	3.107	3.057	3.008	2.961	2.912	2.859	2.807	2.757	2.710	2.665	2.618	2.566	2.516	2.468	2.424	2.382	2.333	2.284	2.238	2.195	2.156	2.111	2.065	2.022	1.984	1.949	1.905	1.865	1.831	1.803	1.764	1.731	1.705	1.683	1.636	1.587	1.541	1.500	1.454	1.411	1.375	1.341	1.303	1.274	1.254	1.225	1.205	1.196	1.186	1.180	1.186	1.200	1.213	1.236	1.267	1.306	1.348	1.392	1.443	1.499	1.557	1.617	1.679	1.744	1.812	1.881	1.951	1.993	1.991	1.992	1.997	2.007	2.020	2.033	2.050	2.071	2.097	2.126	2.156	2.169	2.181	2.197	2.216	2.236	2.259	2.286	2.313	2.341	2.369	2.400	2.432	2.467	2.502	2.538	2.574	2.611	2.627	2.636	2.653	2.679	2.713	2.754	2.791	2.834	2.882	2.935	2.991	3.050	3.111	3.170	3.231	3.295	3.360	3.426	3.494	3.563	3.633	
4.654	4.627	4.602	4.578	4.556	4.535	4.515	4.498	4.482	4.467	4.455	4.444	4.435	4.427	4.421	4.417	4.415	4.414	4.343	4.272	4.204	4.139	4.076	4.019	3.972	3.938	3.910	3.895	3.897	3.911	3.945	3.996	4.058	4.123	4.191	4.260	4.331	4.403	4.477	4.553	4.629	4.706	4.725	4.704	4.689	4.681	4.677	4.677	4.684	4.697	4.716	4.740	4.771	4.806	4.846	4.889	4.937	4.987	5.041	5.097	5.156	5.216	5.278	5.342	5.407	5.472	5.539	5.606	5.675	5.744	5.813	5.883	5.954	5.985	5.987	5.990	5.995	6.002	6.010	6.020	6.032	6.046	6.061	6.037	5.985	5.934	5.883	5.828	5.773	5.719	5.666	5.614	5.562	5.512	5.461	5.406	5.352	5.298	5.245	5.194	5.143	5.092	5.041	4.987	4.933	4.880	4.828	4.776	4.726	4.674	4.619	4.565	4.511	4.459	4.408	4.356	4.300	4.245	4.190	4.137	4.085	4.034	3.984	3.929	3.874	3.820	3.767	3.715	3.665	3.616	3.562	3.507	3.454	3.401	3.351	3.301	3.253	3.198	3.144	3.091	3.041	2.992	2.945	2.894	2.840	2.788	2.739	2.691	2.646	2.597	2.545	2.495	2.447	2.403	2.361	2.310	2.261	2.215	2.172	2.133	2.086	2.040	1.998	1.960	1.923	1.879	1.839	1.805	1.776	1.737	1.704	1.678	1.647	1.600	1.546	1.496	1.453	1.410	1.365	1.326	1.293	1.255	1.221	1.196	1.171	1.147	1.136	1.127	1.119	1.125	1.139	1.151	1.174	1.207	1.249	1.291	1.339	1.393	1.449	1.508	1.571	1.637	1.705	1.775	1.846	1.918	1.945	1.943	1.944	1.950	1.960	1.972	1.985	2.003	2.025	2.052	2.083	2.118	2.156	2.198	2.234	2.258	2.277	2.300	2.325	2.351	2.379	2.407	2.438	2.470	2.504	2.541	2.578	2.614	2.651	2.667	2.675	2.693	2.719	2.753	2.794	2.831	2.874	2.922	2.975	3.030	3.089	3.151	3.210	3.271	3.335	3.400	3.466	3.534	3.603	3.673	
4.678	4.651	4.625	4.602	4.579	4.558	4.539	4.521	4.505	4.491	4.478	4.467	4.458	4.451	4.445	4.441	4.438	4.438	4.369	4.301	4.236	4.174	4.115	4.063	4.022	3.990	3.966	3.954	3.963	3.978	4.006	4.049	4.103	4.165	4.230	4.297	4.367	4.437	4.509	4.582	4.656	4.731	4.737	4.716	4.702	4.693	4.690	4.691	4.699	4.712	4.731	4.756	4.785	4.820	4.859	4.903	4.950	5.000	5.053	5.109	5.167	5.227	5.289	5.352	5.417	5.483	5.550	5.618	5.686	5.755	5.825	5.895	5.966	5.998	5.999	6.002	6.007	6.014	6.023	6.033	6.045	6.058	6.063	6.011	5.959	5.908	5.852	5.797	5.743	5.689	5.636	5.583	5.532	5.481	5.426	5.371	5.317	5.264	5.211	5.159	5.108	5.058	5.003	4.949	4.895	4.842	4.790	4.739	4.688	4.639	4.584	4.529	4.476	4.424	4.373	4.323	4.274	4.222	4.168	4.114	4.062	4.011	3.962	3.913	3.858	3.804	3.751	3.699	3.649	3.600	3.546	3.491	3.437	3.385	3.334	3.285	3.238	3.182	3.129	3.076	3.026	2.977	2.930	2.880	2.826	2.774	2.725	2.677	2.632	2.582	2.530	2.480	2.433	2.388	2.345	2.293	2.244	2.198	2.155	2.116	2.067	2.021	1.979	1.941	1.903	1.858	1.819	1.785	1.754	1.715	1.682	1.657	1.610	1.557	1.512	1.456	1.407	1.366	1.320	1.276	1.241	1.206	1.169	1.144	1.120	1.094	1.080	1.073	1.062	1.064	1.079	1.090	1.113	1.149	1.192	1.236	1.288	1.343	1.402	1.465	1.531	1.600	1.670	1.742	1.816	1.890	1.900	1.898	1.900	1.905	1.916	1.928	1.942	1.960	1.983	2.011	2.042	2.078	2.117	2.160	2.203	2.248	2.296	2.341	2.366	2.391	2.419	2.448	2.478	2.510	2.544	2.580	2.617	2.655	2.692	2.708	2.716	2.734	2.760	2.794	2.835	2.872	2.915	2.963	3.016	3.072	3.130	3.192	3.251	3.312	3.376	3.441	3.507	3.575	3.644	3.714	
4.679	4.652	4.626	4.603	4.580	4.559	4.540	4.522	4.506	4.492	4.479	4.468	4.459	4.452	4.446	4.442	4.439	4.439	4.370	4.302	4.238	4.175	4.116	4.065	4.024	3.992	3.968	3.956	3.965	3.980	4.007	4.050	4.105	4.166	4.232	4.299	4.368	4.439	4.510	4.583	4.657	4.732	4.737	4.717	4.702	4.694	4.691	4.692	4.700	4.713	4.732	4.756	4.786	4.821	4.860	4.903	4.950	5.001	5.054	5.109	5.167	5.227	5.289	5.353	5.418	5.484	5.551	5.618	5.687	5.756	5.826	5.896	5.967	5.998	6.000	6.003	6.008	6.015	6.023	6.033	6.045	6.059	6.044	5.992	5.940	5.885	5.829	5.774	5.720	5.666	5.613	5.560	5.509	5.455	5.399	5.344	5.290	5.236	5.183	5.132	5.081	5.027	4.972	4.917	4.863	4.810	4.758	4.707	4.657	4.604	4.549	4.494	4.441	4.389	4.338	4.288	4.239	4.184	4.130	4.076	4.024	3.973	3.924	3.875	3.823	3.769	3.716	3.665	3.614	3.565	3.518	3.467	3.414	3.362	3.311	3.262	3.214	3.166	3.112	3.060	3.010	2.961	2.914	2.863	2.810	2.758	2.708	2.661	2.616	2.566	2.514	2.464	2.416	2.372	2.330	2.278	2.229	2.183	2.141	2.102	2.053	2.007	1.965	1.927	1.889	1.844	1.805	1.771	1.739	1.700	1.667	1.634	1.580	1.521	1.468	1.423	1.367	1.319	1.281	1.231	1.190	1.161	1.119	1.088	1.069	1.039	1.023	1.017	1.004	1.005	1.021	1.030	1.055	1.093	1.136	1.183	1.239	1.298	1.361	1.427	1.496	1.567	1.640	1.714	1.789	1.864	1.858	1.856	1.859	1.865	1.876	1.888	1.901	1.920	1.944	1.973	2.005	2.042	2.082	2.125	2.168	2.215	2.263	2.314	2.367	2.423	2.461	2.490	2.521	2.553	2.586	2.621	2.658	2.696	2.735	2.750	2.759	2.776	2.803	2.836	2.877	2.914	2.958	3.006	3.058	3.114	3.173	3.234	3.294	3.355	3.418	3.483	3.550	3.618	3.687	3.757	
4.681	4.654	4.629	4.605	4.582	4.561	4.542	4.524	4.508	4.494	4.482	4.471	4.461	4.454	4.448	4.444	4.442	4.441	4.372	4.304	4.240	4.178	4.118	4.067	4.026	3.994	3.970	3.958	3.967	3.982	4.010	4.053	4.107	4.168	4.234	4.301	4.370	4.441	4.512	4.585	4.659	4.734	4.740	4.719	4.705	4.696	4.693	4.694	4.702	4.715	4.734	4.759	4.789	4.823	4.862	4.906	4.953	5.003	5.056	5.112	5.170	5.230	5.292	5.355	5.420	5.486	5.553	5.621	5.689	5.758	5.828	5.898	5.969	6.001	6.002	6.005	6.010	6.017	6.025	6.036	6.048	6.061	6.030	5.977	5.925	5.868	5.812	5.757	5.703	5.649	5.596	5.543	5.491	5.435	5.379	5.324	5.270	5.216	5.164	5.112	5.059	5.003	4.948	4.893	4.839	4.786	4.734	4.683	4.631	4.575	4.520	4.466	4.413	4.361	4.310	4.259	4.207	4.152	4.098	4.044	3.992	3.941	3.892	3.843	3.788	3.734	3.681	3.629	3.579	3.530	3.483	3.429	3.376	3.324	3.273	3.224	3.176	3.130	3.077	3.024	2.974	2.925	2.878	2.833	2.783	2.732	2.682	2.634	2.589	2.547	2.495	2.445	2.398	2.353	2.311	2.262	2.213	2.167	2.124	2.086	2.037	1.991	1.948	1.910	1.872	1.828	1.788	1.754	1.723	1.684	1.651	1.602	1.551	1.492	1.433	1.383	1.334	1.278	1.234	1.192	1.143	1.108	1.073	1.034	1.015	0.985	0.966	0.961	0.947	0.946	0.963	0.971	0.999	1.043	1.085	1.137	1.195	1.257	1.324	1.393	1.465	1.539	1.613	1.688	1.763	1.828	1.820	1.818	1.821	1.827	1.839	1.850	1.865	1.885	1.909	1.939	1.972	2.010	2.050	2.094	2.137	2.183	2.232	2.284	2.338	2.394	2.453	2.513	2.565	2.597	2.630	2.665	2.701	2.739	2.778	2.795	2.803	2.821	2.847	2.881	2.921	2.959	3.002	3.050	3.102	3.158	3.217	3.279	3.338	3.399	3.462	3.528	3.594	3.662	3.731	3.801	
4.685	4.658	4.632	4.608	4.586	4.565	4.546	4.528	4.512	4.498	4.485	4.474	4.465	4.458	4.452	4.448	4.446	4.445	4.376	4.308	4.244	4.182	4.122	4.071	4.030	3.998	3.974	3.962	3.971	3.986	4.014	4.057	4.111	4.172	4.238	4.305	4.374	4.445	4.516	4.589	4.663	4.738	4.744	4.723	4.709	4.700	4.697	4.698	4.706	4.719	4.738	4.763	4.792	4.827	4.866	4.910	4.957	5.007	5.060	5.116	5.174	5.234	5.296	5.359	5.424	5.490	5.557	5.625	5.693	5.762	5.832	5.902	5.973	6.005	6.006	6.009	6.014	6.021	6.029	6.040	6.051	6.065	6.024	5.970	5.913	5.857	5.801	5.745	5.691	5.637	5.584	5.532	5.476	5.420	5.364	5.309	5.255	5.201	5.148	5.096	5.042	4.986	4.930	4.876	4.822	4.769	4.717	4.666	4.611	4.555	4.500	4.445	4.392	4.340	4.289	4.239	4.183	4.127	4.073	4.020	3.968	3.917	3.867	3.815	3.760	3.706	3.653	3.601	3.551	3.502	3.453	3.398	3.344	3.292	3.241	3.192	3.145	3.096	3.042	2.989	2.939	2.890	2.843	2.799	2.746	2.694	2.644	2.597	2.552	2.509	2.458	2.408	2.360	2.316	2.274	2.229	2.180	2.134	2.092	2.053	2.011	1.965	1.923	1.885	1.851	1.807	1.767	1.733	1.705	1.667	1.634	1.573	1.520	1.463	1.402	1.352	1.304	1.247	1.200	1.161	1.108	1.068	1.037	0.994	0.966	0.942	0.915	0.908	0.894	0.893	0.909	0.920	0.954	0.997	1.041	1.094	1.156	1.223	1.293	1.366	1.440	1.513	1.588	1.664	1.740	1.793	1.785	1.783	1.785	1.791	1.803	1.814	1.830	1.850	1.876	1.906	1.941	1.979	2.020	2.063	2.107	2.155	2.205	2.257	2.312	2.370	2.429	2.489	2.552	2.616	2.674	2.709	2.746	2.783	2.823	2.839	2.848	2.865	2.891	2.925	2.966	3.003	3.046	3.094	3.147	3.203	3.262	3.323	3.383	3.444	3.507	3.572	3.639	3.707	3.776	3.846	
4.690	4.663	4.638	4.614	4.592	4.571	4.552	4.534	4.518	4.504	4.491	4.480	4.471	4.463	4.458	4.454	4.451	4.451	4.382	4.314	4.249	4.187	4.128	4.077	4.036	4.004	3.980	3.968	3.977	3.992	4.019	4.062	4.116	4.178	4.244	4.310	4.380	4.451	4.522	4.595	4.669	4.744	4.749	4.729	4.714	4.706	4.703	4.704	4.711	4.725	4.744	4.768	4.798	4.833	4.872	4.915	4.962	5.013	5.066	5.121	5.179	5.239	5.301	5.365	5.430	5.496	5.563	5.630	5.699	5.768	5.837	5.908	5.979	6.010	6.012	6.015	6.020	6.027	6.035	6.045	6.057	6.071	6.026	5.968	5.911	5.854	5.798	5.743	5.689	5.635	5.582	5.525	5.468	5.412	5.356	5.301	5.247	5.193	5.141	5.087	5.030	4.973	4.918	4.863	4.809	4.756	4.704	4.652	4.595	4.539	4.484	4.430	4.377	4.324	4.273	4.221	4.165	4.110	4.055	4.002	3.950	3.899	3.849	3.794	3.739	3.685	3.632	3.580	3.530	3.481	3.428	3.373	3.319	3.267	3.216	3.167	3.120	3.068	3.014	2.961	2.911	2.862	2.815	2.769	2.715	2.663	2.613	2.566	2.521	2.476	2.424	2.374	2.327	2.282	2.240	2.194	2.145	2.099	2.056	2.017	1.974	1.927	1.885	1.847	1.814	1.769	1.730	1.696	1.668	1.630	1.597	1.554	1.499	1.444	1.380	1.326	1.281	1.220	1.170	1.130	1.078	1.035	1.002	0.962	0.925	0.910	0.873	0.861	0.847	0.845	0.859	0.875	0.914	0.957	1.004	1.063	1.129	1.199	1.270	1.342	1.416	1.492	1.568	1.645	1.723	1.760	1.752	1.751	1.752	1.759	1.772	1.783	1.798	1.819	1.846	1.877	1.913	1.952	1.994	2.037	2.082	2.130	2.181	2.234	2.290	2.348	2.408	2.470	2.533	2.597	2.663	2.730	2.792	2.830	2.868	2.884	2.893	2.910	2.937	2.970	3.011	3.048	3.092	3.140	3.192	3.248	3.307	3.368	3.428	3.489	3.552	3.617	3.684	3.752	3.821	3.891	
4.697	4.670	4.645	4.621	4.599	4.578	4.559	4.541	4.525	4.511	4.498	4.488	4.478	4.471	4.465	4.461	4.459	4.458	4.389	4.322	4.257	4.195	4.136	4.084	4.043	4.011	3.987	3.975	3.984	3.999	4.027	4.070	4.124	4.185	4.251	4.318	4.387	4.458	4.530	4.602	4.676	4.751	4.757	4.736	4.722	4.714	4.710	4.711	4.719	4.732	4.751	4.776	4.806	4.840	4.880	4.923	4.970	5.020	5.073	5.129	5.187	5.247	5.309	5.372	5.437	5.503	5.570	5.638	5.706	5.775	5.845	5.915	5.986	6.018	6.019	6.022	6.027	6.034	6.043	6.053	6.064	6.078	6.032	5.975	5.917	5.861	5.805	5.750	5.695	5.642	5.585	5.527	5.470	5.413	5.358	5.303	5.248	5.195	5.141	5.083	5.026	4.970	4.914	4.859	4.805	4.752	4.700	4.643	4.586	4.530	4.475	4.421	4.368	4.316	4.265	4.208	4.152	4.097	4.042	3.989	3.937	3.886	3.835	3.778	3.723	3.669	3.616	3.564	3.514	3.465	3.410	3.355	3.302	3.250	3.199	3.150	3.102	3.047	2.993	2.941	2.891	2.842	2.795	2.745	2.692	2.640	2.590	2.543	2.497	2.450	2.398	2.348	2.300	2.256	2.214	2.165	2.116	2.070	2.027	1.988	1.942	1.896	1.854	1.816	1.781	1.737	1.697	1.663	1.635	1.596	1.563	1.537	1.481	1.428	1.364	1.307	1.256	1.203	1.149	1.102	1.059	1.008	0.973	0.934	0.894	0.881	0.842	0.832	0.816	0.816	0.829	0.844	0.881	0.924	0.977	1.040	1.106	1.175	1.247	1.322	1.398	1.475	1.553	1.632	1.710	1.732	1.725	1.722	1.724	1.732	1.745	1.756	1.772	1.793	1.820	1.852	1.889	1.929	1.972	2.015	2.061	2.110	2.161	2.215	2.272	2.331	2.391	2.453	2.517	2.582	2.648	2.715	2.784	2.853	2.914	2.930	2.939	2.956	2.983	3.016	3.057	3.095	3.138	3.186	3.238	3.294	3.353	3.414	3.474	3.535	3.599	3.664	3.730	3.798	3.867	3.937	
4.706	4.679	4.654	4.630	4.608	4.587	4.568	4.550	4.534	4.520	4.508	4.497	4.487	4.480	4.474	4.470	4.468	4.467	4.399	4.331	4.266	4.204	4.145	4.093	4.052	4.021	3.997	3.984	3.993	4.008	4.036	4.079	4.133	4.195	4.260	4.327	4.396	4.467	4.539	4.611	4.685	4.760	4.766	4.746	4.731	4.723	4.719	4.721	4.728	4.742	4.761	4.785	4.815	4.850	4.889	4.932	4.979	5.029	5.082	5.138	5.196	5.256	5.318	5.381	5.446	5.512	5.579	5.647	5.715	5.784	5.854	5.925	5.996	6.027	6.028	6.032	6.037	6.043	6.052	6.062	6.074	6.087	6.045	5.987	5.930	5.874	5.818	5.763	5.708	5.654	5.595	5.537	5.480	5.424	5.368	5.313	5.259	5.205	5.146	5.089	5.032	4.975	4.920	4.865	4.811	4.758	4.701	4.644	4.587	4.531	4.476	4.422	4.368	4.316	4.261	4.204	4.147	4.092	4.038	3.985	3.932	3.881	3.826	3.770	3.714	3.660	3.607	3.555	3.505	3.454	3.397	3.343	3.289	3.237	3.186	3.137	3.087	3.032	2.978	2.926	2.875	2.826	2.779	2.728	2.674	2.623	2.573	2.525	2.480	2.431	2.379	2.329	2.281	2.237	2.195	2.143	2.094	2.048	2.006	1.967	1.919	1.873	1.830	1.792	1.755	1.711	1.671	1.637	1.608	1.569	1.536	1.510	1.471	1.416	1.352	1.293	1.239	1.189	1.131	1.082	1.042	0.987	0.951	0.914	0.872	0.853	0.818	0.800	0.791	0.781	0.800	0.808	0.852	0.894	0.951	1.014	1.083	1.156	1.231	1.308	1.386	1.464	1.543	1.622	1.701	1.710	1.700	1.696	1.699	1.708	1.720	1.732	1.750	1.773	1.800	1.833	1.870	1.911	1.954	1.998	2.045	2.094	2.146	2.201	2.258	2.317	2.378	2.441	2.505	2.570	2.637	2.704	2.773	2.842	2.913	2.970	2.978	2.996	3.022	3.056	3.096	3.133	3.176	3.225	3.277	3.333	3.392	3.451	3.510	3.571	3.635	3.700	3.766	3.834	3.903	3.973	
4.716	4.689	4.664	4.640	4.618	4.597	4.578	4.561	4.545	4.531	4.518	4.507	4.498	4.491	4.485	4.481	4.479	4.478	4.410	4.342	4.277	4.215	4.156	4.104	4.063	4.031	4.008	3.995	4.004	4.019	4.047	4.090	4.144	4.206	4.271	4.338	4.407	4.478	4.550	4.622	4.696	4.771	4.777	4.756	4.742	4.734	4.730	4.731	4.739	4.753	4.772	4.796	4.826	4.861	4.900	4.943	4.990	5.040	5.093	5.149	5.207	5.267	5.329	5.392	5.457	5.523	5.590	5.658	5.726	5.795	5.865	5.935	6.006	6.038	6.039	6.043	6.047	6.054	6.062	6.073	6.084	6.098	6.061	6.003	5.946	5.890	5.834	5.779	5.724	5.667	5.608	5.551	5.494	5.437	5.381	5.326	5.272	5.217	5.159	5.101	5.044	4.988	4.932	4.877	4.824	4.769	4.711	4.653	4.597	4.541	4.485	4.431	4.378	4.324	4.266	4.209	4.152	4.097	4.043	3.990	3.937	3.884	3.826	3.770	3.714	3.660	3.607	3.555	3.505	3.449	3.393	3.338	3.285	3.232	3.182	3.133	3.079	3.024	2.970	2.917	2.867	2.818	2.771	2.716	2.662	2.611	2.561	2.513	2.468	2.417	2.364	2.314	2.267	2.222	2.179	2.127	2.078	2.032	1.990	1.951	1.902	1.855	1.813	1.775	1.737	1.693	1.653	1.619	1.588	1.549	1.516	1.491	1.462	1.407	1.346	1.286	1.232	1.182	1.123	1.073	1.033	0.976	0.934	0.901	0.855	0.829	0.800	0.775	0.770	0.755	0.774	0.785	0.825	0.867	0.926	0.996	1.071	1.148	1.224	1.302	1.380	1.458	1.537	1.617	1.696	1.690	1.680	1.677	1.679	1.688	1.700	1.713	1.731	1.755	1.785	1.818	1.856	1.898	1.941	1.986	2.033	2.083	2.135	2.190	2.248	2.307	2.369	2.432	2.496	2.562	2.629	2.697	2.766	2.835	2.906	2.966	2.976	2.993	3.020	3.053	3.093	3.130	3.173	3.221	3.274	3.330	3.389	3.447	3.506	3.567	3.630	3.696	3.762	3.830	3.899	3.969	
4.728	4.701	4.676	4.652	4.630	4.610	4.591	4.573	4.557	4.543	4.531	4.520	4.511	4.503	4.498	4.494	4.491	4.491	4.422	4.354	4.290	4.227	4.168	4.117	4.076	4.044	4.020	4.008	4.017	4.032	4.059	4.102	4.157	4.218	4.284	4.351	4.420	4.491	4.562	4.635	4.709	4.784	4.789	4.769	4.755	4.746	4.743	4.744	4.752	4.765	4.784	4.809	4.838	4.873	4.912	4.955	5.003	5.053	5.106	5.161	5.219	5.279	5.341	5.405	5.470	5.536	5.603	5.670	5.739	5.808	5.878	5.948	6.019	6.050	6.052	6.055	6.060	6.067	6.075	6.085	6.097	6.110	6.084	6.026	5.969	5.913	5.857	5.802	5.745	5.686	5.627	5.570	5.512	5.456	5.400	5.345	5.291	5.232	5.174	5.116	5.059	5.003	4.947	4.893	4.839	4.783	4.724	4.667	4.610	4.554	4.499	4.445	4.391	4.336	4.278	4.221	4.165	4.109	4.055	4.002	3.950	3.893	3.836	3.779	3.724	3.670	3.617	3.565	3.512	3.455	3.398	3.343	3.290	3.238	3.187	3.137	3.080	3.025	2.971	2.918	2.868	2.819	2.769	2.713	2.660	2.608	2.558	2.511	2.465	2.410	2.358	2.308	2.260	2.216	2.170	2.118	2.069	2.023	1.980	1.939	1.890	1.843	1.801	1.763	1.723	1.679	1.639	1.605	1.573	1.534	1.501	1.475	1.437	1.384	1.331	1.277	1.225	1.170	1.116	1.064	1.024	0.970	0.921	0.894	0.845	0.809	0.790	0.755	0.757	0.735	0.754	0.764	0.806	0.848	0.911	0.984	1.060	1.137	1.214	1.293	1.372	1.451	1.531	1.611	1.690	1.677	1.667	1.663	1.665	1.674	1.686	1.699	1.718	1.742	1.772	1.807	1.846	1.889	1.932	1.978	2.026	2.076	2.129	2.185	2.242	2.302	2.363	2.427	2.491	2.557	2.624	2.692	2.761	2.831	2.902	2.963	2.972	2.990	3.016	3.050	3.089	3.127	3.170	3.218	3.270	3.326	3.385	3.443	3.502	3.564	3.627	3.692	3.759	3.826	3.895	3.966	
4.741	4.715	4.690	4.666	4.644	4.623	4.605	4.587	4.571	4.557	4.545	4.534	4.525	4.518	4.512	4.508	4.506	4.505	4.436	4.369	4.304	4.242	4.182	4.131	4.090	4.058	4.034	4.022	4.031	4.046	4.074	4.117	4.171	4.232	4.298	4.365	4.434	4.505	4.576	4.649	4.723	4.798	4.804	4.783	4.769	4.760	4.757	4.758	4.766	4.779	4.798	4.823	4.853	4.887	4.927	4.970	5.017	5.067	5.120	5.176	5.234	5.294	5.356	5.419	5.484	5.550	5.617	5.685	5.753	5.822	5.892	5.962	6.033	6.065	6.066	6.069	6.074	6.081	6.089	6.099	6.111	6.124	6.086	6.030	5.973	5.916	5.860	5.805	5.751	5.697	5.644	5.587	5.530	5.473	5.418	5.363	5.308	5.254	5.196	5.138	5.081	5.025	4.969	4.915	4.860	4.801	4.742	4.685	4.628	4.572	4.517	4.463	4.409	4.351	4.293	4.236	4.179	4.124	4.070	4.017	3.964	3.906	3.849	3.792	3.737	3.683	3.630	3.578	3.524	3.467	3.411	3.356	3.302	3.250	3.199	3.147	3.090	3.034	2.981	2.928	2.878	2.829	2.775	2.720	2.666	2.614	2.564	2.517	2.467	2.413	2.361	2.311	2.263	2.219	2.169	2.117	2.068	2.022	1.980	1.936	1.886	1.840	1.798	1.760	1.718	1.673	1.634	1.600	1.566	1.527	1.494	1.468	1.424	1.367	1.316	1.261	1.207	1.158	1.105	1.059	1.013	0.961	0.921	0.886	0.838	0.819	0.782	0.759	0.749	0.736	0.753	0.762	0.808	0.853	0.915	0.983	1.058	1.134	1.212	1.291	1.371	1.450	1.530	1.610	1.680	1.667	1.658	1.655	1.657	1.667	1.678	1.691	1.710	1.735	1.765	1.800	1.840	1.883	1.927	1.973	2.023	2.075	2.128	2.183	2.241	2.301	2.362	2.425	2.490	2.556	2.623	2.691	2.760	2.830	2.901	2.962	2.971	2.989	3.015	3.049	3.088	3.126	3.169	3.217	3.269	3.325	3.384	3.443	3.502	3.563	3.626	3.691	3.758	3.826	3.895	3.965	
4.756	4.730	4.705	4.681	4.659	4.639	4.620	4.603	4.587	4.573	4.561	4.550	4.541	4.534	4.528	4.524	4.522	4.521	4.452	4.384	4.320	4.258	4.198	4.147	4.106	4.074	4.050	4.038	4.047	4.062	4.090	4.133	4.187	4.248	4.314	4.381	4.450	4.521	4.592	4.665	4.739	4.814	4.820	4.799	4.785	4.776	4.773	4.774	4.782	4.795	4.814	4.839	4.869	4.903	4.942	4.986	5.033	5.083	5.136	5.192	5.250	5.310	5.372	5.435	5.500	5.566	5.633	5.701	5.769	5.838	5.908	5.978	6.049	6.081	6.082	6.085	6.090	6.097	6.105	6.115	6.127	6.140	6.089	6.031	5.974	5.918	5.862	5.807	5.752	5.698	5.645	5.588	5.531	5.474	5.418	5.363	5.309	5.256	5.203	5.145	5.088	5.032	4.976	4.922	4.868	4.815	4.762	4.704	4.648	4.592	4.536	4.482	4.429	4.372	4.314	4.257	4.201	4.146	4.091	4.038	3.982	3.924	3.867	3.810	3.755	3.701	3.648	3.596	3.539	3.482	3.426	3.371	3.317	3.265	3.214	3.160	3.103	3.048	2.994	2.941	2.891	2.842	2.787	2.732	2.679	2.627	2.577	2.530	2.479	2.424	2.372	2.322	2.275	2.230	2.178	2.126	2.077	2.031	1.988	1.942	1.893	1.846	1.804	1.766	1.721	1.677	1.637	1.603	1.568	1.529	1.496	1.470	1.419	1.362	1.314	1.252	1.197	1.150	1.104	1.051	1.006	0.962	0.930	0.880	0.848	0.823	0.788	0.776	0.760	0.753	0.768	0.783	0.828	0.875	0.935	1.002	1.073	1.147	1.223	1.301	1.379	1.458	1.537	1.616	1.672	1.659	1.652	1.649	1.652	1.662	1.673	1.687	1.706	1.731	1.762	1.798	1.838	1.882	1.925	1.972	2.023	2.075	2.129	2.185	2.243	2.303	2.365	2.428	2.492	2.558	2.625	2.693	2.762	2.832	2.903	2.964	2.973	2.990	3.017	3.050	3.090	3.127	3.171	3.219	3.271	3.327	3.386	3.445	3.504	3.565	3.628	3.693	3.760	3.828	3.897	3.967	
4.773	4.746	4.722	4.698	4.676	4.656	4.637	4.620	4.604	4.590	4.578	4.567	4.558	4.551	4.545	4.542	4.539	4.539	4.470	4.402	4.337	4.275	4.216	4.164	4.124	4.092	4.068	4.056	4.065	4.080	4.107	4.150	4.204	4.266	4.332	4.398	4.468	4.539	4.610	4.683	4.757	4.832	4.837	4.817	4.802	4.794	4.791	4.792	4.799	4.813	4.832	4.856	4.886	4.921	4.960	5.003	5.050	5.100	5.154	5.209	5.267	5.327	5.389	5.453	5.518	5.584	5.651	5.718	5.786	5.856	5.925	5.996	6.067	6.098	6.100	6.103	6.108	6.114	6.122	6.132	6.144	6.145	6.092	6.034	5.977	5.920	5.865	5.809	5.755	5.701	5.648	5.590	5.533	5.476	5.421	5.366	5.311	5.258	5.204	5.147	5.090	5.033	4.978	4.923	4.869	4.816	4.763	4.705	4.648	4.592	4.537	4.483	4.430	4.378	4.323	4.266	4.210	4.154	4.100	4.047	3.995	3.944	3.887	3.831	3.775	3.721	3.668	3.616	3.561	3.503	3.447	3.392	3.339	3.286	3.236	3.178	3.122	3.066	3.012	2.960	2.909	2.860	2.803	2.748	2.694	2.643	2.593	2.545	2.493	2.438	2.386	2.336	2.288	2.244	2.191	2.139	2.090	2.044	2.002	1.955	1.905	1.859	1.817	1.779	1.733	1.689	1.649	1.615	1.578	1.539	1.507	1.481	1.432	1.377	1.322	1.260	1.207	1.166	1.107	1.060	1.018	0.978	0.934	0.896	0.875	0.835	0.815	0.804	0.787	0.786	0.798	0.816	0.862	0.909	0.966	1.029	1.098	1.171	1.245	1.321	1.397	1.474	1.552	1.630	1.671	1.658	1.650	1.647	1.650	1.660	1.671	1.684	1.704	1.729	1.760	1.796	1.836	1.880	1.924	1.971	2.022	2.075	2.131	2.189	2.248	2.309	2.371	2.434	2.499	2.564	2.631	2.699	2.768	2.837	2.908	2.969	2.977	2.995	3.021	3.055	3.095	3.132	3.175	3.223	3.276	3.332	3.391	3.450	3.509	3.570	3.633	3.698	3.765	3.833	3.902	3.972	
4.791	4.765	4.740	4.717	4.695	4.675	4.656	4.639	4.623	4.609	4.597	4.586	4.578	4.570	4.565	4.561	4.558	4.558	4.489	4.421	4.357	4.294	4.235	4.184	4.143	4.111	4.087	4.075	4.084	4.099	4.126	4.169	4.224	4.285	4.351	4.418	4.487	4.558	4.629	4.702	4.776	4.851	4.856	4.836	4.822	4.813	4.810	4.811	4.819	4.832	4.851	4.876	4.905	4.940	4.979	5.023	5.070	5.120	5.173	5.229	5.286	5.347	5.408	5.472	5.537	5.603	5.670	5.737	5.806	5.875	5.945	6.015	6.086	6.117	6.119	6.122	6.127	6.133	6.142	6.151	6.163	6.150	6.095	6.038	5.981	5.924	5.869	5.813	5.759	5.705	5.651	5.593	5.536	5.480	5.424	5.369	5.315	5.262	5.207	5.150	5.093	5.036	4.981	4.926	4.872	4.820	4.765	4.708	4.651	4.595	4.540	4.486	4.433	4.380	4.325	4.268	4.211	4.156	4.102	4.049	3.997	3.945	3.888	3.831	3.776	3.722	3.669	3.617	3.567	3.512	3.456	3.401	3.347	3.295	3.244	3.195	3.140	3.085	3.031	2.979	2.928	2.879	2.826	2.770	2.717	2.665	2.615	2.568	2.512	2.458	2.406	2.356	2.308	2.263	2.209	2.157	2.108	2.062	2.019	1.971	1.921	1.875	1.832	1.794	1.748	1.703	1.664	1.630	1.592	1.553	1.520	1.494	1.462	1.409	1.345	1.287	1.239	1.186	1.131	1.089	1.048	1.001	0.966	0.935	0.903	0.870	0.856	0.840	0.827	0.833	0.843	0.860	0.903	0.947	1.004	1.066	1.132	1.200	1.271	1.345	1.420	1.496	1.573	1.650	1.674	1.662	1.654	1.651	1.654	1.664	1.675	1.688	1.708	1.733	1.764	1.799	1.839	1.883	1.927	1.974	2.025	2.078	2.135	2.193	2.253	2.315	2.378	2.442	2.507	2.573	2.640	2.708	2.776	2.846	2.916	2.976	2.985	3.003	3.029	3.063	3.102	3.140	3.183	3.231	3.283	3.339	3.398	3.457	3.516	3.578	3.641	3.706	3.773	3.841	3.910	3.980	
4.810	4.784	4.760	4.737	4.715	4.695	4.676	4.659	4.644	4.630	4.618	4.607	4.598	4.591	4.585	4.581	4.579	4.579	4.510	4.442	4.377	4.315	4.256	4.204	4.164	4.132	4.108	4.096	4.105	4.120	4.147	4.190	4.244	4.306	4.372	4.438	4.508	4.579	4.650	4.723	4.797	4.872	4.877	4.857	4.842	4.834	4.831	4.832	4.839	4.853	4.872	4.896	4.926	4.961	5.000	5.043	5.090	5.140	5.194	5.249	5.307	5.367	5.429	5.493	5.558	5.624	5.691	5.758	5.826	5.896	5.965	6.036	6.107	6.138	6.140	6.143	6.148	6.154	6.162	6.172	6.183	6.155	6.100	6.043	5.986	5.930	5.874	5.819	5.764	5.711	5.656	5.598	5.541	5.485	5.429	5.374	5.320	5.267	5.212	5.154	5.097	5.041	4.986	4.931	4.877	4.824	4.769	4.712	4.655	4.599	4.544	4.490	4.437	4.385	4.328	4.271	4.215	4.160	4.106	4.053	4.000	3.948	3.891	3.835	3.779	3.725	3.672	3.621	3.570	3.514	3.458	3.403	3.349	3.297	3.247	3.198	3.142	3.086	3.032	2.980	2.930	2.881	2.831	2.776	2.722	2.670	2.621	2.573	2.527	2.472	2.420	2.370	2.322	2.278	2.231	2.179	2.129	2.083	2.041	1.993	1.943	1.897	1.855	1.817	1.768	1.724	1.684	1.650	1.611	1.572	1.539	1.514	1.483	1.442	1.382	1.329	1.281	1.222	1.173	1.136	1.085	1.044	1.012	0.980	0.947	0.922	0.912	0.890	0.885	0.893	0.903	0.917	0.952	0.997	1.046	1.105	1.171	1.237	1.306	1.377	1.449	1.522	1.597	1.673	1.681	1.669	1.664	1.662	1.665	1.674	1.685	1.699	1.718	1.743	1.773	1.808	1.848	1.892	1.936	1.983	2.033	2.086	2.142	2.200	2.260	2.322	2.386	2.451	2.516	2.582	2.650	2.718	2.787	2.857	2.927	2.986	2.995	3.013	3.039	3.073	3.113	3.150	3.193	3.241	3.294	3.350	3.409	3.468	3.527	3.588	3.652	3.717	3.783	3.851	3.920	3.990	
4.832	4.806	4.781	4.758	4.737	4.717	4.698	4.681	4.666	4.652	4.640	4.629	4.620	4.613	4.608	4.604	4.602	4.601	4.532	4.464	4.400	4.338	4.278	4.227	4.186	4.154	4.130	4.118	4.127	4.142	4.170	4.213	4.267	4.328	4.394	4.461	4.530	4.601	4.672	4.745	4.819	4.894	4.900	4.879	4.865	4.856	4.853	4.854	4.862	4.875	4.894	4.919	4.949	4.983	5.022	5.066	5.113	5.163	5.216	5.272	5.330	5.390	5.452	5.515	5.580	5.646	5.713	5.781	5.849	5.918	5.988	6.058	6.129	6.161	6.162	6.165	6.170	6.176	6.184	6.194	6.206	6.162	6.107	6.049	5.992	5.936	5.880	5.825	5.771	5.717	5.662	5.604	5.547	5.491	5.435	5.381	5.327	5.273	5.218	5.160	5.103	5.047	4.992	4.937	4.884	4.831	4.775	4.717	4.661	4.605	4.550	4.496	4.443	4.391	4.334	4.277	4.221	4.166	4.111	4.058	4.006	3.953	3.896	3.840	3.785	3.730	3.678	3.626	3.576	3.519	3.463	3.408	3.354	3.302	3.252	3.203	3.146	3.091	3.037	2.985	2.934	2.886	2.834	2.779	2.726	2.674	2.624	2.577	2.529	2.475	2.423	2.373	2.325	2.281	2.232	2.180	2.131	2.085	2.043	1.999	1.949	1.903	1.861	1.823	1.780	1.736	1.696	1.662	1.627	1.588	1.556	1.530	1.503	1.451	1.392	1.340	1.299	1.243	1.196	1.161	1.117	1.079	1.049	1.022	0.991	0.969	0.961	0.943	0.941	0.955	0.965	0.980	1.008	1.052	1.095	1.148	1.208	1.274	1.340	1.409	1.480	1.552	1.624	1.698	1.693	1.681	1.675	1.674	1.678	1.689	1.700	1.713	1.732	1.757	1.787	1.822	1.861	1.905	1.948	1.995	2.044	2.097	2.153	2.210	2.270	2.332	2.395	2.460	2.526	2.593	2.660	2.728	2.797	2.867	2.938	2.998	3.007	3.025	3.051	3.085	3.124	3.162	3.205	3.253	3.305	3.361	3.420	3.478	3.537	3.599	3.662	3.727	3.794	3.862	3.931	4.001	
4.854	4.828	4.804	4.781	4.760	4.740	4.721	4.705	4.689	4.676	4.664	4.653	4.644	4.637	4.632	4.628	4.626	4.625	4.556	4.488	4.424	4.362	4.302	4.251	4.210	4.178	4.154	4.142	4.151	4.166	4.193	4.237	4.291	4.352	4.418	4.485	4.554	4.625	4.696	4.769	4.843	4.918	4.924	4.903	4.889	4.880	4.877	4.878	4.886	4.899	4.918	4.943	4.972	5.007	5.046	5.090	5.137	5.187	5.240	5.296	5.354	5.414	5.475	5.539	5.604	5.670	5.737	5.804	5.873	5.942	6.012	6.082	6.153	6.185	6.186	6.189	6.194	6.200	6.208	6.218	6.224	6.170	6.114	6.057	6.000	5.944	5.888	5.833	5.779	5.725	5.669	5.612	5.555	5.499	5.443	5.388	5.334	5.281	5.225	5.167	5.111	5.055	4.999	4.945	4.891	4.839	4.782	4.725	4.668	4.612	4.558	4.504	4.451	4.399	4.341	4.284	4.228	4.173	4.119	4.066	4.014	3.960	3.903	3.847	3.792	3.738	3.685	3.634	3.583	3.526	3.470	3.415	3.362	3.310	3.259	3.209	3.153	3.098	3.044	2.992	2.942	2.893	2.841	2.786	2.733	2.681	2.632	2.585	2.536	2.481	2.429	2.380	2.333	2.288	2.238	2.187	2.138	2.092	2.050	2.005	1.955	1.909	1.867	1.830	1.785	1.741	1.702	1.668	1.632	1.593	1.561	1.535	1.507	1.458	1.399	1.347	1.305	1.249	1.203	1.167	1.122	1.084	1.054	1.026	0.996	0.973	0.966	0.947	0.945	0.959	0.968	0.984	1.012	1.055	1.098	1.151	1.212	1.277	1.344	1.413	1.484	1.555	1.628	1.701	1.696	1.685	1.679	1.678	1.682	1.693	1.703	1.717	1.736	1.761	1.791	1.826	1.865	1.908	1.952	1.998	2.048	2.101	2.156	2.214	2.274	2.335	2.399	2.463	2.529	2.596	2.664	2.732	2.801	2.871	2.941	3.002	3.010	3.028	3.054	3.088	3.127	3.165	3.207	3.255	3.308	3.363	3.422	3.481	3.540	3.601	3.664	3.729	3.796	3.864	3.932	4.002	
4.878	4.852	4.828	4.806	4.784	4.764	4.746	4.729	4.714	4.701	4.689	4.678	4.670	4.662	4.657	4.653	4.651	4.650	4.582	4.514	4.449	4.387	4.328	4.276	4.235	4.204	4.180	4.167	4.176	4.191	4.219	4.262	4.316	4.378	4.443	4.510	4.579	4.650	4.722	4.794	4.868	4.943	4.949	4.929	4.914	4.906	4.902	4.904	4.911	4.925	4.944	4.968	4.998	5.033	5.072	5.115	5.162	5.212	5.265	5.321	5.379	5.439	5.501	5.564	5.629	5.695	5.762	5.830	5.898	5.967	6.037	6.108	6.179	6.210	6.211	6.214	6.219	6.225	6.233	6.243	6.233	6.179	6.123	6.065	6.009	5.953	5.897	5.842	5.788	5.735	5.678	5.620	5.564	5.508	5.452	5.398	5.344	5.291	5.234	5.176	5.120	5.064	5.009	4.954	4.901	4.848	4.791	4.733	4.677	4.622	4.567	4.513	4.460	4.408	4.350	4.293	4.237	4.182	4.129	4.076	4.024	3.969	3.912	3.856	3.801	3.748	3.695	3.644	3.592	3.535	3.479	3.425	3.372	3.320	3.270	3.218	3.162	3.107	3.054	3.002	2.952	2.904	2.851	2.796	2.743	2.692	2.642	2.596	2.545	2.492	2.440	2.391	2.344	2.300	2.249	2.197	2.149	2.104	2.062	2.016	1.967	1.921	1.879	1.842	1.797	1.753	1.714	1.681	1.644	1.606	1.574	1.549	1.520	1.472	1.413	1.361	1.320	1.264	1.217	1.182	1.136	1.098	1.068	1.040	1.010	0.987	0.980	0.960	0.959	0.972	0.981	0.996	1.025	1.068	1.110	1.163	1.224	1.290	1.356	1.425	1.496	1.567	1.640	1.714	1.710	1.698	1.693	1.691	1.696	1.706	1.716	1.730	1.749	1.773	1.804	1.838	1.878	1.921	1.964	2.010	2.060	2.113	2.168	2.226	2.286	2.348	2.411	2.476	2.542	2.608	2.676	2.744	2.813	2.883	2.953	3.015	3.023	3.040	3.066	3.099	3.138	3.175	3.218	3.265	3.317	3.372	3.430	3.489	3.548	3.608	3.671	3.736	3.802	3.870	3.938	4.008	
4.904	4.878	4.854	4.831	4.810	4.791	4.772	4.756	4.741	4.727	4.715	4.705	4.696	4.689	4.684	4.680	4.678	4.677	4.609	4.541	4.476	4.414	4.355	4.303	4.262	4.230	4.207	4.194	4.203	4.218	4.246	4.289	4.343	4.405	4.470	4.537	4.606	4.677	4.749	4.821	4.895	4.970	4.976	4.955	4.941	4.933	4.929	4.930	4.938	4.952	4.971	4.995	5.025	5.060	5.099	5.142	5.189	5.239	5.292	5.348	5.406	5.466	5.528	5.591	5.656	5.722	5.789	5.857	5.925	5.994	6.064	6.135	6.205	6.237	6.238	6.241	6.246	6.252	6.260	6.270	6.243	6.190	6.132	6.075	6.019	5.963	5.907	5.853	5.799	5.745	5.688	5.630	5.574	5.518	5.463	5.408	5.354	5.301	5.244	5.186	5.130	5.074	5.019	4.965	4.912	4.859	4.801	4.744	4.688	4.632	4.578	4.524	4.472	4.418	4.361	4.304	4.248	4.194	4.140	4.087	4.036	3.980	3.923	3.868	3.813	3.759	3.707	3.656	3.603	3.546	3.491	3.437	3.384	3.332	3.282	3.230	3.174	3.120	3.067	3.015	2.965	2.917	2.863	2.809	2.756	2.705	2.657	2.610	2.559	2.505	2.454	2.405	2.359	2.315	2.263	2.213	2.165	2.120	2.078	2.031	1.983	1.938	1.897	1.861	1.815	1.772	1.734	1.701	1.663	1.626	1.595	1.570	1.541	1.493	1.433	1.382	1.341	1.285	1.238	1.203	1.159	1.121	1.090	1.063	1.033	1.010	1.003	0.983	0.981	0.993	1.003	1.018	1.046	1.090	1.131	1.184	1.245	1.310	1.377	1.446	1.516	1.588	1.660	1.734	1.733	1.721	1.715	1.714	1.718	1.729	1.738	1.751	1.771	1.795	1.825	1.860	1.900	1.942	1.984	2.031	2.081	2.134	2.189	2.247	2.306	2.368	2.431	2.496	2.562	2.629	2.697	2.765	2.834	2.903	2.974	3.037	3.045	3.061	3.086	3.119	3.157	3.193	3.235	3.281	3.332	3.387	3.444	3.503	3.560	3.621	3.683	3.747	3.813	3.880	3.948	4.017	
4.930	4.905	4.881	4.859	4.838	4.818	4.800	4.784	4.769	4.755	4.743	4.733	4.725	4.718	4.712	4.708	4.706	4.706	4.637	4.569	4.504	4.442	4.383	4.331	4.291	4.259	4.235	4.223	4.232	4.247	4.274	4.317	4.371	4.433	4.499	4.565	4.635	4.705	4.777	4.850	4.924	4.999	5.004	4.984	4.969	4.961	4.957	4.959	4.966	4.980	4.999	5.023	5.053	5.088	5.127	5.170	5.217	5.267	5.321	5.376	5.434	5.494	5.556	5.620	5.685	5.751	5.818	5.885	5.953	6.023	6.092	6.163	6.234	6.265	6.267	6.270	6.274	6.281	6.288	6.298	6.255	6.201	6.143	6.086	6.030	5.974	5.919	5.864	5.810	5.757	5.699	5.642	5.585	5.530	5.474	5.420	5.366	5.313	5.255	5.198	5.142	5.086	5.031	4.977	4.924	4.871	4.813	4.756	4.700	4.645	4.591	4.537	4.485	4.430	4.373	4.317	4.261	4.207	4.153	4.101	4.049	3.993	3.936	3.881	3.827	3.773	3.721	3.670	3.617	3.560	3.505	3.451	3.399	3.347	3.298	3.245	3.189	3.135	3.082	3.031	2.981	2.934	2.879	2.825	2.773	2.722	2.674	2.628	2.576	2.523	2.472	2.424	2.378	2.335	2.282	2.232	2.185	2.141	2.100	2.052	2.004	1.960	1.920	1.884	1.838	1.796	1.759	1.727	1.689	1.653	1.623	1.599	1.569	1.519	1.460	1.408	1.367	1.313	1.266	1.231	1.188	1.150	1.120	1.094	1.063	1.040	1.033	1.014	1.012	1.023	1.033	1.048	1.076	1.118	1.159	1.212	1.273	1.339	1.405	1.474	1.545	1.616	1.689	1.763	1.763	1.752	1.746	1.745	1.749	1.759	1.768	1.781	1.801	1.825	1.855	1.890	1.930	1.970	2.013	2.059	2.109	2.162	2.217	2.275	2.335	2.396	2.460	2.524	2.591	2.657	2.725	2.793	2.862	2.932	3.002	3.067	3.074	3.090	3.114	3.146	3.183	3.218	3.258	3.304	3.354	3.407	3.464	3.521	3.578	3.638	3.699	3.763	3.828	3.894	3.962	4.031	
4.959	4.933	4.910	4.887	4.866	4.847	4.829	4.813	4.798	4.785	4.773	4.763	4.754	4.747	4.742	4.738	4.736	4.735	4.667	4.599	4.534	4.472	4.413	4.361	4.320	4.289	4.265	4.253	4.261	4.276	4.304	4.347	4.401	4.463	4.528	4.595	4.664	4.735	4.807	4.879	4.953	5.028	5.034	5.014	4.999	4.991	4.987	4.989	4.996	5.010	5.029	5.053	5.083	5.118	5.157	5.200	5.247	5.297	5.350	5.406	5.464	5.524	5.586	5.649	5.714	5.780	5.847	5.915	5.983	6.052	6.122	6.193	6.264	6.295	6.296	6.299	6.304	6.310	6.318	6.321	6.267	6.213	6.156	6.099	6.042	5.987	5.931	5.877	5.823	5.769	5.711	5.654	5.598	5.542	5.488	5.433	5.380	5.326	5.268	5.211	5.155	5.100	5.045	4.991	4.938	4.884	4.826	4.770	4.714	4.659	4.605	4.552	4.499	4.444	4.387	4.331	4.276	4.222	4.168	4.116	4.065	4.008	3.952	3.896	3.842	3.789	3.737	3.687	3.632	3.576	3.521	3.468	3.416	3.365	3.315	3.262	3.206	3.152	3.100	3.049	3.000	2.953	2.898	2.844	2.792	2.742	2.694	2.649	2.596	2.544	2.494	2.446	2.401	2.357	2.305	2.256	2.209	2.166	2.126	2.077	2.031	1.988	1.948	1.912	1.867	1.826	1.790	1.759	1.721	1.686	1.657	1.634	1.599	1.551	1.492	1.440	1.399	1.347	1.301	1.265	1.225	1.187	1.156	1.131	1.101	1.078	1.071	1.052	1.050	1.061	1.070	1.085	1.114	1.153	1.195	1.247	1.308	1.374	1.440	1.509	1.580	1.651	1.724	1.798	1.801	1.790	1.784	1.783	1.787	1.797	1.805	1.819	1.838	1.862	1.892	1.927	1.967	2.005	2.048	2.094	2.144	2.197	2.252	2.310	2.370	2.432	2.495	2.560	2.626	2.692	2.760	2.828	2.897	2.967	3.037	3.104	3.111	3.126	3.149	3.179	3.215	3.249	3.288	3.332	3.381	3.433	3.488	3.545	3.601	3.660	3.720	3.783	3.847	3.912	3.979	4.047	
4.988	4.963	4.940	4.917	4.897	4.877	4.860	4.843	4.829	4.815	4.804	4.794	4.785	4.778	4.773	4.769	4.767	4.767	4.698	4.630	4.565	4.503	4.444	4.392	4.352	4.320	4.296	4.284	4.292	4.308	4.335	4.378	4.432	4.494	4.560	4.626	4.696	4.766	4.838	4.911	4.985	5.060	5.065	5.045	5.030	5.022	5.018	5.020	5.027	5.041	5.060	5.084	5.114	5.149	5.188	5.231	5.278	5.328	5.381	5.437	5.495	5.555	5.617	5.681	5.745	5.812	5.879	5.946	6.014	6.083	6.153	6.224	6.295	6.326	6.328	6.331	6.335	6.341	6.349	6.335	6.281	6.226	6.169	6.112	6.056	6.000	5.945	5.891	5.837	5.783	5.725	5.668	5.612	5.557	5.502	5.448	5.395	5.340	5.282	5.226	5.170	5.115	5.060	5.006	4.954	4.899	4.841	4.785	4.729	4.675	4.621	4.568	4.516	4.460	4.403	4.347	4.292	4.238	4.185	4.133	4.082	4.025	3.969	3.914	3.860	3.807	3.756	3.706	3.650	3.595	3.540	3.487	3.435	3.384	3.335	3.281	3.226	3.173	3.121	3.071	3.022	2.974	2.919	2.866	2.815	2.765	2.718	2.673	2.620	2.568	2.519	2.472	2.427	2.382	2.331	2.283	2.237	2.195	2.156	2.107	2.061	2.019	1.981	1.944	1.900	1.861	1.826	1.796	1.758	1.725	1.697	1.675	1.633	1.588	1.528	1.477	1.436	1.387	1.340	1.305	1.267	1.229	1.198	1.175	1.145	1.122	1.115	1.096	1.094	1.104	1.114	1.129	1.157	1.194	1.236	1.289	1.349	1.415	1.481	1.550	1.621	1.693	1.765	1.839	1.846	1.834	1.829	1.827	1.831	1.840	1.848	1.862	1.881	1.906	1.936	1.971	2.008	2.046	2.089	2.136	2.186	2.238	2.294	2.351	2.411	2.473	2.536	2.601	2.667	2.734	2.801	2.869	2.938	3.008	3.079	3.147	3.154	3.169	3.190	3.219	3.254	3.286	3.324	3.366	3.413	3.464	3.518	3.574	3.629	3.686	3.745	3.807	3.870	3.934	4.000	4.068	
5.019	4.994	4.971	4.949	4.928	4.909	4.891	4.875	4.861	4.848	4.836	4.826	4.818	4.811	4.805	4.802	4.800	4.799	4.730	4.663	4.598	4.536	4.476	4.425	4.384	4.352	4.328	4.316	4.325	4.340	4.368	4.411	4.465	4.526	4.592	4.659	4.728	4.799	4.870	4.943	5.017	5.092	5.098	5.077	5.063	5.054	5.051	5.052	5.060	5.073	5.092	5.117	5.147	5.181	5.221	5.264	5.311	5.361	5.414	5.470	5.528	5.588	5.650	5.713	5.778	5.844	5.911	5.979	6.047	6.116	6.186	6.256	6.327	6.359	6.360	6.363	6.368	6.374	6.381	6.350	6.296	6.241	6.183	6.127	6.071	6.015	5.960	5.906	5.853	5.798	5.740	5.684	5.628	5.572	5.518	5.464	5.411	5.355	5.298	5.242	5.186	5.131	5.077	5.023	4.971	4.915	4.858	4.802	4.746	4.692	4.638	4.585	4.534	4.477	4.421	4.365	4.310	4.257	4.204	4.152	4.100	4.043	3.988	3.933	3.879	3.827	3.776	3.726	3.670	3.615	3.561	3.508	3.456	3.406	3.358	3.303	3.248	3.195	3.144	3.094	3.046	2.997	2.943	2.891	2.840	2.791	2.745	2.699	2.646	2.596	2.547	2.501	2.457	2.412	2.362	2.314	2.269	2.228	2.188	2.141	2.096	2.055	2.018	1.981	1.939	1.900	1.867	1.838	1.801	1.768	1.742	1.721	1.671	1.628	1.570	1.518	1.477	1.431	1.385	1.349	1.314	1.276	1.246	1.223	1.194	1.171	1.164	1.146	1.144	1.153	1.162	1.177	1.206	1.241	1.282	1.335	1.396	1.461	1.528	1.597	1.668	1.739	1.812	1.885	1.895	1.884	1.878	1.877	1.881	1.889	1.897	1.911	1.930	1.954	1.984	2.019	2.054	2.093	2.136	2.182	2.232	2.285	2.340	2.398	2.458	2.519	2.583	2.647	2.713	2.780	2.848	2.916	2.985	3.055	3.125	3.196	3.202	3.216	3.237	3.264	3.297	3.328	3.364	3.405	3.451	3.499	3.552	3.607	3.660	3.716	3.774	3.835	3.897	3.960	4.025	4.091	
5.051	5.026	5.003	4.981	4.961	4.942	4.925	4.909	4.894	4.881	4.870	4.860	4.851	4.844	4.839	4.836	4.834	4.833	4.764	4.696	4.632	4.570	4.510	4.459	4.418	4.386	4.362	4.350	4.359	4.374	4.402	4.445	4.499	4.560	4.626	4.693	4.762	4.833	4.904	4.977	5.051	5.126	5.132	5.111	5.097	5.088	5.085	5.086	5.094	5.107	5.126	5.151	5.180	5.215	5.254	5.298	5.345	5.395	5.448	5.504	5.562	5.622	5.683	5.747	5.812	5.878	5.945	6.013	6.081	6.150	6.220	6.290	6.361	6.393	6.394	6.397	6.401	6.407	6.415	6.365	6.312	6.256	6.199	6.143	6.087	6.031	5.977	5.923	5.870	5.814	5.757	5.700	5.644	5.589	5.535	5.481	5.428	5.372	5.315	5.259	5.203	5.149	5.095	5.041	4.989	4.933	4.876	4.820	4.765	4.711	4.657	4.605	4.553	4.496	4.440	4.385	4.330	4.277	4.224	4.173	4.120	4.064	4.008	3.954	3.901	3.849	3.798	3.748	3.692	3.637	3.584	3.531	3.480	3.431	3.382	3.327	3.273	3.221	3.170	3.121	3.073	3.023	2.970	2.918	2.868	2.820	2.774	2.728	2.676	2.626	2.578	2.533	2.490	2.444	2.395	2.349	2.305	2.264	2.224	2.178	2.135	2.095	2.059	2.022	1.981	1.944	1.912	1.883	1.847	1.816	1.791	1.767	1.713	1.670	1.615	1.564	1.523	1.480	1.433	1.398	1.365	1.327	1.297	1.274	1.247	1.224	1.217	1.200	1.198	1.206	1.215	1.230	1.259	1.292	1.333	1.386	1.447	1.512	1.579	1.648	1.718	1.789	1.861	1.933	1.949	1.938	1.932	1.930	1.935	1.942	1.950	1.964	1.983	2.007	2.037	2.071	2.105	2.144	2.187	2.233	2.283	2.336	2.391	2.449	2.509	2.570	2.634	2.698	2.764	2.831	2.899	2.967	3.036	3.106	3.176	3.246	3.255	3.268	3.287	3.313	3.345	3.375	3.409	3.449	3.492	3.539	3.590	3.644	3.696	3.750	3.807	3.866	3.927	3.989	4.053	4.119	
5.084	5.060	5.037	5.015	4.995	4.976	4.959	4.943	4.929	4.916	4.904	4.895	4.886	4.880	4.874	4.871	4.869	4.868	4.799	4.732	4.667	4.605	4.545	4.494	4.453	4.421	4.397	4.385	4.394	4.409	4.437	4.480	4.534	4.595	4.661	4.728	4.797	4.868	4.939	5.012	5.086	5.161	5.167	5.146	5.132	5.123	5.120	5.121	5.129	5.142	5.161	5.186	5.216	5.250	5.290	5.333	5.380	5.430	5.483	5.539	5.597	5.657	5.719	5.782	5.847	5.913	5.980	6.048	6.116	6.185	6.255	6.325	6.396	6.428	6.429	6.432	6.436	6.442	6.436	6.382	6.329	6.273	6.216	6.159	6.104	6.049	5.994	5.940	5.887	5.831	5.774	5.718	5.662	5.607	5.553	5.500	5.447	5.390	5.334	5.278	5.222	5.168	5.114	5.061	5.009	4.952	4.896	4.840	4.785	4.731	4.678	4.626	4.574	4.517	4.461	4.406	4.352	4.299	4.247	4.196	4.142	4.086	4.031	3.977	3.924	3.873	3.823	3.772	3.716	3.662	3.609	3.557	3.506	3.457	3.408	3.353	3.300	3.248	3.198	3.149	3.102	3.052	2.999	2.948	2.899	2.852	2.806	2.760	2.709	2.659	2.612	2.568	2.526	2.480	2.432	2.386	2.344	2.304	2.264	2.219	2.177	2.139	2.104	2.066	2.027	1.992	1.961	1.932	1.898	1.868	1.844	1.813	1.759	1.715	1.664	1.613	1.572	1.533	1.486	1.450	1.420	1.383	1.352	1.329	1.304	1.281	1.274	1.257	1.255	1.262	1.272	1.287	1.315	1.347	1.388	1.441	1.502	1.567	1.634	1.701	1.770	1.841	1.912	1.985	2.007	1.995	1.990	1.988	1.992	1.999	2.007	2.020	2.040	2.064	2.094	2.126	2.160	2.199	2.242	2.288	2.338	2.391	2.446	2.504	2.564	2.625	2.688	2.753	2.819	2.886	2.953	3.021	3.089	3.158	3.228	3.298	3.311	3.324	3.342	3.366	3.396	3.425	3.458	3.496	3.538	3.583	3.632	3.684	3.735	3.788	3.844	3.901	3.961	4.022	4.085	4.149	
5.119	5.095	5.072	5.050	5.030	5.012	4.995	4.979	4.965	4.952	4.940	4.931	4.923	4.916	4.911	4.907	4.905	4.905	4.836	4.768	4.703	4.641	4.582	4.530	4.490	4.458	4.434	4.422	4.430	4.445	4.473	4.516	4.570	4.632	4.698	4.764	4.833	4.904	4.976	5.049	5.123	5.197	5.203	5.183	5.168	5.160	5.156	5.158	5.165	5.179	5.198	5.222	5.252	5.287	5.326	5.369	5.416	5.466	5.519	5.575	5.633	5.693	5.755	5.818	5.883	5.950	6.016	6.084	6.152	6.221	6.291	6.362	6.433	6.464	6.465	6.468	6.473	6.479	6.454	6.400	6.347	6.290	6.234	6.178	6.122	6.067	6.013	5.959	5.906	5.849	5.793	5.737	5.681	5.627	5.573	5.519	5.467	5.410	5.353	5.298	5.242	5.188	5.135	5.082	5.030	4.973	4.917	4.861	4.807	4.753	4.700	4.648	4.596	4.539	4.483	4.429	4.375	4.322	4.271	4.220	4.166	4.110	4.056	4.002	3.950	3.899	3.849	3.798	3.742	3.688	3.636	3.584	3.534	3.486	3.436	3.382	3.329	3.278	3.228	3.180	3.134	3.083	3.031	2.981	2.932	2.886	2.841	2.794	2.744	2.696	2.650	2.606	2.565	2.519	2.472	2.427	2.386	2.347	2.307	2.263	2.223	2.185	2.152	2.114	2.076	2.042	2.013	1.984	1.951	1.923	1.900	1.862	1.807	1.764	1.716	1.665	1.624	1.588	1.541	1.506	1.478	1.441	1.411	1.388	1.364	1.341	1.334	1.318	1.316	1.322	1.332	1.347	1.375	1.405	1.446	1.499	1.560	1.624	1.690	1.756	1.825	1.896	1.968	2.040	2.067	2.056	2.050	2.049	2.053	2.059	2.067	2.080	2.100	2.124	2.154	2.184	2.218	2.257	2.300	2.346	2.396	2.449	2.504	2.562	2.622	2.683	2.746	2.811	2.876	2.942	3.009	3.076	3.144	3.213	3.283	3.354	3.371	3.382	3.400	3.423	3.451	3.479	3.510	3.546	3.587	3.631	3.678	3.728	3.778	3.829	3.883	3.939	3.998	4.057	4.119	4.182	
5.155	5.131	5.108	5.087	5.067	5.048	5.031	5.016	5.002	4.989	4.978	4.968	4.960	4.953	4.948	4.945	4.943	4.942	4.873	4.806	4.741	4.679	4.620	4.568	4.527	4.495	4.471	4.459	4.468	4.483	4.511	4.554	4.608	4.669	4.735	4.802	4.871	4.942	5.013	5.086	5.160	5.235	5.241	5.220	5.206	5.197	5.194	5.195	5.203	5.216	5.235	5.260	5.290	5.324	5.364	5.407	5.454	5.504	5.557	5.613	5.671	5.731	5.793	5.856	5.921	5.987	6.054	6.122	6.190	6.259	6.329	6.399	6.470	6.502	6.503	6.506	6.510	6.516	6.473	6.419	6.366	6.309	6.253	6.197	6.141	6.087	6.033	5.979	5.926	5.869	5.813	5.757	5.702	5.647	5.594	5.541	5.488	5.431	5.375	5.319	5.264	5.210	5.157	5.104	5.052	4.995	4.939	4.884	4.830	4.776	4.724	4.672	4.619	4.563	4.508	4.453	4.400	4.347	4.296	4.246	4.191	4.136	4.082	4.029	3.977	3.926	3.877	3.825	3.770	3.717	3.665	3.614	3.564	3.516	3.466	3.413	3.360	3.310	3.261	3.213	3.168	3.117	3.065	3.016	2.968	2.922	2.878	2.831	2.782	2.734	2.689	2.647	2.606	2.560	2.514	2.471	2.431	2.393	2.353	2.310	2.271	2.235	2.202	2.165	2.129	2.096	2.068	2.039	2.008	1.981	1.959	1.913	1.859	1.815	1.772	1.720	1.679	1.646	1.600	1.564	1.536	1.502	1.471	1.449	1.427	1.404	1.397	1.381	1.379	1.385	1.394	1.410	1.438	1.465	1.507	1.560	1.620	1.682	1.748	1.814	1.884	1.954	2.026	2.098	2.131	2.119	2.113	2.112	2.116	2.121	2.129	2.143	2.162	2.187	2.216	2.245	2.279	2.317	2.360	2.407	2.457	2.509	2.565	2.622	2.682	2.744	2.805	2.869	2.934	3.000	3.067	3.134	3.202	3.271	3.341	3.412	3.433	3.444	3.460	3.482	3.509	3.536	3.566	3.600	3.639	3.681	3.726	3.775	3.824	3.874	3.926	3.981	4.037	4.096	4.156	4.218	
5.192	5.168	5.145	5.124	5.105	5.086	5.069	5.054	5.040	5.027	5.016	5.007	4.999	4.992	4.987	4.984	4.982	4.981	4.912	4.844	4.780	4.718	4.658	4.607	4.566	4.534	4.510	4.498	4.507	4.522	4.550	4.593	4.647	4.708	4.774	4.841	4.910	4.981	5.052	5.125	5.199	5.272	5.280	5.259	5.245	5.236	5.233	5.234	5.242	5.255	5.274	5.299	5.328	5.363	5.402	5.446	5.493	5.543	5.596	5.652	5.710	5.770	5.831	5.895	5.960	6.026	6.093	6.161	6.229	6.298	6.368	6.438	6.509	6.541	6.542	6.545	6.549	6.547	6.493	6.440	6.386	6.329	6.273	6.217	6.162	6.107	6.054	6.000	5.947	5.890	5.834	5.778	5.723	5.669	5.616	5.563	5.510	5.453	5.397	5.342	5.287	5.233	5.180	5.128	5.075	5.019	4.963	4.908	4.854	4.801	4.749	4.698	4.644	4.588	4.533	4.479	4.426	4.374	4.323	4.273	4.218	4.164	4.110	4.057	4.006	3.956	3.907	3.854	3.800	3.747	3.696	3.645	3.596	3.549	3.498	3.445	3.394	3.344	3.295	3.249	3.204	3.152	3.102	3.053	3.006	2.961	2.918	2.871	2.822	2.776	2.732	2.690	2.650	2.604	2.559	2.517	2.478	2.441	2.401	2.360	2.322	2.287	2.256	2.219	2.184	2.152	2.125	2.097	2.067	2.042	2.021	1.967	1.913	1.869	1.829	1.777	1.737	1.705	1.660	1.625	1.597	1.565	1.535	1.512	1.491	1.469	1.461	1.446	1.444	1.450	1.459	1.474	1.502	1.528	1.570	1.623	1.681	1.743	1.808	1.875	1.944	2.015	2.086	2.159	2.196	2.184	2.179	2.177	2.182	2.186	2.194	2.208	2.227	2.251	2.279	2.308	2.342	2.380	2.423	2.470	2.520	2.572	2.628	2.685	2.744	2.804	2.866	2.929	2.994	3.060	3.127	3.195	3.263	3.332	3.402	3.472	3.497	3.508	3.523	3.544	3.570	3.595	3.624	3.657	3.694	3.734	3.778	3.825	3.872	3.921	3.972	4.025	4.080	4.137	4.196	4.257	
5.230	5.206	5.184	5.163	5.143	5.125	5.109	5.093	5.079	5.067	5.056	5.046	5.038	5.032	5.027	5.023	5.022	5.021	4.952	4.884	4.820	4.758	4.698	4.647	4.606	4.574	4.550	4.538	4.547	4.562	4.589	4.633	4.687	4.748	4.814	4.881	4.950	5.021	5.092	5.165	5.238	5.311	5.320	5.299	5.285	5.276	5.273	5.274	5.282	5.295	5.314	5.339	5.368	5.403	5.442	5.486	5.533	5.583	5.636	5.692	5.750	5.810	5.871	5.935	6.000	6.066	6.133	6.200	6.269	6.338	6.408	6.478	6.549	6.581	6.582	6.585	6.589	6.568	6.514	6.461	6.407	6.350	6.294	6.239	6.184	6.129	6.076	6.023	5.969	5.912	5.856	5.801	5.746	5.692	5.639	5.586	5.533	5.476	5.421	5.365	5.311	5.258	5.205	5.153	5.099	5.043	4.988	4.934	4.880	4.827	4.775	4.724	4.670	4.615	4.560	4.507	4.454	4.403	4.352	4.302	4.247	4.193	4.140	4.087	4.036	3.987	3.938	3.885	3.832	3.780	3.728	3.679	3.630	3.583	3.532	3.480	3.429	3.380	3.332	3.286	3.241	3.190	3.140	3.093	3.046	3.002	2.960	2.912	2.865	2.819	2.776	2.735	2.696	2.650	2.607	2.566	2.528	2.492	2.452	2.412	2.375	2.342	2.311	2.275	2.241	2.211	2.185	2.157	2.128	2.104	2.074	2.023	1.969	1.926	1.889	1.837	1.796	1.765	1.723	1.688	1.660	1.630	1.600	1.577	1.558	1.535	1.528	1.513	1.512	1.516	1.526	1.541	1.568	1.593	1.635	1.688	1.744	1.805	1.871	1.938	2.007	2.077	2.149	2.222	2.263	2.251	2.246	2.244	2.249	2.252	2.260	2.274	2.293	2.318	2.344	2.373	2.407	2.445	2.488	2.535	2.585	2.637	2.693	2.749	2.807	2.867	2.929	2.992	3.057	3.123	3.190	3.257	3.326	3.395	3.465	3.535	3.564	3.573	3.588	3.608	3.632	3.656	3.684	3.715	3.751	3.790	3.832	3.877	3.923	3.970	4.020	4.071	4.125	4.181	4.239	4.298	
5.269	5.246	5.224	5.203	5.183	5.165	5.149	5.134	5.120	5.108	5.097	5.087	5.079	5.073	5.068	5.065	5.063	5.062	4.993	4.925	4.861	4.799	4.739	4.688	4.647	4.615	4.591	4.579	4.588	4.603	4.631	4.674	4.728	4.789	4.855	4.922	4.991	5.062	5.133	5.206	5.278	5.351	5.361	5.340	5.326	5.317	5.314	5.315	5.323	5.336	5.355	5.380	5.410	5.444	5.483	5.527	5.574	5.624	5.677	5.733	5.791	5.851	5.913	5.976	6.041	6.107	6.174	6.242	6.310	6.379	6.449	6.519	6.590	6.622	6.623	6.626	6.630	6.590	6.536	6.483	6.429	6.372	6.316	6.261	6.206	6.152	6.099	6.046	5.992	5.935	5.880	5.825	5.770	5.716	5.663	5.611	5.557	5.501	5.445	5.391	5.337	5.283	5.231	5.180	5.125	5.070	5.015	4.961	4.907	4.855	4.803	4.753	4.698	4.643	4.589	4.536	4.484	4.433	4.382	4.332	4.277	4.224	4.171	4.119	4.069	4.019	3.971	3.918	3.865	3.814	3.763	3.714	3.666	3.620	3.568	3.517	3.467	3.418	3.371	3.326	3.280	3.230	3.181	3.134	3.089	3.045	3.004	2.956	2.910	2.865	2.823	2.783	2.744	2.699	2.657	2.617	2.579	2.545	2.505	2.466	2.431	2.398	2.369	2.333	2.300	2.271	2.246	2.219	2.191	2.168	2.129	2.081	2.027	1.984	1.950	1.899	1.858	1.826	1.787	1.752	1.724	1.697	1.666	1.644	1.626	1.603	1.596	1.582	1.580	1.584	1.594	1.609	1.634	1.660	1.702	1.754	1.809	1.870	1.935	2.002	2.071	2.142	2.214	2.286	2.332	2.320	2.314	2.313	2.317	2.321	2.328	2.342	2.361	2.386	2.410	2.439	2.473	2.512	2.555	2.601	2.651	2.704	2.758	2.813	2.871	2.931	2.993	3.056	3.121	3.187	3.254	3.322	3.390	3.459	3.529	3.599	3.631	3.641	3.655	3.673	3.697	3.720	3.746	3.776	3.810	3.848	3.888	3.932	3.977	4.022	4.070	4.121	4.173	4.227	4.283	4.341	
5.309	5.286	5.264	5.244	5.225	5.207	5.190	5.175	5.162	5.149	5.139	5.129	5.121	5.115	5.110	5.107	5.105	5.104	5.036	4.968	4.903	4.841	4.782	4.730	4.689	4.657	4.634	4.621	4.630	4.645	4.673	4.716	4.770	4.832	4.897	4.964	5.033	5.104	5.176	5.247	5.319	5.393	5.403	5.382	5.368	5.360	5.356	5.357	5.365	5.379	5.398	5.422	5.452	5.487	5.526	5.569	5.616	5.666	5.719	5.775	5.833	5.893	5.955	6.018	6.083	6.149	6.216	6.284	6.352	6.421	6.491	6.562	6.632	6.664	6.665	6.668	6.667	6.613	6.559	6.507	6.452	6.395	6.340	6.285	6.230	6.176	6.123	6.071	6.016	5.960	5.904	5.849	5.795	5.742	5.689	5.637	5.583	5.527	5.472	5.417	5.363	5.311	5.258	5.207	5.153	5.097	5.043	4.989	4.936	4.884	4.833	4.783	4.728	4.673	4.619	4.567	4.515	4.464	4.414	4.364	4.309	4.256	4.204	4.153	4.103	4.054	4.006	3.953	3.900	3.849	3.799	3.751	3.703	3.658	3.606	3.555	3.506	3.458	3.412	3.367	3.321	3.272	3.224	3.177	3.133	3.090	3.049	3.002	2.956	2.913	2.872	2.833	2.793	2.750	2.708	2.670	2.633	2.600	2.560	2.523	2.488	2.457	2.427	2.393	2.362	2.334	2.310	2.282	2.256	2.230	2.185	2.141	2.087	2.044	2.010	1.962	1.921	1.889	1.854	1.818	1.790	1.765	1.734	1.712	1.696	1.673	1.666	1.652	1.650	1.654	1.663	1.678	1.702	1.728	1.770	1.821	1.875	1.936	2.001	2.068	2.137	2.208	2.280	2.352	2.401	2.390	2.384	2.383	2.387	2.390	2.398	2.412	2.431	2.455	2.478	2.507	2.542	2.580	2.623	2.669	2.719	2.771	2.824	2.879	2.937	2.997	3.059	3.123	3.187	3.253	3.320	3.388	3.456	3.525	3.595	3.665	3.701	3.709	3.723	3.741	3.763	3.785	3.810	3.839	3.871	3.907	3.947	3.989	4.032	4.076	4.123	4.172	4.223	4.276	4.331	4.387	
5.351	5.328	5.306	5.286	5.267	5.249	5.233	5.218	5.204	5.192	5.182	5.172	5.165	5.158	5.153	5.150	5.148	5.148	5.079	5.011	4.946	4.884	4.825	4.773	4.733	4.701	4.677	4.665	4.673	4.688	4.716	4.759	4.813	4.875	4.941	5.007	5.077	5.147	5.218	5.289	5.361	5.435	5.446	5.426	5.411	5.403	5.399	5.401	5.408	5.422	5.441	5.465	5.495	5.530	5.569	5.612	5.659	5.709	5.762	5.818	5.876	5.936	5.998	6.061	6.126	6.193	6.259	6.327	6.395	6.464	6.534	6.605	6.676	6.707	6.708	6.711	6.690	6.637	6.583	6.531	6.476	6.420	6.364	6.309	6.255	6.202	6.149	6.096	6.041	5.985	5.930	5.876	5.822	5.768	5.716	5.664	5.609	5.554	5.499	5.445	5.391	5.339	5.287	5.236	5.181	5.126	5.072	5.019	4.966	4.914	4.864	4.813	4.758	4.704	4.651	4.599	4.547	4.497	4.448	4.396	4.343	4.290	4.238	4.188	4.138	4.090	4.042	3.989	3.937	3.887	3.837	3.789	3.743	3.697	3.645	3.595	3.547	3.500	3.454	3.410	3.364	3.315	3.268	3.223	3.179	3.137	3.096	3.050	3.005	2.963	2.922	2.884	2.845	2.802	2.762	2.724	2.689	2.656	2.617	2.581	2.547	2.517	2.488	2.454	2.424	2.398	2.374	2.347	2.322	2.288	2.244	2.203	2.149	2.106	2.072	2.027	1.986	1.954	1.921	1.886	1.858	1.834	1.804	1.781	1.766	1.743	1.736	1.723	1.721	1.724	1.734	1.749	1.772	1.797	1.839	1.888	1.942	2.003	2.069	2.136	2.205	2.276	2.347	2.420	2.472	2.461	2.455	2.454	2.458	2.460	2.468	2.482	2.501	2.524	2.548	2.577	2.611	2.650	2.692	2.739	2.788	2.838	2.891	2.947	3.005	3.065	3.127	3.190	3.255	3.321	3.388	3.456	3.524	3.593	3.663	3.733	3.771	3.779	3.792	3.809	3.830	3.851	3.875	3.903	3.934	3.969	4.007	4.047	4.090	4.132	4.178	4.225	4.275	4.326	4.380	4.435	
5.393	5.370	5.349	5.329	5.310	5.292	5.276	5.261	5.248	5.236	5.226	5.216	5.209	5.202	5.198	5.194	5.192	5.192	5.123	5.055	4.991	4.928	4.869	4.818	4.777	4.745	4.721	4.709	4.718	4.733	4.760	4.803	4.858	4.919	4.985	5.052	5.121	5.191	5.262	5.333	5.405	5.478	5.490	5.470	5.456	5.447	5.444	5.445	5.453	5.466	5.485	5.510	5.539	5.574	5.613	5.656	5.704	5.754	5.807	5.862	5.920	5.980	6.042	6.106	6.171	6.237	6.304	6.371	6.440	6.509	6.579	6.649	6.719	6.751	6.753	6.755	6.715	6.662	6.609	6.556	6.501	6.445	6.390	6.335	6.281	6.228	6.175	6.123	6.067	6.012	5.957	5.903	5.849	5.796	5.744	5.693	5.637	5.582	5.527	5.474	5.421	5.368	5.317	5.266	5.211	5.156	5.102	5.049	4.997	4.946	4.896	4.845	4.790	4.737	4.684	4.632	4.581	4.531	4.482	4.431	4.378	4.325	4.274	4.224	4.175	4.127	4.079	4.027	3.976	3.926	3.877	3.829	3.783	3.737	3.687	3.637	3.589	3.543	3.498	3.455	3.409	3.361	3.315	3.270	3.227	3.186	3.145	3.099	3.056	3.014	2.975	2.937	2.898	2.857	2.818	2.781	2.747	2.714	2.676	2.641	2.608	2.579	2.550	2.518	2.489	2.463	2.441	2.414	2.390	2.348	2.303	2.266	2.212	2.169	2.135	2.093	2.052	2.020	1.989	1.954	1.926	1.904	1.874	1.851	1.838	1.815	1.808	1.795	1.793	1.796	1.805	1.820	1.842	1.868	1.909	1.957	2.011	2.072	2.138	2.204	2.273	2.344	2.416	2.488	2.544	2.533	2.527	2.525	2.530	2.532	2.540	2.554	2.573	2.594	2.618	2.647	2.681	2.720	2.763	2.809	2.857	2.907	2.960	3.016	3.074	3.134	3.195	3.259	3.324	3.390	3.457	3.524	3.592	3.661	3.731	3.802	3.842	3.850	3.862	3.879	3.899	3.919	3.942	3.969	3.999	4.032	4.069	4.108	4.149	4.190	4.234	4.280	4.328	4.379	4.431	4.485	
